resp_iscorrect,verif_rt,responses,descr_rt,T_verb,P_type,verif_ans,P_sentence,clear_responses,isactive
TRUE,3459,"{""Q0"":""The artist kisses the soldier""}",8052,kiss,AC,n,The pirate kisses the clown.,The artist kisses the soldier,1
TRUE,3742,"{""Q0"":""The nun follows the boxer""}",6814,follow,PC,n,The ballerina is followed by the pirate.,The nun follows the boxer,1
TRUE,2631,"{""Q0"":""The cowboy pushes the swimmer""}",7165,push,AI,y,The chef push the clown.,The cowboy pushes the swimmer,1
TRUE,1446,"{""Q0"":""The boxer pulls the clown""}",8109,pull,PI,n,The waitress is pullen by the pirate. ,The boxer pulls the clown,1
TRUE,1581,"{""Q0"":""The fireman scolds the ballerina""}",9902,scold,AC,n,The waitress scolds the boxer.,The fireman scolds the ballerina,1
TRUE,1973,"{""Q0"":""The cowboy pushes the ballerina""}",7357,push,PI,n,The monk is pushen by the policeman.,The cowboy pushes the ballerina,1
TRUE,1693,"{""Q0"":""The waitress tickles the doctor""}",8470,tickle,AI,n,The soldier tickle the boxer.,The waitress tickles the doctor,1
TRUE,3058,"{""Q0"":""The robber is chased by the pirate""}",11709,chase,PC,y,The monk is chased by the policeman.,The robber is chased by the pirate,0
TRUE,2959,"{""Q0"":""The policeman slaps the swimmer""}",8341,slap,AC,y,The cowboy slaps the professor.,The policeman slaps the swimmer,1
TRUE,1627,"{""Q0"":""The monk follows the soldier""}",9335,follow,PC,y,The ballerina is followed by the pirate. ,The monk follows the soldier,1
TRUE,1908,"{""Q0"":""The policeman chases the swimmer""}",6783,chase,AC,n,The policeman chases the robber.,The policeman chases the swimmer,1
TRUE,1034,"{""Q0"":""The cowboy punches the ballerina""}",6229,punch,PC,n,The policeman is punched by the artist.,The cowboy punches the ballerina,1
TRUE,1909,"{""Q0"":""The monk kisses the boxer""}",8854,kiss,AC,y,The artist kisses the ballerina.,The monk kisses the boxer,1
TRUE,1636,"{""Q0"":""The cowboy slaps the ballerina""}",6533,slap,PC,n,The nurse is slapped by  the policeman.,The cowboy slaps the ballerina,1
FALSE,1195,"{""Q0"":""The pirate pulls the ballerina""}",6710,pull,AI,y,The boxer pull the soldier.,The pirate pulls the ballerina,1
FALSE,2128,"{""Q0"":""The monk is tickled by the waitress""}",8607,tickle,PI,y,The robber is ticklen by the soldier. ,The monk is tickled by the waitress,0
TRUE,1458,"{""Q0"":""The artist punches the monk""}",8613,punch,AC,n,The cowboy punches the nun.,The artist punches the monk,1
TRUE,1951,"{""Q0"":""The cowboy punches the doctor""}",6406,punch,PC,y,The ballerina is punched by the artist.,The cowboy punches the doctor,1
TRUE,1268,"{""Q0"":""The pirate follows the sailor""}",5853,follow,AC,y,The nun follows the doctor.,The pirate follows the sailor,1
FALSE,1349,"{""Q0"":""The sailor touches the clown""}",5671,touch,PI,y,The doctor is touchen by the waitress.,The sailor touches the clown,1
TRUE,1360,"{""Q0"":""The sailor touches the swimmer""}",7452,touch,AI,n,The waitress touch the professor.,The sailor touches the swimmer,1
TRUE,1416,"{""Q0"":""The artist kisses the clown""}",6373,kiss,PC,n,The monk is kissed by the swimmer.,The artist kisses the clown,1
TRUE,5192,"{""Q0"":""The artist punches the clown""}",6157,punch,AC,y,The cowboy punches the swimmer.,The artist punches the clown,1
TRUE,1682,"{""Q0"":""The waitress chases the doctor""}",5380,chase,PC,n,The swimmer is chased by the nun.,The waitress chases the doctor,1
FALSE,2046,"{""Q0"":""The waitress kicks the clown""}",6334,kick,AI,y,The policeman kick the boxer.,The waitress kicks the clown,1
TRUE,1488,"{""Q0"":""The waitress kicks the robber""}",6358,kick,PI,n,The clown is kicken by the nun. ,The waitress kicks the robber,1
TRUE,1387,"{""Q0"":""The policeman slaps the boxer""}",8622,slap,AC,n,The cowboy slaps the ballerina.,The policeman slaps the boxer,1
TRUE,1522,"{""Q0"":""The professor scolds the soldier""}",10350,scold,PC,n,The monk is scolded by the swimmer. ,The professor scolds the soldier,1
TRUE,1576,"{""Q0"":""The policeman chases the robber""}",7381,chase,AC,y,The nun chases the sailor.,The policeman chases the robber,1
TRUE,3709,"{""Q0"":""The nun kisses the ballerina""}",7975,kiss,PC,y,The boxer is kissed by the artist.,The nun kisses the ballerina,1
TRUE,1273,"{""Q0"":""The professor scolds the sailor""}",8166,scold,AC,y,The policeman scolds the doctor.,The professor scolds the sailor,1
TRUE,2176,"{""Q0"":""The boxer is scolded by the policeman""}",8934,scold,PC,y,The doctor is scolded by the professor. ,The boxer is scolded by the policeman,0
TRUE,3512,"{""Q0"":""The pirate follows the doctor""}",6468,follow,AC,n,The nun follows the cowboy.,The pirate follows the doctor,1
FALSE,1639,"{""Q0"":""The chef shoots the swimmer""}",7758,shot,PI,y,The ballerina is shooted by the artist. ,The chef shoots the swimmer,1
TRUE,2115,"{""Q0"":""The chef shoots the boxer""}",5605,shoot,AI,n,The actress shoot the robber. ,The chef shoots the boxer,1
TRUE,1708,"{""Q0"":""The cowboy slaps the soldier""}",6622,slap,PC,y,The clown is slapped by the policeman.,The cowboy slaps the soldier,1