﻿resp_iscorrect,verif_rt,responses,descr_rt,T_verb,P_type,verif_ans,P_sentence,clear_responses,isactive
TRUE,9368,"{""Q0"":""The police chases the bugler.""}",15328,chase,AC,y,The nun chases the sailor.,The police chases the bugler.,1
TRUE,4085,"{""Q0"":""A pirate chases a bugler.""}",14696,chase,PC,y,The monk is chased by the policeman.,A pirate chases a bugler.,1
TRUE,8221,"{""Q0"":""A swimmer was slapped by the policeman.""}",26169,slap,AC,y,The cowboy slaps the professor.,A swimmer was slapped by the policeman.,0
FALSE,20632,"{""Q0"":""The cowboy is seen slapping a ballerina.""}",19067,slap,PC,n,The nurse is slapped by  the policeman.,The cowboy is seen slapping a ballerina.,0
TRUE,5983,"{""Q0"":""The policeman slapped a boxer.""}",13490,slap,AC,n,The cowboy slaps the ballerina.,The policeman slapped a boxer.,1
TRUE,8175,"{""Q0"":""A policeman scold a boxer.""}",18991,scold,PC,y,The doctor is scolded by the professor.,A policeman scold a boxer.,1
TRUE,4558,"{""Q0"":""A swimmer was pushed by a cowboy.""}",22437,push,AI,y,The chef push the clown.,A swimmer was pushed by a cowboy.,0
TRUE,5816,"{""Q0"":""The nun kisses the ballerina.""}",16299,kiss,PC,y,The boxer is kissed by the artist.,The nun kisses the ballerina.,1
TRUE,13511,"{""Q0"":""The chef shot the boxer.""}",17921,shoot,AI,n,The actress shoot the robber.,The chef shot the boxer.,1
TRUE,5021,"{""Q0"":""The cowboy punched the doctor.""}",15887,punch,PC,y,The ballerina is punched by the artist.,The cowboy punched the doctor.,1
TRUE,4831,"{""Q0"":""The policeman chases the swimmer.""}",18793,chase,AC,n,The policeman chases the robber.,The policeman chases the swimmer.,1
TRUE,3392,"{""Q0"":""The sailor was slapped by the cowboy.""}",19315,slap,PC,y,The clown is slapped by the policeman.,The sailor was slapped by the cowboy.,0
FALSE,9799,"{""Q0"":""The sailor touch the swimmer.""}",13318,touch,AI,n,The waitress touch the professor.,The sailor touch the swimmer.,1
TRUE,4023,"{""Q0"":""The cowboy pushed the ballerina.""}",13160,push,PI,n,The monk is pushen by the policeman.,The cowboy pushed the ballerina.,1
TRUE,2068,"{""Q0"":""The monk was punched by the artist.""}",20382,punch,AC,n,The cowboy punches the nun.,The monk was punched by the artist.,0
FALSE,2867,"{""Q0"":""The sailor touched the clown.""}",24329,touch,PI,y,The doctor is touchen by the waitress.,The sailor touched the clown.,1
TRUE,6992,"{""Q0"":""The pirate pulls the ballerina.""}",24493,pull,AI,y,The boxer pull the soldier.,The pirate pulls the ballerina.,1
TRUE,6132,"{""Q0"":""The soldier was followed by the nun.""}",14883,follow,PC,y,The ballerina is followed by the pirate.,The soldier was followed by the nun.,0
TRUE,3325,"{""Q0"":""The artist punched the clown.""}",16060,punch,AC,y,The cowboy punches the swimmer.,The artist punched the clown.,1
FALSE,3911,"{""Q0"":""The swimmer is shot by the cook.""}",19846,shot,PI,y,The ballerina is shooted by the artist.,The swimmer is shot by the cook.,0
TRUE,3070,"{""Q0"":""The waitress tickle the doctor.""}",14880,tickle,AI,n,The soldier tickle the boxer.,The waitress tickle the doctor.,1
TRUE,2480,"{""Q0"":""The professor scold the soldier.""}",24372,scold,PC,n,The monk is scolded by the swimmer.,The professor scold the soldier.,1
TRUE,3937,"{""Q0"":""The artist kiss the solder.""}",20581,kiss,AC,n,The pirate kisses the clown.,The artist kiss the solder.,1
TRUE,2757,"{""Q0"":""The waitress chased the doctor.""}",12404,chase,PC,n,The swimmer is chased by the nun.,The waitress chased the doctor.,1
TRUE,3525,"{""Q0"":""The nun kisses the boxer.""}",18132,kiss,AC,y,The artist kisses the ballerina.,The nun kisses the boxer.,1
TRUE,2862,"{""Q0"":""The boxer pulls the clown.""}",12629,pull,PI,n,The waitress is pullen by the pirate.,The boxer pulls the clown.,1
TRUE,2550,"{""Q0"":""The policeman scolds the ballerina.""}",14828,scold,AC,n,The waitress scolds the boxer.,The policeman scolds the ballerina.,1
TRUE,1933,"{""Q0"":""The robber is kicked by the waitress.""}",13342,kick,PI,n,The clown is kicken by the nun.,The robber is kicked by the waitress.,0
TRUE,1745,"{""Q0"":""The pirate follows the doctor.""}",11511,follow,AC,n,The nun follows the cowboy.,The pirate follows the doctor.,1
TRUE,2574,"{""Q0"":""The artist kisses the clown.""}",13132,kiss,PC,n,The monk is kissed by the swimmer.,The artist kisses the clown.,1
TRUE,3312,"{""Q0"":""The professor scolds the sailor.""}",11426,scold,AC,y,The policeman scolds the doctor.,The professor scolds the sailor.,1
TRUE,1525,"{""Q0"":""The cowboy punched the ballerina.""}",14053,punch,PC,n,The policeman is punched by the artist.,The cowboy punched the ballerina.,1
TRUE,2484,"{""Q0"":""The waitress kicked the clown.""}",10034,kick,AI,y,The policeman kick the boxer.,The waitress kicked the clown.,1
FALSE,2582,"{""Q0"":""The waitress tickle the monk.""}",26137,tickle,PI,y,The robber is ticklen by the soldier.,The waitress tickle the monk.,1
TRUE,2976,"{""Q0"":""The pirate follows the sailor.""}",11490,follow,AC,y,The nun follows the doctor.,The pirate follows the sailor.,1
TRUE,3433,"{""Q0"":""The boxer is followed by the nun.""}",10902,follow,PC,n,The ballerina is followed by the pirate.,The boxer is followed by the nun.,0