resp_iscorrect,verif_rt,responses,descr_rt,T_verb,P_type,verif_ans,P_sentence,clear_responses,isactive
TRUE,9359,"{""Q0"":""The chef shooting the kickboxer""}",21341,shoot,AI,n,The actress shoot the robber. ,The chef shooting the kickboxer,1
FALSE,15616,"{""Q0"":""The kickboxer pulling up an oldman""}",22794,pull,PI,n,The waitress is pullen by the pirate. ,The kickboxer pulling up an oldman,1
FALSE,8372,"{""Q0"":""an artist punches the paster""}",21293,punch,AC,n,The cowboy punches the nun.,an artist punches the paster,1
TRUE,6880,"{""Q0"":""an old man scold the soldier and the standing""}",27740,scold,PC,n,The monk is scolded by the swimmer. ,an old man scold the soldier and the standing,1
TRUE,5263,"{""Q0"":""a policeman slaps the swimmer""}",22684,slap,AC,y,The cowboy slaps the professor.,a policeman slaps the swimmer,1
TRUE,12675,"{""Q0"":""a cow box punched the dancing lady""}",14050,punch,PC,n,The policeman is punched by the artist.,a cow box punched the dancing lady,1
FALSE,7714,"{""Q0"":""a ballerina slaps the kickboxer""}",11589,slap,AC,n,The cowboy slaps the ballerina.,a ballerina slaps the kickboxer,1
TRUE,5093,"{""Q0"":""a thieves chased by the another rowdy""}",27524,chase,PC,y,The monk is chased by the policeman.,a thieves chased by the another rowdy,0
FALSE,13844,"{""Q0"":""a waiter touches the swimmer man""}",16175,touch,AI,n,The waitress touch the professor.,a waiter touches the swimmer man,1
TRUE,8002,"{""Q0"":""a cowboy puches the dancing lady""}",15285,push,PI,n,The monk is pushen by the policeman.,a cowboy puches the dancing lady,1
TRUE,8683,"{""Q0"":""an artist kisses the army man""}",13672,kiss,AC,n,The pirate kisses the clown.,an artist kisses the army man,1
TRUE,6315,"{""Q0"":""a lady tickle the churches father""}",27279,tickle,PI,y,The robber is ticklen by the soldier. ,a lady tickle the churches father,1
TRUE,3319,"{""Q0"":""an artist punches the jocker man""}",13573,punch,AC,y,The cowboy punches the swimmer.,an artist punches the jocker man,1
TRUE,6435,"{""Q0"":""a doctor is chased by the nurse""}",26177,chase,PC,n,The swimmer is chased by the nun.,a doctor is chased by the nurse,0
TRUE,7430,"{""Q0"":""a rowdy follow the police man""}",16085,follow,AC,y,The nun follows the doctor.,a rowdy follow the police man,1
TRUE,3403,"{""Q0"":""an artist lady kisses the jocker""}",19669,kiss,PC,n,The monk is kissed by the swimmer.,an artist lady kisses the jocker,1
TRUE,2887,"{""Q0"":""a cowboy pushes the swimmer""}",15834,push,AI,y,The chef push the clown.,a cowboy pushes the swimmer,1
FALSE,6671,"{""Q0"":""the nun follows the boxer""}",13591,follow,PC,n,The ballerina is followed by the pirate.,the nun follows the boxer,1
TRUE,5238,"{""Q0"":""the nun kisses the boxer""}",9982,kiss,AC,y,The artist kisses the ballerina.,the nun kisses the boxer,1
TRUE,6551,"{""Q0"":""the kickboxer scold by the policeman""}",14173,scold,PC,y,The doctor is scolded by the professor. ,the kickboxer scold by the policeman,0
TRUE,3311,"{""Q0"":""the policeman chases the swimmer""}",9812,chase,AC,n,The policeman chases the robber.,the policeman chases the swimmer,1
TRUE,4391,"{""Q0"":""the policeman touches the clown""}",9493,touch,PI,y,The doctor is touchen by the waitress.,the policeman touches the clown,1
TRUE,23826,"{""Q0"":""a waitress kick the clown""}",14072,kick,AI,y,The policeman kick the boxer.,a waitress kick the clown,1
TRUE,12044,"{""Q0"":""the robber kicked by the lady waiter""}",16173,kick,PI,n,The clown is kicken by the nun. ,the robber kicked by the lady waiter,0
TRUE,4729,"{""Q0"":""the waiterlady tickle the doctor""}",13881,tickle,AI,n,The soldier tickle the boxer.,the waiterlady tickle the doctor,1
TRUE,6660,"{""Q0"":""the nun follow the army man""}",13510,follow,PC,y,The ballerina is followed by the pirate. ,the nun follow the army man,1
TRUE,4268,"{""Q0"":""the rowdy follow the doctor""}",9845,follow,AC,n,The nun follows the cowboy.,the rowdy follow the doctor,1
FALSE,4610,"{""Q0"":""the chef shoot the swimmer""}",11799,shot,PI,y,The ballerina is shooted by the artist. ,the chef shoot the swimmer,1
TRUE,4445,"{""Q0"":""a waiter scold by the professor""}",18081,scold,AC,y,The policeman scolds the doctor.,a waiter scold by the professor,0
TRUE,3539,"{""Q0"":""the  nun kiss the ballerina""}",19029,kiss,PC,y,The boxer is kissed by the artist.,the  nun kiss the ballerina,1
TRUE,5063,"{""Q0"":""the policeman chases the robber""}",11116,chase,AC,y,The nun chases the sailor.,the policeman chases the robber,1
TRUE,2034,"{""Q0"":""the cow boy slaps the sailor""}",11742,slap,PC,y,The clown is slapped by the policeman.,the cow boy slaps the sailor,1
TRUE,2550,"{""Q0"":""the rowdy pull the ballerina""}",12552,pull,AI,y,The boxer pull the soldier.,the rowdy pull the ballerina,1
TRUE,3254,"{""Q0"":""the cowboy punched the doctor""}",13883,punch,PC,y,The ballerina is punched by the artist.,the cowboy punched the doctor,1
TRUE,7432,"{""Q0"":""the ballerina scold by the polieman""}",12110,scold,AC,n,The waitress scolds the boxer.,the ballerina scold by the polieman,0
TRUE,2224,"{""Q0"":""the ballerina slapped by the cowboy""}",15642,slap,PC,n,The nurse is slapped by  the policeman.,the ballerina slapped by the cowboy,0