﻿resp_iscorrect,verif_rt,responses,descr_rt,T_verb,P_type,verif_ans,P_sentence,clear_responses,isactive
TRUE,5513,"{""Q0"":""the soldier kisses an artist.""}",7782,kiss,AC,n,The pirate kisses the clown.,the soldier kisses an artist.,1
TRUE,1994,"{""Q0"":""the waitress kicks a robber.""}",7442,kick,PI,n,The clown is kicken by the nun.,the waitress kicks a robber.,1
TRUE,1820,"{""Q0"":""the policeman slaps a boxer.""}",9684,slap,AC,n,The cowboy slaps the ballerina.,the policeman slaps a boxer.,1
TRUE,2869,"{""Q0"":""the boxer pulls a clown.""}",7117,pull,PI,n,The waitress is pullen by the pirate.,the boxer pulls a clown.,1
TRUE,3236,"{""Q0"":""the policeman slaps a swimmer.""}",11705,slap,AC,y,The cowboy slaps the professor.,the policeman slaps a swimmer.,1
TRUE,3344,"{""Q0"":""the nun kisses a dancer.""}",6258,kiss,PC,y,The boxer is kissed by the artist.,the nun kisses a dancer.,1
TRUE,1449,"{""Q0"":""the artist punches a clown.""}",7132,punch,AC,y,The cowboy punches the swimmer.,the artist punches a clown.,1
TRUE,3229,"{""Q0"":""the cowboy punches a doctor.""}",8206,punch,PC,y,The ballerina is punched by the artist.,the cowboy punches a doctor.,1
TRUE,837,"{""Q0"":""the policeman chases a robber.""}",7079,chase,AC,y,The nun chases the sailor.,the policeman chases a robber.,1
TRUE,2438,"{""Q0"":""the policeman scolds a boxer.""}",7886,scold,PC,y,The doctor is scolded by the professor.,the policeman scolds a boxer.,1
TRUE,1112,"{""Q0"":""the pirate follows a sailor.""}",6622,follow,AC,y,The nun follows the doctor.,the pirate follows a sailor.,1
TRUE,1198,"{""Q0"":""the pirate chases a burglar.""}",7337,chase,PC,y,The monk is chased by the policeman.,the pirate chases a burglar.,1
TRUE,2338,"{""Q0"":""the policeman chases a swimmer.""}",6398,chase,AC,n,The policeman chases the robber.,the policeman chases a swimmer.,1
TRUE,1371,"{""Q0"":""the cowboy slaps a dancer.""}",6043,slap,PC,n,The nurse is slapped by  the policeman.,the cowboy slaps a dancer.,1
TRUE,902,"{""Q0"":""the professor scolds a sailor.""}",6675,scold,AC,y,The policeman scolds the doctor.,the professor scolds a sailor.,1
TRUE,1919,"{""Q0"":""the chef shoots a swimmer.""}",7282,shot,PI,y,The ballerina is shooted by the artist.,the chef shoots a swimmer.,1
TRUE,1685,"{""Q0"":""the waitress kicks a clown.""}",6846,kick,AI,y,The policeman kick the boxer.,the waitress kicks a clown.,1
TRUE,1931,"{""Q0"":""the cowboy punches a dancer.""}",7780,punch,PC,n,The policeman is punched by the artist.,the cowboy punches a dancer.,1
TRUE,6547,"{""Q0"":""the cowboy pushes a swimmer.""}",8814,push,AI,y,The chef push the clown.,the cowboy pushes a swimmer.,1
FALSE,3470,"{""Q0"":""the artist kisses a clown.""}",8502,kiss,PC,n,The monk is kissed by the swimmer.,the artist kisses a clown.,1
TRUE,1806,"{""Q0"":""the sailor touches a swimmer.""}",8735,touch,AI,n,The waitress touch the professor.,the sailor touches a swimmer.,1
TRUE,1857,"{""Q0"":""the cowboy pushes the dancer.""}",6215,push,PI,n,The monk is pushen by the policeman.,the cowboy pushes the dancer.,1
TRUE,7021,"{""Q0"":""the nun kisses the boxer.""}",5978,kiss,AC,y,The artist kisses the ballerina.,the nun kisses the boxer.,1
FALSE,3261,"{""Q0"":""the waitress tickles the priest.""}",10403,tickle,PI,y,The robber is ticklen by the soldier.,the waitress tickles the priest.,1
TRUE,2307,"{""Q0"":""the chef shoots the boxer.""}",6161,shoot,AI,n,The actress shoot the robber.,the chef shoots the boxer.,1
TRUE,3057,"{""Q0"":""the cowboy slaps the sailor.""}",6900,slap,PC,y,The clown is slapped by the policeman.,the cowboy slaps the sailor.,1
TRUE,1247,"{""Q0"":""the pirate pulls the dancer.""}",7197,pull,AI,y,The boxer pull the soldier.,the pirate pulls the dancer.,1
TRUE,7419,"{""Q0"":""the nun follows the boxer.""}",6660,follow,PC,n,The ballerina is followed by the pirate.,the nun follows the boxer.,1
TRUE,1550,"{""Q0"":""the artist punches the monk.""}",8443,punch,AC,n,The cowboy punches the nun.,the artist punches the monk.,1
TRUE,1633,"{""Q0"":""the professor scolds the soldier.""}",7213,scold,PC,n,The monk is scolded by the swimmer.,the professor scolds the soldier.,1
FALSE,11338,"{""Q0"":""the pirate follows the doctor.""}",7116,follow,AC,n,The nun follows the cowboy.,the pirate follows the doctor.,1
TRUE,2446,"{""Q0"":""the waitress chases the doctor.""}",27619,chase,PC,n,The swimmer is chased by the nun.,the waitress chases the doctor.,1
TRUE,8625,"{""Q0"":""the policeman scolds the dancer.""}",10448,scold,AC,n,The waitress scolds the boxer.,the policeman scolds the dancer.,1
TRUE,11543,"{""Q0"":""the nun follows a soldier.""}",8548,follow,PC,y,The ballerina is followed by the pirate.,the nun follows a soldier.,1
TRUE,12687,"{""Q0"":""the waitress tickles a doctor.""}",6757,tickle,AI,n,The soldier tickle the boxer.,the waitress tickles a doctor.,1
FALSE,10651,"{""Q0"":""the sailor touches a clown.""}",6064,touch,PI,y,The doctor is touchen by the waitress.,the sailor touches a clown.,1