﻿resp_iscorrect,verif_rt,responses,descr_rt,T_verb,P_type,verif_ans,P_sentence,clear_responses,isactive
TRUE,10693,"{""Q0"":""The Waitress kicks the Clown.""}",16547,kick,AI,y,The policeman kick the boxer.,The Waitress kicks the Clown.,1
FALSE,5337,"{""Q0"":""The Waitress tickles the Friar.""}",25656,tickle,PI,y,The robber is ticklen by the soldier.,The Waitress tickles the Friar.,1
TRUE,2005,"{""Q0"":""The Professor scolds the Sailor.""}",23259,scold,AC,y,The policeman scolds the doctor.,The Professor scolds the Sailor.,1
TRUE,4972,"{""Q0"":""The Cowboy punches the Ballerina.""}",16732,punch,PC,n,The policeman is punched by the artist.,The Cowboy punches the Ballerina.,1
TRUE,2258,"{""Q0"":""The Police Man chases the swimmer.""}",15234,chase,AC,n,The policeman chases the robber.,The Police Man chases the swimmer.,1
TRUE,2584,"{""Q0"":""The Boxer pulls the Clown.""}",13735,pull,PI,n,The waitress is pullen by the pirate.,The Boxer pulls the Clown.,1
TRUE,1902,"{""Q0"":""The Officer slaps the boxer""}",57693,slap,AC,n,The cowboy slaps the ballerina.,The Officer slaps the boxer,1
TRUE,18568,"{""Q0"":""The Waitress chases the Doctor.""}",26796,chase,PC,n,The swimmer is chased by the nun.,The Waitress chases the Doctor.,1
TRUE,7720,"{""Q0"":""The Officer scolds the Ballerina.""}",13618,scold,AC,n,The waitress scolds the boxer.,The Officer scolds the Ballerina.,1
TRUE,3120,"{""Q0"":""The Pirate chases the Robber.""}",13265,chase,PC,y,The monk is chased by the policeman.,The Pirate chases the Robber.,1
TRUE,3031,"{""Q0"":""The Soldier and The Artist kiss.""}",17422,kiss,AC,n,The pirate kisses the clown.,The Soldier and The Artist kiss.,1
TRUE,4035,"{""Q0"":""The Cowboy pushes the Ballerina.""}",14981,push,PI,n,The monk is pushen by the policeman.,The Cowboy pushes the Ballerina.,1
TRUE,2838,"{""Q0"":""The Office slaps the Swimmer.""}",20057,slap,AC,y,The cowboy slaps the professor.,The Office slaps the Swimmer.,1
TRUE,2372,"{""Q0"":""The Artist kisses The Clown.""}",23808,kiss,PC,n,The monk is kissed by the swimmer.,The Artist kisses The Clown.,1
TRUE,26346,"{""Q0"":""The Cowboy pushes The Swimmer.""}",17492,push,AI,y,The chef push the clown.,The Cowboy pushes The Swimmer.,1
TRUE,2624,"{""Q0"":""The Waitress kicks The Robber.""}",16154,kick,PI,n,The clown is kicken by the nun.,The Waitress kicks The Robber.,1
TRUE,1610,"{""Q0"":""The Sailor touches The Swimmer.""}",14950,touch,AI,n,The waitress touch the professor.,The Sailor touches The Swimmer.,1
TRUE,2429,"{""Q0"":""The Professor scolds The Soildier.""}",15865,scold,PC,n,The monk is scolded by the swimmer.,The Professor scolds The Soildier.,1
TRUE,2158,"{""Q0"":""The Artist punches The Clown.""}",13500,punch,AC,y,The cowboy punches the swimmer.,The Artist punches The Clown.,1
TRUE,3119,"{""Q0"":""The Nun kisses the Ballerina.""}",11868,kiss,PC,y,The boxer is kissed by the artist.,The Nun kisses the Ballerina.,1
TRUE,5559,"{""Q0"":""The Officer chases The Robber.""}",22437,chase,AC,y,The nun chases the sailor.,The Officer chases The Robber.,1
TRUE,3502,"{""Q0"":""The Cook shoots The Swimmer.""}",18305,shot,PI,y,The ballerina is shooted by the artist.,The Cook shoots The Swimmer.,1
TRUE,15141,"{""Q0"":""The Pirate follows The Doctor.""}",20114,follow,AC,n,The nun follows the cowboy.,The Pirate follows The Doctor.,1
TRUE,4470,"{""Q0"":""The Cowboy punches The Doctor.""}",16919,punch,PC,y,The ballerina is punched by the artist.,The Cowboy punches The Doctor.,1
TRUE,1800,"{""Q0"":""The Chef shoots The Boxer.""}",89635,shoot,AI,n,The actress shoot the robber.,The Chef shoots The Boxer.,1
TRUE,32000,"{""Q0"":""The Sailor touches The Clown.""}",12712,touch,PI,y,The doctor is touchen by the waitress.,The Sailor touches The Clown.,1
TRUE,2113,"{""Q0"":""The Pirate pulls The Ballerina.""}",24915,pull,AI,y,The boxer pull the soldier.,The Pirate pulls The Ballerina.,1
TRUE,15248,"{""Q0"":""The Cowboy slaps The Ballerina.""}",17152,slap,PC,n,The nurse is slapped by  the policeman.,The Cowboy slaps The Ballerina.,1
TRUE,40158,"{""Q0"":""The Waitress tickles The Doctor.""}",15639,tickle,AI,n,The soldier tickle the boxer.,The Waitress tickles The Doctor.,1
TRUE,2054,"{""Q0"":""The Nun follows The Soldier.""}",15111,follow,PC,y,The ballerina is followed by the pirate.,The Nun follows The Soldier.,1
TRUE,2414,"{""Q0"":""The Nun kisses The Boxer.""}",10076,kiss,AC,y,The artist kisses the ballerina.,The Nun kisses The Boxer.,1
TRUE,3275,"{""Q0"":""The Sailor is slapped by The Cowboy.""}",16745,slap,PC,y,The clown is slapped by the policeman.,The Sailor is slapped by The Cowboy.,0
TRUE,2182,"{""Q0"":""The Artist punches The Monk.""}",15809,punch,AC,n,The cowboy punches the nun.,The Artist punches The Monk.,1
TRUE,4434,"{""Q0"":""The Officer scolds the Boxer.""}",46678,scold,PC,y,The doctor is scolded by the professor.,The Officer scolds the Boxer.,1
TRUE,4892,"{""Q0"":""The Pirate follows the Sailor.""}",16853,follow,AC,y,The nun follows the doctor.,The Pirate follows the Sailor.,1
TRUE,15244,"{""Q0"":""The Nun follows the Boxer.""}",61961,follow,PC,n,The ballerina is followed by the pirate.,The Nun follows the Boxer.,1