﻿resp_iscorrect,verif_rt,responses,descr_rt,T_verb,P_type,verif_ans,P_sentence,clear_responses,isactive
FALSE,5687,"{""Q0"":""the waitress kicked the clown""}",12039,kick,AI,y,The policeman kick the boxer.,the waitress kicked the clown,1
TRUE,3740,"{""Q0"":""the boxer pulls the clown""}",8613,pull,PI,n,The waitress is pullen by the pirate.,the boxer pulls the clown,1
TRUE,2194,"{""Q0"":""the artist punches the priest""}",18693,punch,AC,n,The cowboy punches the nun.,the artist punches the priest,1
TRUE,4664,"{""Q0"":""the cowboy pushes the ballerina""}",17421,push,PI,n,The monk is pushen by the policeman.,the cowboy pushes the ballerina,1
TRUE,2085,"{""Q0"":""the policeman chases the robber""}",14958,chase,AC,y,The nun chases the sailor.,the policeman chases the robber,1
FALSE,3061,"{""Q0"":""the sailor touches the clown""}",7380,touch,PI,y,The doctor is touchen by the waitress.,the sailor touches the clown,1
TRUE,1527,"{""Q0"":""the policeman scolds the ballerina""}",7211,scold,AC,n,The waitress scolds the boxer.,the policeman scolds the ballerina,1
TRUE,4166,"{""Q0"":""the nun follows the soldier""}",10753,follow,PC,y,The ballerina is followed by the pirate.,the nun follows the soldier,1
TRUE,3059,"{""Q0"":""the waitress tickled the doctor""}",22454,tickle,AI,n,The soldier tickle the boxer.,the waitress tickled the doctor,1
TRUE,2367,"{""Q0"":""the pirate chases the robber""}",10968,chase,PC,y,The monk is chased by the policeman.,the pirate chases the robber,1
TRUE,1943,"{""Q0"":""the teacher scolds the sailor""}",6796,scold,AC,y,The policeman scolds the doctor.,the teacher scolds the sailor,1
TRUE,1771,"{""Q0"":""the nun kisses the ballerina""}",7011,kiss,PC,y,The boxer is kissed by the artist.,the nun kisses the ballerina,1
TRUE,18052,"{""Q0"":""the policeman chases the swimmer""}",9463,chase,AC,n,The policeman chases the robber.,the policeman chases the swimmer,1
TRUE,4038,"{""Q0"":""the cowboy slaps the sailor""}",11187,slap,PC,y,The clown is slapped by the policeman.,the cowboy slaps the sailor,1
TRUE,2428,"{""Q0"":""the nun kisses the boxer""}",6682,kiss,AC,y,The artist kisses the ballerina.,the nun kisses the boxer,1
TRUE,1715,"{""Q0"":""the cowboy punches the doctor""}",12756,punch,PC,y,The ballerina is punched by the artist.,the cowboy punches the doctor,1
TRUE,2525,"{""Q0"":""the pirate follows the doctor""}",8619,follow,AC,n,The nun follows the cowboy.,the pirate follows the doctor,1
TRUE,2808,"{""Q0"":""the policeman scolds the boxer""}",11000,scold,PC,y,The doctor is scolded by the professor.,the policeman scolds the boxer,1
TRUE,7050,"{""Q0"":""the artist punches the clown""}",10988,punch,AC,y,The cowboy punches the swimmer.,the artist punches the clown,1
TRUE,1638,"{""Q0"":""the cowboy punches the ballerina""}",9284,punch,PC,n,The policeman is punched by the artist.,the cowboy punches the ballerina,1
FALSE,34645,"{""Q0"":""the cowboy pushes the swimmer""}",10342,push,AI,y,The chef push the clown.,the cowboy pushes the swimmer,1
TRUE,2513,"{""Q0"":""the waitress chases the doctor""}",8798,chase,PC,n,The swimmer is chased by the nun.,the waitress chases the doctor,1
TRUE,6969,"{""Q0"":""the chef shoots the boxer""}",7710,shoot,AI,n,The actress shoot the robber.,the chef shoots the boxer,1
TRUE,2439,"{""Q0"":""the nun follows the boxer""}",9358,follow,PC,n,The ballerina is followed by the pirate.,the nun follows the boxer,1
FALSE,2273,"{""Q0"":""the pirate pulls the ballerina""}",7500,pull,AI,y,The boxer pull the soldier.,the pirate pulls the ballerina,1
TRUE,7549,"{""Q0"":""the cowboy slaps the ballerina""}",9937,slap,PC,n,The nurse is slapped by  the policeman.,the cowboy slaps the ballerina,1
TRUE,2992,"{""Q0"":""the pirate follows the sailor""}",10634,follow,AC,y,The nun follows the doctor.,the pirate follows the sailor,1
TRUE,1690,"{""Q0"":""the artist kisses the clown""}",7837,kiss,PC,n,The monk is kissed by the swimmer.,the artist kisses the clown,1
TRUE,3521,"{""Q0"":""the policeman slaps the swimmer""}",7945,slap,AC,y,The cowboy slaps the professor.,the policeman slaps the swimmer,1
FALSE,3340,"{""Q0"":""the teacher scolds the soldier""}",9439,scold,PC,n,The monk is scolded by the swimmer.,the teacher scolds the soldier,1
TRUE,1639,"{""Q0"":""the policeman slaps the boxer""}",14737,slap,AC,n,The cowboy slaps the ballerina.,the policeman slaps the boxer,1
TRUE,6899,"{""Q0"":""the waitress kicks the robber""}",11086,kick,PI,n,The clown is kicken by the nun.,the waitress kicks the robber,1
TRUE,2050,"{""Q0"":""the artist kisses the soldier""}",7474,kiss,AC,n,The pirate kisses the clown.,the artist kisses the soldier,1
TRUE,14394,"{""Q0"":""the waitress tickles the priest""}",10851,tickle,PI,y,The robber is ticklen by the soldier.,the waitress tickles the priest,1
TRUE,1958,"{""Q0"":""the soldier touches swimmer""}",20244,touch,AI,n,The waitress touch the professor.,the soldier touches swimmer,1
FALSE,3200,"{""Q0"":""the chef shoots the swimmer""}",13476,shot,PI,y,The ballerina is shooted by the artist.,the chef shoots the swimmer,1