resp_iscorrect,verif_rt,responses,descr_rt,T_verb,P_type,verif_ans,P_sentence,clear_responses,isactive
TRUE,6139,"{""Q0"":""The Policeman is push  by the thief.""}",42678,push,AI,y,The chef push the clown.,The Policeman is push  by the thief.,0
TRUE,630163,"{""Q0"":""The cowboy punched the doctor""}",10781,punch,PC,y,The ballerina is punched by the artist.,The cowboy punched the doctor,1
TRUE,2305,"{""Q0"":""The sailor is followed by the robber""}",12863,follow,AC,y,The nun follows the doctor.,The sailor is followed by the robber,0
TRUE,2734,"{""Q0"":""The sailor is slapped by the cowboy""}",12943,slap,PC,y,The clown is slapped by the policeman.,The sailor is slapped by the cowboy,0
TRUE,2793,"{""Q0"":""the artist kisses the soldier""}",12047,kiss,AC,n,The pirate kisses the clown.,the artist kisses the soldier,1
TRUE,1574,"{""Q0"":""The thief is chased by the pirate""}",14512,chase,PC,y,The monk is chased by the policeman.,The thief is chased by the pirate,0
FALSE,3261,"{""Q0"":""The sailor touched the swimmer""}",10968,touch,AI,n,The waitress touch the professor.,The sailor touched the swimmer,1
TRUE,2851,"{""Q0"":""The doctor is chased by the waitress""}",11455,chase,PC,n,The swimmer is chased by the nun.,The doctor is chased by the waitress,0
TRUE,1700,"{""Q0"":""The professor scolds the sailor""}",9855,scold,AC,y,The policeman scolds the doctor.,The professor scolds the sailor,1
TRUE,2057,"{""Q0"":""The nun is kissing the ballerina""}",10662,kiss,PC,y,The boxer is kissed by the artist.,The nun is kissing the ballerina,1
TRUE,1456,"{""Q0"":""The boxer kissed by the nun""}",15745,kiss,AC,y,The artist kisses the ballerina.,The boxer kissed by the nun,0
TRUE,2848,"{""Q0"":""the waitress kicked the theif""}",12950,kick,PI,n,The clown is kicken by the nun. ,the waitress kicked the theif,1
TRUE,1722,"{""Q0"":""The thief is chases by the policeman""}",22447,chase,AC,y,The nun chases the sailor.,The thief is chases by the policeman,0
TRUE,2341,"{""Q0"":""The cowboy slaps the ballerina""}",13102,slap,PC,n,The nurse is slapped by  the policeman.,The cowboy slaps the ballerina,1
TRUE,1603,"{""Q0"":""The clown kicked by the waitress""}",15137,kick,AI,y,The policeman kick the boxer.,The clown kicked by the waitress,0
TRUE,2915,"{""Q0"":""The sailor touches the clown""}",10531,touch,PI,y,The doctor is touchen by the waitress.,The sailor touches the clown,1
TRUE,1456,"{""Q0"":""The ballerina is pulled by the pirate""}",12361,pull,AI,y,The boxer pull the soldier.,The ballerina is pulled by the pirate,0
TRUE,1845,"{""Q0"":""The artist kisses the clown""}",14397,kiss,PC,n,The monk is kissed by the swimmer.,The artist kisses the clown,1
TRUE,10551,"{""Q0"":""The doctor followed by the pirate""}",10872,follow,AC,n,The nun follows the cowboy.,The doctor followed by the pirate,0
TRUE,5337,"{""Q0"":""The cowboy pulls the ballerina""}",9240,push,PI,n,The monk is pushen by the policeman.,The cowboy pulls the ballerina,1
TRUE,4805,"{""Q0"":""the artist punches the clown""}",13336,punch,AC,y,The cowboy punches the swimmer.,the artist punches the clown,1
TRUE,1997,"{""Q0"":""The soldier scolded by the professor""}",14321,scold,PC,n,The monk is scolded by the swimmer. ,The soldier scolded by the professor,0
TRUE,7015,"{""Q0"":""The swimmer chased by the policeman""}",11363,chase,AC,n,The policeman chases the robber.,The swimmer chased by the policeman,0
TRUE,2835,"{""Q0"":""The policeman scolds the boxer""}",11831,scold,PC,y,The doctor is scolded by the professor. ,The policeman scolds the boxer,1
TRUE,2292,"{""Q0"":""The artist punches the monk""}",15483,punch,AC,n,The cowboy punches the nun.,The artist punches the monk,1
TRUE,3469,"{""Q0"":""The swimmer is shootted by the chef""}",24683,shot,PI,y,The ballerina is shooted by the artist. ,The swimmer is shootted by the chef,0
TRUE,1785,"{""Q0"":""The policeman scolds the ballerina""}",14273,scold,AC,n,The waitress scolds the boxer.,The policeman scolds the ballerina,1
TRUE,1934,"{""Q0"":""The waitress tickle the monk""}",12353,tickle,PI,y,The robber is ticklen by the soldier. ,The waitress tickle the monk,1
FALSE,10941,"{""Q0"":""The chef shoots the boxer""}",9601,shoot,AI,n,The actress shoot the robber. ,The chef shoots the boxer,1
TRUE,14706,"{""Q0"":""The policeman followed by the nun.""}",29072,follow,PC,y,The ballerina is followed by the pirate. ,The policeman followed by the nun.,0
FALSE,4956,"{""Q0"":""the waitress tickle the doctor.""}",25167,tickle,AI,n,The soldier tickle the boxer.,the waitress tickle the doctor.,1
FALSE,5513,"{""Q0"":""The cowboy punched the ballerina.""}",26695,punch,PC,n,The policeman is punched by the artist.,The cowboy punched the ballerina.,1
TRUE,253,"{""Q0"":""The policeman slaped the girl.""}",21144,slap,AC,y,The cowboy slaps the professor.,The policeman slaped the girl.,1
FALSE,3595,"{""Q0"":""The boxer followed the pirate.""}",26756,follow,PC,n,The ballerina is followed by the pirate.,The boxer followed the pirate.,1
FALSE,5061,"{""Q0"":""The policeman slap the boxer.""}",24382,slap,AC,n,The cowboy slaps the ballerina.,The policeman slap the boxer.,1
FALSE,18262,"{""Q0"":""The doctor is pullen the boxer.""}",40717,pull,PI,n,The waitress is pullen by the pirate. ,The doctor is pullen the boxer.,0