resp_iscorrect,verif_rt,responses,descr_rt,T_verb,P_type,verif_ans,P_sentence,clear_responses,isactive
FALSE,4542,"{""Q0"":""The waitress tickles the doctor.""}",18634,tickle,AI,n,The soldier tickle the boxer.,The waitress tickles the doctor.,1
TRUE,8734,"{""Q0"":""The ballerina is slapped by the cowboy.""}",36509,slap,PC,n,The nurse is slapped by  the policeman.,The ballerina is slapped by the cowboy.,0
TRUE,6237,"{""Q0"":""The policeman chases the prisoner.""}",44821,chase,AC,y,The nun chases the sailor.,The policeman chases the prisoner.,1
TRUE,4295,"{""Q0"":""The sailor is slapped by the cowboy.""}",17741,slap,PC,y,The clown is slapped by the policeman.,The sailor is slapped by the cowboy.,0
TRUE,5101,"{""Q0"":""The cowboy pushes the swimmer.""}",22468,push,AI,y,The chef push the clown.,The cowboy pushes the swimmer.,1
TRUE,6142,"{""Q0"":""The nun is following the boxer.""}",20395,follow,PC,n,The ballerina is followed by the pirate.,The nun is following the boxer.,1
TRUE,4960,"{""Q0"":""The policeman slaps the swimmer.""}",21843,slap,AC,y,The cowboy slaps the professor.,The policeman slaps the swimmer.,1
TRUE,5000,"{""Q0"":""The cowboy punches the ballerina.""}",29027,punch,PC,n,The policeman is punched by the artist.,The cowboy punches the ballerina.,1
TRUE,3771,"{""Q0"":""The artist punches the clown.""}",14084,punch,AC,y,The cowboy punches the swimmer.,The artist punches the clown.,1
TRUE,4852,"{""Q0"":""The clown is kissed by the artist.""}",12145,kiss,PC,n,The monk is kissed by the swimmer.,The clown is kissed by the artist.,0
TRUE,3793,"{""Q0"":""The pirate follows the doctor.""}",11836,follow,AC,n,The nun follows the cowboy.,The pirate follows the doctor.,1
TRUE,3089,"{""Q0"":""The ballerina is kissed by the nun.""}",19187,kiss,PC,y,The boxer is kissed by the artist.,The ballerina is kissed by the nun.,0
TRUE,7054,"{""Q0"":""The ballerina is pulled by the pirate.""}",14835,pull,AI,y,The boxer pull the soldier.,The ballerina is pulled by the pirate.,0
TRUE,4185,"{""Q0"":""The boxer is scolded by the policeman.""}",14477,scold,PC,y,The doctor is scolded by the professor. ,The boxer is scolded by the policeman.,0
TRUE,3176,"{""Q0"":""The swimmer is touched by the sailor.""}",11995,touch,AI,n,The waitress touch the professor.,The swimmer is touched by the sailor.,0
TRUE,5047,"{""Q0"":""The clown is touched by the sailor.""}",12051,touch,PI,y,The doctor is touchen by the waitress.,The clown is touched by the sailor.,0
TRUE,4012,"{""Q0"":""The policeman scolds the ballerina.""}",13203,scold,AC,n,The waitress scolds the boxer.,The policeman scolds the ballerina.,1
TRUE,3628,"{""Q0"":""The clown is pulled by the boxer.""}",13340,pull,PI,n,The waitress is pullen by the pirate. ,The clown is pulled by the boxer.,0
TRUE,8584,"{""Q0"":""The policeman chases the swimmer.""}",12636,chase,AC,n,The policeman chases the robber.,The policeman chases the swimmer.,1
TRUE,2787,"{""Q0"":""The waitress kicks the robber.""}",10708,kick,PI,n,The clown is kicken by the nun. ,The waitress kicks the robber.,1
TRUE,1697,"{""Q0"":""The artist kisses the soldier.""}",16386,kiss,AC,n,The pirate kisses the clown.,The artist kisses the soldier.,1
TRUE,2377,"{""Q0"":""The cowboy pushes the ballerina.""}",19364,push,PI,n,The monk is pushen by the policeman.,The cowboy pushes the ballerina.,1
TRUE,9135,"{""Q0"":""The chef shoots the boxer.""}",38237,shoot,AI,n,The actress shoot the robber. ,The chef shoots the boxer.,1
TRUE,10266,"{""Q0"":""The soldier is followed by the nun.""}",11844,follow,PC,y,The ballerina is followed by the pirate. ,The soldier is followed by the nun.,0
TRUE,4080,"{""Q0"":""The sailor is followed by the pirate.""}",11934,follow,AC,y,The nun follows the doctor.,The sailor is followed by the pirate.,0
TRUE,2842,"{""Q0"":""The waitress chases the doctor.""}",15445,chase,PC,n,The swimmer is chased by the nun.,The waitress chases the doctor.,1
TRUE,2706,"{""Q0"":""The professor scolds the sailor.""}",21961,scold,AC,y,The policeman scolds the doctor.,The professor scolds the sailor.,1
TRUE,8032,"{""Q0"":""The monk is tickled by the waitress.""}",18517,tickle,PI,y,The robber is ticklen by the soldier. ,The monk is tickled by the waitress.,0
TRUE,2220,"{""Q0"":""The nun kisses the boxer.""}",9132,kiss,AC,y,The artist kisses the ballerina.,The nun kisses the boxer.,1
TRUE,2821,"{""Q0"":""The robber is chased by the pirate.""}",12397,chase,PC,y,The monk is chased by the policeman.,The robber is chased by the pirate.,0
TRUE,2461,"{""Q0"":""The policeman slaps the boxer.""}",10316,slap,AC,n,The cowboy slaps the ballerina.,The policeman slaps the boxer.,1
TRUE,2957,"{""Q0"":""The swimmer is shot by the chef.""}",61173,shot,PI,y,The ballerina is shooted by the artist. ,The swimmer is shot by the chef.,0
TRUE,2300,"{""Q0"":""The artist punches the monk.""}",11276,punch,AC,n,The cowboy punches the nun.,The artist punches the monk.,1
TRUE,1813,"{""Q0"":""The doctor is punched by the cowboy.""}",10933,punch,PC,y,The ballerina is punched by the artist.,The doctor is punched by the cowboy.,0
TRUE,2536,"{""Q0"":""The clown is kicked by the waitress.""}",17092,kick,AI,y,The policeman kick the boxer.,The clown is kicked by the waitress.,0
TRUE,2013,"{""Q0"":""The professor scolds the soldier.""}",13261,scold,PC,n,The monk is scolded by the swimmer. ,The professor scolds the soldier.,1