﻿resp_iscorrect,verif_rt,responses,descr_rt,T_verb,P_type,verif_ans,P_sentence,clear_responses,isactive
TRUE,2610,"{""Q0"":""The nun kisses a boxer.""}",8701,kiss,AC,y,The artist kisses the ballerina.,The nun kisses a boxer.,1
TRUE,2802,"{""Q0"":""The nun follows the soldier.""}",8564,follow,PC,y,The ballerina is followed by the pirate.,The nun follows the soldier.,1
TRUE,2950,"{""Q0"":""The policeman slaps the boxer.""}",9815,slap,AC,n,The cowboy slaps the ballerina.,The policeman slaps the boxer.,1
TRUE,2465,"{""Q0"":""The professor scolds the soldier.""}",14426,scold,PC,n,The monk is scolded by the swimmer.,The professor scolds the soldier.,1
TRUE,1679,"{""Q0"":""The pirate follows the sailor.""}",7509,follow,AC,y,The nun follows the doctor.,The pirate follows the sailor.,1
TRUE,2746,"{""Q0"":""The artist kisses the clown.""}",9729,kiss,PC,n,The monk is kissed by the swimmer.,The artist kisses the clown.,1
TRUE,1856,"{""Q0"":""The policeman scolds the ballerina.""}",12317,scold,AC,n,The waitress scolds the boxer.,The policeman scolds the ballerina.,1
TRUE,1630,"{""Q0"":""The boxer pulls the clown.""}",9283,pull,PI,n,The waitress is pullen by the pirate.,The boxer pulls the clown.,1
TRUE,1766,"{""Q0"":""The pirate follows the doctor.""}",6498,follow,AC,n,The nun follows the cowboy.,The pirate follows the doctor.,1
TRUE,1855,"{""Q0"":""The waitress kicks the burglar.""}",13374,kick,PI,n,The clown is kicken by the nun.,The waitress kicks the burglar.,1
TRUE,1604,"{""Q0"":""The artist punches the clown.""}",8714,punch,AC,y,The cowboy punches the swimmer.,The artist punches the clown.,1
TRUE,2278,"{""Q0"":""The waitress chases the doctor.""}",7413,chase,PC,n,The swimmer is chased by the nun.,The waitress chases the doctor.,1
TRUE,2369,"{""Q0"":""The professor scolds the sailor.""}",9056,scold,AC,y,The policeman scolds the doctor.,The professor scolds the sailor.,1
TRUE,2409,"{""Q0"":""The cowboy slaps the sailor.""}",8266,slap,PC,y,The clown is slapped by the policeman.,The cowboy slaps the sailor.,1
TRUE,2970,"{""Q0"":""The waitress tickles the doctor.""}",8515,tickle,AI,n,The soldier tickle the boxer.,The waitress tickles the doctor.,1
TRUE,1964,"{""Q0"":""The nun kisses the ballerina.""}",8815,kiss,PC,y,The boxer is kissed by the artist.,The nun kisses the ballerina.,1
TRUE,2374,"{""Q0"":""The policeman slaps the swimmer.""}",8630,slap,AC,y,The cowboy slaps the professor.,The policeman slaps the swimmer.,1
TRUE,2355,"{""Q0"":""The waitress tickles the monk.""}",7516,tickle,PI,y,The robber is ticklen by the soldier.,The waitress tickles the monk.,1
TRUE,1988,"{""Q0"":""The artist kisses the soldier.""}",7185,kiss,AC,n,The pirate kisses the clown.,The artist kisses the soldier.,1
TRUE,1973,"{""Q0"":""The cowboy pushes the ballerina.""}",12390,push,PI,n,The monk is pushen by the policeman.,The cowboy pushes the ballerina.,1
TRUE,1455,"{""Q0"":""The pirate pulls the ballerina.""}",12643,pull,AI,y,The boxer pull the soldier.,The pirate pulls the ballerina.,1
TRUE,3351,"{""Q0"":""The policeman scolds the boxer.""}",6453,scold,PC,y,The doctor is scolded by the professor.,The policeman scolds the boxer.,1
TRUE,1522,"{""Q0"":""The chef shoots the boxer.""}",8594,shoot,AI,n,The actress shoot the robber.,The chef shoots the boxer.,1
FALSE,6891,"{""Q0"":""The sailor touches the clown.""}",8060,touch,PI,y,The doctor is touchen by the waitress.,The sailor touches the clown.,1
TRUE,1447,"{""Q0"":""The policeman chases the burglar.""}",7701,chase,AC,y,The nun chases the sailor.,The policeman chases the burglar.,1
FALSE,5833,"{""Q0"":""The chef shoots the swimmer.""}",9003,shot,PI,y,The ballerina is shooted by the artist.,The chef shoots the swimmer.,1
TRUE,1953,"{""Q0"":""The policeman chases the swimmer.""}",8013,chase,AC,n,The policeman chases the robber.,The policeman chases the swimmer.,1
TRUE,2195,"{""Q0"":""The pirate chases the burglar.""}",7135,chase,PC,y,The monk is chased by the policeman.,The pirate chases the burglar.,1
TRUE,1999,"{""Q0"":""The waitress kicks the clown.""}",7828,kick,AI,y,The policeman kick the boxer.,The waitress kicks the clown.,1
TRUE,1364,"{""Q0"":""The nun follows the boxer.S""}",5646,follow,PC,n,The ballerina is followed by the pirate.,The nun follows the boxer.S,1
TRUE,2167,"{""Q0"":""The artist punches the monk.""}",8444,punch,AC,n,The cowboy punches the nun.,The artist punches the monk.,1
TRUE,1384,"{""Q0"":""The cowboy slaps the ballerina.""}",8187,slap,PC,n,The nurse is slapped by  the policeman.,The cowboy slaps the ballerina.,1
TRUE,2696,"{""Q0"":""The cowboy pushes the swimmer.""}",8488,push,AI,y,The chef push the clown.,The cowboy pushes the swimmer.,1
TRUE,1331,"{""Q0"":""The cowboy punches the ballerina.""}",10558,punch,PC,n,The policeman is punched by the artist.,The cowboy punches the ballerina.,1
TRUE,1586,"{""Q0"":""The sailor touches the swimmer.""}",10478,touch,AI,n,The waitress touch the professor.,The sailor touches the swimmer.,1
TRUE,2038,"{""Q0"":""The cowboy punches the doctor.""}",7915,punch,PC,y,The ballerina is punched by the artist.,The cowboy punches the doctor.,1