﻿resp_iscorrect,verif_rt,responses,descr_rt,T_verb,P_type,verif_ans,P_sentence,clear_responses,isactive
TRUE,6445,"{""Q0"":""the policeman is chasing the swimmer""}",20139,chase,AC,n,The policeman chases the robber.,the policeman is chasing the swimmer,1
TRUE,3939,"{""Q0"":""the boxer is being scolded""}",12124,scold,PC,y,The doctor is scolded by the professor.,the boxer is being scolded,0
TRUE,4554,"{""Q0"":""the sailor touches the swimmer""}",17881,touch,AI,n,The waitress touch the professor.,the sailor touches the swimmer,1
TRUE,5760,"{""Q0"":""the cowboy pushes the ballerina""}",17280,push,PI,n,The monk is pushen by the policeman.,the cowboy pushes the ballerina,1
TRUE,4597,"{""Q0"":""the waitress tickles the doctor""}",14732,tickle,AI,n,The soldier tickle the boxer.,the waitress tickles the doctor,1
TRUE,4661,"{""Q0"":""the clown is pulled by the boxer""}",16258,pull,PI,n,The waitress is pullen by the pirate.,the clown is pulled by the boxer,0
TRUE,2568,"{""Q0"":""the boxer was slapped""}",13153,slap,AC,n,The cowboy slaps the ballerina.,the boxer was slapped,0
TRUE,3810,"{""Q0"":""the priest and the ballerina kiss""}",26329,kiss,PC,y,The boxer is kissed by the artist.,the priest and the ballerina kiss,1
TRUE,6756,"{""Q0"":""the policeman chases the robber""}",11396,chase,AC,y,The nun chases the sailor.,the policeman chases the robber,1
TRUE,2512,"{""Q0"":""the ballerina is punched by the cowboy""}",13387,punch,PC,n,The policeman is punched by the artist.,the ballerina is punched by the cowboy,0
TRUE,2850,"{""Q0"":""the sailor is scolded by the professor""}",11910,scold,AC,y,The policeman scolds the doctor.,the sailor is scolded by the professor,0
TRUE,2026,"{""Q0"":""the doctor is chased by the waitress""}",10797,chase,PC,n,The swimmer is chased by the nun.,the doctor is chased by the waitress,0
TRUE,2456,"{""Q0"":""the sailor is followed by the pirate""}",17043,follow,AC,y,The nun follows the doctor.,the sailor is followed by the pirate,0
TRUE,2850,"{""Q0"":""the cowboy slapped the ballerina""}",12012,slap,PC,n,The nurse is slapped by  the policeman.,the cowboy slapped the ballerina,1
TRUE,2043,"{""Q0"":""the policeman scolds the ballerina""}",9201,scold,AC,n,The waitress scolds the boxer.,the policeman scolds the ballerina,1
TRUE,1815,"{""Q0"":""the sailor is slapped by the cowboy""}",11483,slap,PC,y,The clown is slapped by the policeman.,the sailor is slapped by the cowboy,0
TRUE,2823,"{""Q0"":""the policeman slaps the swimmer""}",11650,slap,AC,y,The cowboy slaps the professor.,the policeman slaps the swimmer,1
TRUE,9280,"{""Q0"":""the swimmer is shot by the cook""}",10771,shot,PI,y,The ballerina is shooted by the artist.,the swimmer is shot by the cook,0
TRUE,3344,"{""Q0"":""the waitress kicks the clown""}",13530,kick,AI,y,The policeman kick the boxer.,the waitress kicks the clown,1
FALSE,2639,"{""Q0"":""the clown is touched by the sailor""}",11203,touch,PI,y,The doctor is touchen by the waitress.,the clown is touched by the sailor,0
TRUE,3397,"{""Q0"":""the pirate pulls the ballerina""}",12292,pull,AI,y,The boxer pull the soldier.,the pirate pulls the ballerina,1
FALSE,3538,"{""Q0"":""the waitress tickles the monk""}",14739,tickle,PI,y,The robber is ticklen by the soldier.,the waitress tickles the monk,1
TRUE,2677,"{""Q0"":""the nun kisses the boxer""}",7971,kiss,AC,y,The artist kisses the ballerina.,the nun kisses the boxer,1
TRUE,1650,"{""Q0"":""the boxer is followed by the nun""}",9916,follow,PC,n,The ballerina is followed by the pirate.,the boxer is followed by the nun,0
TRUE,5538,"{""Q0"":""the cook shoots the boxer""}",9095,shoot,AI,n,The actress shoot the robber.,the cook shoots the boxer,1
TRUE,2312,"{""Q0"":""the soldier is followed by the nun""}",7723,follow,PC,y,The ballerina is followed by the pirate.,the soldier is followed by the nun,0
TRUE,1980,"{""Q0"":""the artist punches the clown""}",10134,punch,AC,y,The cowboy punches the swimmer.,the artist punches the clown,1
TRUE,3974,"{""Q0"":""the cowboy punches the doctor""}",13390,punch,PC,y,The ballerina is punched by the artist.,the cowboy punches the doctor,1
TRUE,3631,"{""Q0"":""the cowboy pushes the swimmer""}",9812,push,AI,y,The chef push the clown.,the cowboy pushes the swimmer,1
TRUE,1923,"{""Q0"":""the robber is chased by the pirate""}",8876,chase,PC,y,The monk is chased by the policeman.,the robber is chased by the pirate,0
TRUE,2527,"{""Q0"":""the pirate follows the doctor""}",11418,follow,AC,n,The nun follows the cowboy.,the pirate follows the doctor,1
TRUE,2148,"{""Q0"":""the waitress kicks the robber""}",10068,kick,PI,n,The clown is kicken by the nun.,the waitress kicks the robber,1
TRUE,2796,"{""Q0"":""the artist punches the monk""}",8154,punch,AC,n,The cowboy punches the nun.,the artist punches the monk,1
TRUE,2383,"{""Q0"":""the soldier is scolded by the professor""}",11010,scold,PC,n,The monk is scolded by the swimmer.,the soldier is scolded by the professor,0
TRUE,2054,"{""Q0"":""the artist kisses the soldier""}",7589,kiss,AC,n,The pirate kisses the clown.,the artist kisses the soldier,1
TRUE,1421,"{""Q0"":""the clown kisses the artist""}",9276,kiss,PC,n,The monk is kissed by the swimmer.,the clown kisses the artist,1