resp_iscorrect,verif_rt,responses,descr_rt,T_verb,P_type,verif_ans,P_sentence,clear_responses,isactive
TRUE,6092,"{""Q0"":""The sailor touches the swimmer.""}",27780,touch,AI,n,The waitress touch the professor.,The sailor touches the swimmer.,1
TRUE,4472,"{""Q0"":""The chef shoots a swimmer.""}",19082,shot,PI,y,The ballerina is shooted by the artist. ,The chef shoots a swimmer.,1
TRUE,2983,"{""Q0"":""The policeman slaps a boxer.""}",12506,slap,AC,n,The cowboy slaps the ballerina.,The policeman slaps a boxer.,1
TRUE,2590,"{""Q0"":""The clown is being kissed by an artist.""}",15184,kiss,PC,n,The monk is kissed by the swimmer.,The clown is being kissed by an artist.,0
TRUE,4036,"{""Q0"":""The artist punches the clown.""}",13501,punch,AC,y,The cowboy punches the swimmer.,The artist punches the clown.,1
TRUE,3432,"{""Q0"":""The waitress kicks the robber.""}",11845,kick,PI,n,The clown is kicken by the nun. ,The waitress kicks the robber.,1
TRUE,4246,"{""Q0"":""The nun kisses the boxer.""}",10241,kiss,AC,y,The artist kisses the ballerina.,The nun kisses the boxer.,1
FALSE,2612,"{""Q0"":""The waitress tickles the priest.""}",11549,tickle,PI,y,The robber is ticklen by the soldier. ,The waitress tickles the priest.,1
TRUE,3328,"{""Q0"":""The cowboy pushes the swimmer.""}",13379,push,AI,y,The chef push the clown.,The cowboy pushes the swimmer.,1
TRUE,4821,"{""Q0"":""The headmaster scolds the pupil.""}",124114,scold,PC,n,The monk is scolded by the swimmer. ,The headmaster scolds the pupil.,1
TRUE,4521,"{""Q0"":""The chef shoots the boxer.""}",11729,shoot,AI,n,The actress shoot the robber. ,The chef shoots the boxer.,1
TRUE,2251,"{""Q0"":""The boxer pulls the clown.""}",16533,pull,PI,n,The waitress is pullen by the pirate. ,The boxer pulls the clown.,1
TRUE,2503,"{""Q0"":""The policeman scolds the ballerina.""}",43373,scold,AC,n,The waitress scolds the boxer.,The policeman scolds the ballerina.,1
TRUE,3594,"{""Q0"":""The doctor is chased by a waitress.""}",17812,chase,PC,n,The swimmer is chased by the nun.,The doctor is chased by a waitress.,0
TRUE,3150,"{""Q0"":""The policeman slaps the swimmer.""}",10916,slap,AC,y,The cowboy slaps the professor.,The policeman slaps the swimmer.,1
TRUE,2476,"{""Q0"":""The cowboy pushes the ballerina.""}",17361,push,PI,n,The monk is pushen by the policeman.,The cowboy pushes the ballerina.,1
TRUE,3902,"{""Q0"":""The professor scolds the pupil.""}",14687,scold,AC,y,The policeman scolds the doctor.,The professor scolds the pupil.,1
TRUE,3879,"{""Q0"":""The nun follows the soldier.""}",14374,follow,PC,y,The ballerina is followed by the pirate. ,The nun follows the soldier.,1
TRUE,2464,"{""Q0"":""The artist punches the priest.""}",19433,punch,AC,n,The cowboy punches the nun.,The artist punches the priest.,1
FALSE,4945,"{""Q0"":""The cowboy slaps the ballerina.""}",12798,slap,PC,n,The nurse is slapped by  the policeman.,The cowboy slaps the ballerina.,1
FALSE,3275,"{""Q0"":""The waitress kicks the clown.""}",14932,kick,AI,y,The policeman kick the boxer.,The waitress kicks the clown.,1
TRUE,3103,"{""Q0"":""The policeman scolds the boxer.""}",14690,scold,PC,y,The doctor is scolded by the professor. ,The policeman scolds the boxer.,1
TRUE,4464,"{""Q0"":""The artist kisses the soldier.""}",10426,kiss,AC,n,The pirate kisses the clown.,The artist kisses the soldier.,1
TRUE,3203,"{""Q0"":""The cowboy punches the ballerina.""}",12746,punch,PC,n,The policeman is punched by the artist.,The cowboy punches the ballerina.,1
TRUE,3002,"{""Q0"":""The waitress tickles the doctor.""}",13616,tickle,AI,n,The soldier tickle the boxer.,The waitress tickles the doctor.,1
FALSE,2990,"{""Q0"":""The sailor touches the clown.""}",15111,touch,PI,y,The doctor is touchen by the waitress.,The sailor touches the clown.,1
TRUE,3107,"{""Q0"":""The policeman chases the robber.""}",9254,chase,AC,y,The nun chases the sailor.,The policeman chases the robber.,1
TRUE,2392,"{""Q0"":""The nun follows a boxer.""}",18961,follow,PC,n,The ballerina is followed by the pirate.,The nun follows a boxer.,1
TRUE,3801,"{""Q0"":""The policeman chases the swimmer.""}",11494,chase,AC,n,The policeman chases the robber.,The policeman chases the swimmer.,1
TRUE,2997,"{""Q0"":""The pirate chases the robber.""}",13467,chase,PC,y,The monk is chased by the policeman.,The pirate chases the robber.,1
TRUE,3068,"{""Q0"":""The pirate follows a doctor.""}",16198,follow,AC,n,The nun follows the cowboy.,The pirate follows a doctor.,1
TRUE,4750,"{""Q0"":""The cowboy punches the doctor.""}",13309,punch,PC,y,The ballerina is punched by the artist.,The cowboy punches the doctor.,1
TRUE,1882,"{""Q0"":""The pirate pulls the ballerina.""}",11096,pull,AI,y,The boxer pull the soldier.,The pirate pulls the ballerina.,1
TRUE,2609,"{""Q0"":""The cowboy slaps the sailor.""}",11917,slap,PC,y,The clown is slapped by the policeman.,The cowboy slaps the sailor.,1
TRUE,3167,"{""Q0"":""The pirate follows the sailor.""}",11912,follow,AC,y,The nun follows the doctor.,The pirate follows the sailor.,1
TRUE,2914,"{""Q0"":""The nun kisses the ballerina.""}",10200,kiss,PC,y,The boxer is kissed by the artist.,The nun kisses the ballerina.,1