﻿resp_iscorrect,verif_rt,responses,descr_rt,T_verb,P_type,verif_ans,P_sentence,clear_responses,isactive
FALSE,3223,"{""Q0"":""The sailor touches the swimmer""}",11655,touch,AI,n,The waitress touch the professor.,The sailor touches the swimmer,1
FALSE,3614,"{""Q0"":""The sailor is touching the clown""}",8770,touch,PI,y,The doctor is touchen by the waitress.,The sailor is touching the clown,1
TRUE,4823,"{""Q0"":""The pirate pulls the ballerina""}",7830,pull,AI,y,The boxer pull the soldier.,The pirate pulls the ballerina,1
TRUE,2290,"{""Q0"":""The boxer is pulling the clown""}",9413,pull,PI,n,The waitress is pullen by the pirate.,The boxer is pulling the clown,1
TRUE,2507,"{""Q0"":""The waitress tickles the doctor""}",7579,tickle,AI,n,The soldier tickle the boxer.,The waitress tickles the doctor,1
TRUE,2133,"{""Q0"":""The cowboy slapped the sailor""}",9798,slap,PC,y,The clown is slapped by the policeman.,The cowboy slapped the sailor,1
TRUE,1988,"{""Q0"":""The pirate followed the sailor""}",9227,follow,AC,y,The nun follows the doctor.,The pirate followed the sailor,1
TRUE,2201,"{""Q0"":""the cowboy punches the doctor""}",8761,punch,PC,y,The ballerina is punched by the artist.,the cowboy punches the doctor,1
TRUE,2634,"{""Q0"":""The nun kissed the boxer""}",7579,kiss,AC,y,The artist kisses the ballerina.,The nun kissed the boxer,1
TRUE,3024,"{""Q0"":""The cowboy slapped the ballerina""}",11172,slap,PC,n,The nurse is slapped by  the policeman.,The cowboy slapped the ballerina,1
TRUE,2418,"{""Q0"":""The boxer was slapped by the policeman""}",9571,slap,AC,n,The cowboy slaps the ballerina.,The boxer was slapped by the policeman,0
FALSE,2545,"{""Q0"":""The cook shoots the swimmer""}",11151,shot,PI,y,The ballerina is shooted by the artist.,The cook shoots the swimmer,1
TRUE,1877,"{""Q0"":""the artist kissed the soldier""}",8870,kiss,AC,n,The pirate kisses the clown.,the artist kissed the soldier,1
TRUE,1494,"{""Q0"":""the cowboy punched the ballerina""}",9032,punch,PC,n,The policeman is punched by the artist.,the cowboy punched the ballerina,1
TRUE,1757,"{""Q0"":""The professor scolded the sailor""}",11507,scold,AC,y,The policeman scolds the doctor.,The professor scolded the sailor,1
TRUE,2710,"{""Q0"":""The ballerina was pushed by the cowboy""}",12476,push,PI,n,The monk is pushen by the policeman.,The ballerina was pushed by the cowboy,0
TRUE,1804,"{""Q0"":""The policeman scolds the ballerina""}",9130,scold,AC,n,The waitress scolds the boxer.,The policeman scolds the ballerina,1
TRUE,2180,"{""Q0"":""The nun followed the boxer""}",7675,follow,PC,n,The ballerina is followed by the pirate.,The nun followed the boxer,1
FALSE,3256,"{""Q0"":""The cowboy pushed the swimmer""}",8682,push,AI,y,The chef push the clown.,The cowboy pushed the swimmer,1
TRUE,2180,"{""Q0"":""The doctor is chased by the waitress""}",8238,chase,PC,n,The swimmer is chased by the nun.,The doctor is chased by the waitress,0
TRUE,1961,"{""Q0"":""The artist punched the monk""}",8338,punch,AC,n,The cowboy punches the nun.,The artist punched the monk,1
TRUE,1952,"{""Q0"":""The robber is chased by the pirate""}",8446,chase,PC,y,The monk is chased by the policeman.,The robber is chased by the pirate,0
FALSE,2370,"{""Q0"":""The waitress kicked the clown""}",10934,kick,AI,y,The policeman kick the boxer.,The waitress kicked the clown,1
TRUE,1529,"{""Q0"":""The nun kisses the ballerina""}",8282,kiss,PC,y,The boxer is kissed by the artist.,The nun kisses the ballerina,1
TRUE,2886,"{""Q0"":""The chef shoots the boxer""}",8658,shoot,AI,n,The actress shoot the robber.,The chef shoots the boxer,1
TRUE,1853,"{""Q0"":""The robber is kicked by the waitress""}",7996,kick,PI,n,The clown is kicken by the nun.,The robber is kicked by the waitress,0
TRUE,1744,"{""Q0"":""The pirate follows the doctor""}",8883,follow,AC,n,The nun follows the cowboy.,The pirate follows the doctor,1
TRUE,1852,"{""Q0"":""The soldier is scolded by the professor""}",8530,scold,PC,n,The monk is scolded by the swimmer.,The soldier is scolded by the professor,0
TRUE,1405,"{""Q0"":""The artist punches the clown""}",7621,punch,AC,y,The cowboy punches the swimmer.,The artist punches the clown,1
TRUE,1404,"{""Q0"":""The clown is kissed by the artist""}",7941,kiss,PC,n,The monk is kissed by the swimmer.,The clown is kissed by the artist,0
TRUE,1817,"{""Q0"":""The policeman slaps the swimmer""}",10034,slap,AC,y,The cowboy slaps the professor.,The policeman slaps the swimmer,1
TRUE,8643,"{""Q0"":""The policeman scolds the boxer""}",8989,scold,PC,y,The doctor is scolded by the professor.,The policeman scolds the boxer,1
TRUE,1511,"{""Q0"":""The policeman chases the robber""}",7678,chase,AC,y,The nun chases the sailor.,The policeman chases the robber,1
FALSE,1934,"{""Q0"":""The waitress tickles the monk""}",8171,tickle,PI,y,The robber is ticklen by the soldier.,The waitress tickles the monk,1
TRUE,1590,"{""Q0"":""The policeman chases the swimmer""}",8818,chase,AC,n,The policeman chases the robber.,The policeman chases the swimmer,1
TRUE,1934,"{""Q0"":""The nun followed the soldier""}",9457,follow,PC,y,The ballerina is followed by the pirate.,The nun followed the soldier,1