resp_iscorrect,verif_rt,responses,descr_rt,T_verb,P_type,verif_ans,P_sentence,clear_responses,isactive
TRUE,6669,"{""Q0"":""The man PUSH the poor guy ""}",48891,push,AI,y,The chef push the clown.,The man PUSH the poor guy ,1
TRUE,20454,"{""Q0"":""the soldier is followed by the Father ""}",40439,follow,PC,y,The ballerina is followed by the pirate. ,the soldier is followed by the Father ,0
FALSE,8015,"{""Q0"":""The lady tickle the Doctor ""}",85714,tickle,AI,n,The soldier tickle the boxer.,The lady tickle the Doctor ,1
TRUE,16182,"{""Q0"":""The ballerina is kissed by the mother ""}",64385,kiss,PC,y,The boxer is kissed by the artist.,The ballerina is kissed by the mother ,0
TRUE,11470,"{""Q0"":""The pirate pull the ballerina ""}",53592,pull,AI,y,The boxer pull the soldier.,The pirate pull the ballerina ,1
FALSE,9668,"{""Q0"":""The pirate push the ballerina""}",36159,push,PI,n,The monk is pushen by the policeman.,The pirate push the ballerina,1
TRUE,10838,"{""Q0"":""The policeman chases the thief""}",37729,chase,AC,y,The nun chases the sailor.,The policeman chases the thief,1
FALSE,16186,"{""Q0"":""The soldier is scolded by the teacher  ""}",64816,scold,PC,n,The monk is scolded by the swimmer. ,The soldier is scolded by the teacher  ,0
FALSE,23223,"{""Q0"":""The swimmer slap the boxer""}",57893,slap,AC,n,The cowboy slaps the ballerina.,The swimmer slap the boxer,1
TRUE,16633,"{""Q0"":""The cowboy punch the ballerina""}",74322,punch,PC,n,The policeman is punched by the artist.,The cowboy punch the ballerina,1
TRUE,23791,"{""Q0"":""The pirate follows the Doctor""}",73173,follow,AC,n,The nun follows the cowboy.,The pirate follows the Doctor,1
TRUE,31000,"{""Q0"":""The cowboy shooted  by the chef""}",55895,shot,PI,y,The ballerina is shooted by the artist. ,The cowboy shooted  by the chef,0
TRUE,14877,"{""Q0"":""The chef shoot the boxer""}",30208,shoot,AI,n,The actress shoot the robber. ,The chef shoot the boxer,1
TRUE,10870,"{""Q0"":""a mad man touched by the policeman""}",40864,touch,PI,y,The doctor is touchen by the waitress.,a mad man touched by the policeman,0
TRUE,9134,"{""Q0"":""a ballerina scold by the soldier""}",53318,scold,AC,n,The waitress scolds the boxer.,a ballerina scold by the soldier,0
TRUE,23575,"{""Q0"":""a mad man pulled by the boxer""}",24601,pull,PI,n,The waitress is pullen by the pirate. ,a mad man pulled by the boxer,0
FALSE,13273,"{""Q0"":""a police man scold by the teacher""}",32628,scold,AC,y,The policeman scolds the doctor.,a police man scold by the teacher,0
TRUE,10180,"{""Q0"":""a monk is tickle by the waitress""}",65182,tickle,PI,y,The robber is ticklen by the soldier. ,a monk is tickle by the waitress,0
TRUE,11566,"{""Q0"":""the nun kisses the boxer""}",43952,kiss,AC,y,The artist kisses the ballerina.,the nun kisses the boxer,1
TRUE,8600,"{""Q0"":""a mad man is kissed by the artist ""}",27589,kiss,PC,n,The monk is kissed by the swimmer.,a mad man is kissed by the artist ,0
TRUE,13348,"{""Q0"":""The artist punches the monk ""}",23341,punch,AC,n,The cowboy punches the nun.,The artist punches the monk ,1
TRUE,10250,"{""Q0"":""The boxer scold by the soldier ""}",21831,scold,PC,y,The doctor is scolded by the professor. ,The boxer scold by the soldier ,1
TRUE,4306,"{""Q0"":""The soldier chase the swimmer ""}",38556,chase,AC,n,The policeman chases the robber.,The soldier chase the swimmer ,1
TRUE,7982,"{""Q0"":""The robber is chased by the pirate ""}",36903,chase,PC,y,The monk is chased by the policeman.,The robber is chased by the pirate ,0
TRUE,3321,"{""Q0"":""The soldier slaps the swimmer ""}",40330,slap,AC,y,The cowboy slaps the professor.,The soldier slaps the swimmer ,1
TRUE,28027,"{""Q0"":""The policeman is slapped by the cowboy ""}",26585,slap,PC,y,The clown is slapped by the policeman.,The policeman is slapped by the cowboy ,0
TRUE,7086,"{""Q0"":""The soldier is kissed by the artist ""}",17542,kiss,AC,n,The pirate kisses the clown.,The soldier is kissed by the artist ,0
TRUE,4506,"{""Q0"":""The boxer followed by the nun ""}",21929,follow,PC,n,The ballerina is followed by the pirate.,The boxer followed by the nun ,1
TRUE,4568,"{""Q0"":""The policeman touched the swimmer ""}",14456,touch,AI,n,The waitress touch the professor.,The policeman touched the swimmer ,1
TRUE,7307,"{""Q0"":""The ballerina is slapped by the cowboy""}",21303,slap,PC,n,The nurse is slapped by  the policeman.,The ballerina is slapped by the cowboy,0
TRUE,3987,"{""Q0"":""The waitress kick the clown ""}",18546,kick,AI,y,The policeman kick the boxer.,The waitress kick the clown ,1
TRUE,4161,"{""Q0"":""The doctor is chased by the waitress ""}",20225,chase,PC,n,The swimmer is chased by the nun.,The doctor is chased by the waitress ,0
TRUE,3426,"{""Q0"":""The artist punch the clown""}",12608,punch,AC,y,The cowboy punches the swimmer.,The artist punch the clown,1
TRUE,6208,"{""Q0"":""The doctor punched by the cowboy ""}",26253,punch,PC,y,The ballerina is punched by the artist.,The doctor punched by the cowboy ,1
TRUE,3011,"{""Q0"":""the pirate follow the policeman ""}",21336,follow,AC,y,The nun follows the doctor.,the pirate follow the policeman ,1
TRUE,4149,"{""Q0"":""The robber is kicked by the waitress ""}",21012,kick,PI,n,The clown is kicken by the nun. ,The robber is kicked by the waitress ,0