resp_iscorrect,verif_rt,responses,descr_rt,T_verb,P_type,verif_ans,P_sentence,clear_responses,isactive
TRUE,5894,"{""Q0"":""The policeman slaps the boxer""}",13130,slap,AC,n,The cowboy slaps the ballerina.,The policeman slaps the boxer,1
TRUE,7136,"{""Q0"":""The priest follows the boxer""}",14735,follow,PC,n,The ballerina is followed by the pirate.,The priest follows the boxer,1
TRUE,1770,"{""Q0"":""The artist punches the clown""}",15981,punch,AC,y,The cowboy punches the swimmer.,The artist punches the clown,1
TRUE,2167,"{""Q0"":""The priest follows the soldier""}",8866,follow,PC,y,The ballerina is followed by the pirate. ,The priest follows the soldier,1
TRUE,2888,"{""Q0"":""The sailor touches the swimmer""}",9856,touch,AI,n,The waitress touch the professor.,The sailor touches the swimmer,1
TRUE,3431,"{""Q0"":""The boxer pulls the clown""}",13172,pull,PI,n,The waitress is pullen by the pirate. ,The boxer pulls the clown,1
TRUE,2721,"{""Q0"":""The artist kisses the soldier""}",12502,kiss,AC,n,The pirate kisses the clown.,The artist kisses the soldier,1
TRUE,2794,"{""Q0"":""The cowboy slaps the ballerina""}",8506,slap,PC,n,The nurse is slapped by  the policeman.,The cowboy slaps the ballerina,1
TRUE,2438,"{""Q0"":""The pirate follows the doctor""}",9289,follow,AC,n,The nun follows the cowboy.,The pirate follows the doctor,1
TRUE,4133,"{""Q0"":""The chef shoots the swimmer""}",10002,shot,PI,y,The ballerina is shooted by the artist. ,The chef shoots the swimmer,1
TRUE,1554,"{""Q0"":""The policeman scolds the ballerina""}",9559,scold,AC,n,The waitress scolds the boxer.,The policeman scolds the ballerina,1
TRUE,3899,"{""Q0"":""The cowboy punches the ballerina""}",9241,punch,PC,n,The policeman is punched by the artist.,The cowboy punches the ballerina,1
TRUE,2114,"{""Q0"":""The waitress tickles the doctor""}",8705,tickle,AI,n,The soldier tickle the boxer.,The waitress tickles the doctor,1
TRUE,2845,"{""Q0"":""The artist kisses the clown""}",9279,kiss,PC,n,The monk is kissed by the swimmer.,The artist kisses the clown,1
TRUE,2346,"{""Q0"":""The nun kisses the boxer""}",9080,kiss,AC,y,The artist kisses the ballerina.,The nun kisses the boxer,1
TRUE,1975,"{""Q0"":""The professor scolds the soldier""}",11056,scold,PC,n,The monk is scolded by the swimmer. ,The professor scolds the soldier,1
TRUE,2123,"{""Q0"":""The policeman chases the swimmer""}",9841,chase,AC,n,The policeman chases the robber.,The policeman chases the swimmer,1
TRUE,1825,"{""Q0"":""The robber is chased by the pirate""}",11062,chase,PC,y,The monk is chased by the policeman.,The robber is chased by the pirate,0
TRUE,1883,"{""Q0"":""The chef shoots the boxer""}",7754,shoot,AI,n,The actress shoot the robber. ,The chef shoots the boxer,1
TRUE,2568,"{""Q0"":""The policeman scolds the boxer""}",8990,scold,PC,y,The doctor is scolded by the professor. ,The policeman scolds the boxer,1
TRUE,1851,"{""Q0"":""The artist punches the monk""}",7754,punch,AC,n,The cowboy punches the nun.,The artist punches the monk,1
TRUE,3033,"{""Q0"":""The sailor touches the clown""}",9581,touch,PI,y,The doctor is touchen by the waitress.,The sailor touches the clown,1
TRUE,1937,"{""Q0"":""The professor scolds the sailor""}",9240,scold,AC,y,The policeman scolds the doctor.,The professor scolds the sailor,1
TRUE,2225,"{""Q0"":""The nun kisses the ballerina""}",10544,kiss,PC,y,The boxer is kissed by the artist.,The nun kisses the ballerina,1
TRUE,2117,"{""Q0"":""The policeman chases the robber""}",8559,chase,AC,y,The nun chases the sailor.,The policeman chases the robber,1
TRUE,2074,"{""Q0"":""The waitress kicks the robber""}",11058,kick,PI,n,The clown is kicken by the nun. ,The waitress kicks the robber,1
TRUE,1528,"{""Q0"":""The ballerina is pulled by the pirate""}",11482,pull,AI,y,The boxer pull the soldier.,The ballerina is pulled by the pirate,0
TRUE,1650,"{""Q0"":""The cowboy pushes the ballerina""}",9080,push,PI,n,The monk is pushen by the policeman.,The cowboy pushes the ballerina,1
TRUE,1916,"{""Q0"":""The policeman slaps the swimmer""}",9561,slap,AC,y,The cowboy slaps the professor.,The policeman slaps the swimmer,1
TRUE,2151,"{""Q0"":""The cowboy slaps the sailor""}",7820,slap,PC,y,The clown is slapped by the policeman.,The cowboy slaps the sailor,1
TRUE,1474,"{""Q0"":""The pirate follows the sailor""}",7747,follow,AC,y,The nun follows the doctor.,The pirate follows the sailor,1
TRUE,2136,"{""Q0"":""The cowboy punches the doctor""}",9205,punch,PC,y,The ballerina is punched by the artist.,The cowboy punches the doctor,1
TRUE,1591,"{""Q0"":""The cowboy pushes the swimmer""}",9366,push,AI,y,The chef push the clown.,The cowboy pushes the swimmer,1
TRUE,2319,"{""Q0"":""The waitress chases the doctor""}",9873,chase,PC,n,The swimmer is chased by the nun.,The waitress chases the doctor,1
TRUE,1301,"{""Q0"":""The waitress kicks the clown""}",10420,kick,AI,y,The policeman kick the boxer.,The waitress kicks the clown,1
TRUE,2078,"{""Q0"":""The waitress tickles the monk""}",8192,tickle,PI,y,The robber is ticklen by the soldier. ,The waitress tickles the monk,1