resp_iscorrect,verif_rt,responses,descr_rt,T_verb,P_type,verif_ans,P_sentence,clear_responses,isactive
TRUE,7334,"{""Q0"":""The pirate follows the doctor""}",8933,follow,AC,n,The nun follows the cowboy.,The pirate follows the doctor,1
TRUE,3609,"{""Q0"":""The monk follows the soldier""}",17196,follow,PC,y,The ballerina is followed by the pirate. ,The monk follows the soldier,1
TRUE,3128,"{""Q0"":""The policeman slapped the swimmer""}",12636,slap,AC,y,The cowboy slaps the professor.,The policeman slapped the swimmer,1
TRUE,3029,"{""Q0"":""The cowboy pushes the ballerina""}",10023,push,PI,n,The monk is pushen by the policeman.,The cowboy pushes the ballerina,1
TRUE,3746,"{""Q0"":""The maid tickled the doctor""}",9148,tickle,AI,n,The soldier tickle the boxer.,The maid tickled the doctor,1
TRUE,3226,"{""Q0"":""The monk is following the boxer""}",6983,follow,PC,n,The ballerina is followed by the pirate.,The monk is following the boxer,1
FALSE,2697,"{""Q0"":""The cowboy pushes the swimmer""}",14072,push,AI,y,The chef push the clown.,The cowboy pushes the swimmer,1
TRUE,2550,"{""Q0"":""The boxer pulls the clown""}",7880,pull,PI,n,The waitress is pullen by the pirate. ,The boxer pulls the clown,1
TRUE,7067,"{""Q0"":""The pirate followed the sailor""}",11433,follow,AC,y,The nun follows the doctor.,The pirate followed the sailor,1
TRUE,2733,"{""Q0"":""The cowboy slapped the ballerina""}",8356,slap,PC,n,The nurse is slapped by  the policeman.,The cowboy slapped the ballerina,1
TRUE,6368,"{""Q0"":""The policeman slapped the boxer""}",14488,slap,AC,n,The cowboy slaps the ballerina.,The policeman slapped the boxer,1
TRUE,4406,"{""Q0"":""The waitress kicked the burglar""}",12793,kick,PI,n,The clown is kicken by the nun. ,The waitress kicked the burglar,1
TRUE,2390,"{""Q0"":""The artist kissed the soldier""}",10388,kiss,AC,n,The pirate kisses the clown.,The artist kissed the soldier,1
TRUE,4352,"{""Q0"":""The chef shoots the swimmer""}",11804,shot,PI,y,The ballerina is shooted by the artist. ,The chef shoots the swimmer,1
TRUE,15992,"{""Q0"":""The policeman chases the swimmer""}",8562,chase,AC,n,The policeman chases the robber.,The policeman chases the swimmer,1
FALSE,6369,"{""Q0"":""The sailor touches the clown""}",11217,touch,PI,y,The doctor is touchen by the waitress.,The sailor touches the clown,1
TRUE,23699,"{""Q0"":""The policeman chased the burglar""}",7058,chase,AC,y,The nun chases the sailor.,The policeman chased the burglar,1
FALSE,2282,"{""Q0"":""The waitress tickles the monk""}",7031,tickle,PI,y,The robber is ticklen by the soldier. ,The waitress tickles the monk,1
TRUE,10266,"{""Q0"":""The policeman scolds the ballerina""}",10044,scold,AC,n,The waitress scolds the boxer.,The policeman scolds the ballerina,1
TRUE,2963,"{""Q0"":""The cowboy punched the doctor""}",8575,punch,PC,y,The ballerina is punched by the artist.,The cowboy punched the doctor,1
TRUE,2420,"{""Q0"":""The artist punched the clown""}",8849,punch,AC,y,The cowboy punches the swimmer.,The artist punched the clown,1
TRUE,2553,"{""Q0"":""The waitress chased the doctor""}",10861,chase,PC,n,The swimmer is chased by the nun.,The waitress chased the doctor,1
TRUE,7501,"{""Q0"":""The chef shoots the boxer""}",9597,shoot,AI,n,The actress shoot the robber. ,The chef shoots the boxer,1
TRUE,1898,"{""Q0"":""The burglar is chased by the pirate""}",8965,chase,PC,y,The monk is chased by the policeman.,The burglar is chased by the pirate,0
TRUE,2313,"{""Q0"":""The artist punched the monk""}",8145,punch,AC,n,The cowboy punches the nun.,The artist punched the monk,1
TRUE,3597,"{""Q0"":""The boxer is scolded by the policeman""}",13225,scold,PC,y,The doctor is scolded by the professor. ,The boxer is scolded by the policeman,0
TRUE,10070,"{""Q0"":""The sailor touches the swimmer""}",8257,touch,AI,n,The waitress touch the professor.,The sailor touches the swimmer,1
TRUE,1822,"{""Q0"":""The artist kisses the clown""}",7246,kiss,PC,n,The monk is kissed by the swimmer.,The artist kisses the clown,1
TRUE,10140,"{""Q0"":""The pirate pulls the ballerina""}",7889,pull,AI,y,The boxer pull the soldier.,The pirate pulls the ballerina,1
TRUE,4379,"{""Q0"":""The cowboy punches the ballerina""}",6837,punch,PC,n,The policeman is punched by the artist.,The cowboy punches the ballerina,1
TRUE,5050,"{""Q0"":""The ballerina kicked the clown""}",7441,kick,AI,y,The policeman kick the boxer.,The ballerina kicked the clown,1
TRUE,2877,"{""Q0"":""the professor scolds the soldier""}",9537,scold,PC,n,The monk is scolded by the swimmer. ,the professor scolds the soldier,1
TRUE,7509,"{""Q0"":""The nun kissed the boxer""}",12127,kiss,AC,y,The artist kisses the ballerina.,The nun kissed the boxer,1
TRUE,2619,"{""Q0"":""The cowboy slaps the sailor""}",5991,slap,PC,y,The clown is slapped by the policeman.,The cowboy slaps the sailor,1
TRUE,7971,"{""Q0"":""The professor scolds the sailor""}",6950,scold,AC,y,The policeman scolds the doctor.,The professor scolds the sailor,1
TRUE,15777,"{""Q0"":""The nun kissed the ballerina""}",32671,kiss,PC,y,The boxer is kissed by the artist.,The nun kissed the ballerina,1