resp_iscorrect,verif_rt,responses,descr_rt,T_verb,P_type,verif_ans,P_sentence,clear_responses,isactive
FALSE,8498,"{""Q0"":""a joker slams a boxer""}",20089,slap,AC,n,The cowboy slaps the ballerina.,a joker slams a boxer,1
TRUE,7481,"{""Q0"":""lady tickle the father""}",17934,tickle,PI,y,The robber is ticklen by the soldier. ,lady tickle the father,1
TRUE,14650,"{""Q0"":""server kicks the consumer""}",23128,kick,AI,y,The policeman kick the boxer.,server kicks the consumer,1
TRUE,4891,"{""Q0"":""pirate chases a theif""}",28600,chase,PC,y,The monk is chased by the policeman.,pirate chases a theif,1
TRUE,7417,"{""Q0"":""a cook shoots the boxer""}",16203,shoot,AI,n,The actress shoot the robber. ,a cook shoots the boxer,1
TRUE,6354,"{""Q0"":""police scolding a boxer""}",20096,scold,PC,y,The doctor is scolded by the professor. ,police scolding a boxer,1
TRUE,8795,"{""Q0"":""cowboy pushing the swimmer""}",24621,push,AI,y,The chef push the clown.,cowboy pushing the swimmer,1
TRUE,4387,"{""Q0"":""lady kisses her boy friend""}",21840,kiss,PC,n,The monk is kissed by the swimmer.,lady kisses her boy friend,1
TRUE,2980,"{""Q0"":""professor scolding sailor""}",25229,scold,AC,y,The policeman scolds the doctor.,professor scolding sailor,1
TRUE,3144,"{""Q0"":""professor scolds army man""}",16852,scold,PC,n,The monk is scolded by the swimmer. ,professor scolds army man,1
TRUE,5266,"{""Q0"":""monk kisses boxer""}",14837,kiss,AC,y,The artist kisses the ballerina.,monk kisses boxer,1
TRUE,3974,"{""Q0"":""cowboy slaps a lady""}",16355,slap,PC,n,The nurse is slapped by  the policeman.,cowboy slaps a lady,1
TRUE,4478,"{""Q0"":""policeman scolds a dancer""}",16444,scold,AC,n,The waitress scolds the boxer.,policeman scolds a dancer,1
TRUE,5512,"{""Q0"":""a boxer followed by monk""}",17782,follow,PC,n,The ballerina is followed by the pirate.,a boxer followed by monk,0
TRUE,2840,"{""Q0"":""waitress tickle the doctor""}",23894,tickle,AI,n,The soldier tickle the boxer.,waitress tickle the doctor,1
TRUE,5600,"{""Q0"":""waitress kick the theif""}",17196,kick,PI,n,The clown is kicken by the nun. ,waitress kick the theif,1
TRUE,3920,"{""Q0"":""policeman slaps swimmer""}",22527,slap,AC,y,The cowboy slaps the professor.,policeman slaps swimmer,1
TRUE,3948,"{""Q0"":""boxer pulls joker""}",10745,pull,PI,n,The waitress is pullen by the pirate. ,boxer pulls joker,1
TRUE,9536,"{""Q0"":""pirate follows the sailor""}",15121,follow,AC,y,The nun follows the doctor.,pirate follows the sailor,1
TRUE,7136,"{""Q0"":""fz""}",3897,kiss,PC,y,The boxer is kissed by the artist.,,
TRUE,2237,"{""Q0"":""police chase thief""}",18434,chase,AC,y,The nun chases the sailor.,police chase thief,1
FALSE,7837,"{""Q0"":""fsdfgsd""}",4871,chase,PC,n,The swimmer is chased by the nun.,,
TRUE,2045,"{""Q0"":""artist punches a man""}",50568,punch,AC,y,The cowboy punches the swimmer.,artist punches a man,1
TRUE,33439,"{""Q0"":""cowboy punches a doctor""}",22501,punch,PC,y,The ballerina is punched by the artist.,cowboy punches a doctor,1
TRUE,6166,"{""Q0"":""police chases swimmer""}",38465,chase,AC,n,The policeman chases the robber.,police chases swimmer,1
TRUE,3645,"{""Q0"":""cowboy pushes a lady""}",13622,push,PI,n,The monk is pushen by the policeman.,cowboy pushes a lady,1
TRUE,14632,"{""Q0"":""sailor touches a swimmer""}",13396,touch,AI,n,The waitress touch the professor.,sailor touches a swimmer,1
TRUE,2587,"{""Q0"":""sailor touches a joker""}",18350,touch,PI,y,The doctor is touchen by the waitress.,sailor touches a joker,1
TRUE,5544,"{""Q0"":""pirate pulls a dancer""}",17022,pull,AI,y,The boxer pull the soldier.,pirate pulls a dancer,1
TRUE,4001,"{""Q0"":""cowboy slaps the sailor""}",17719,slap,PC,y,The clown is slapped by the policeman.,cowboy slaps the sailor,1
FALSE,23769,"{""Q0"":""actress kisses the solider""}",31770,kiss,AC,n,The pirate kisses the clown.,actress kisses the solider,1
TRUE,37804,"{""Q0"":""nun follows the solider""}",16571,follow,PC,y,The ballerina is followed by the pirate. ,nun follows the solider,1
TRUE,2395,"{""Q0"":""pirate follows a doctor""}",12935,follow,AC,n,The nun follows the cowboy.,pirate follows a doctor,1
TRUE,4815,"{""Q0"":""a cook shoots a swimmer""}",15853,shot,PI,y,The ballerina is shooted by the artist. ,a cook shoots a swimmer,1
TRUE,2582,"{""Q0"":""artist punches a monk""}",16870,punch,AC,n,The cowboy punches the nun.,artist punches a monk,1
TRUE,92202,"{""Q0"":""cowboy punches a ballerina""}",36479,punch,PC,n,The policeman is punched by the artist.,cowboy punches a ballerina,1