resp_iscorrect,verif_rt,responses,descr_rt,T_verb,P_type,verif_ans,P_sentence,clear_responses,isactive
TRUE,26591,"{""Q0"":""KICK""}",14408,kick,AI,y,The policeman kick the boxer., , 
TRUE,3953,"{""Q0"":""Chase""}",9534,chase,PC,y,The monk is chased by the policeman., , 
TRUE,39,"{""Q0"":""Kiss""}",8587,kiss,AC,y,The artist kisses the ballerina., , 
FALSE,3701,"{""Q0"":""follow""}",13106,follow,PC,n,The ballerina is followed by the pirate., , 
FALSE,7740,"{""Q0"":""the man is chase by the policeman""}",17761,chase,AC,n,The policeman chases the robber.,the man is chase by the policeman,0
FALSE,1519,"{""Q0"":""the woman is slap by the man""}",17249,slap,PC,n,The nurse is slapped by  the policeman.,the woman is slap by the man,0
FALSE,3472,"{""Q0"":""the  doctor is follow by the man""}",18551,follow,AC,n,The nun follows the cowboy.,the  doctor is follow by the man,0
FALSE,9498,"{""Q0"":""the woman is punch by the man""}",20211,punch,PC,n,The policeman is punched by the artist.,the woman is punch by the man,0
TRUE,4568,"{""Q0"":""the policeman chase the robber""}",18684,chase,AC,y,The nun chases the sailor.,the policeman chase the robber,1
TRUE,5043,"{""Q0"":""the cowboy punch the Dr.""}",39667,punch,PC,y,The ballerina is punched by the artist.,the cowboy punch the Dr.,1
FALSE,8807,"{""Q0"":""the bakery shoot the boxer""}",20646,shoot,AI,n,The actress shoot the robber. ,the bakery shoot the boxer,1
TRUE,3719,"{""Q0"":""the man is scold by the policeman""}",20337,scold,PC,y,The doctor is scolded by the professor. ,the man is scold by the policeman,0
FALSE,6689,"{""Q0"":""the man is kiss by the woman""}",21944,kiss,AC,n,The pirate kisses the clown.,the man is kiss by the woman,0
TRUE,6115,"{""Q0"":""the ballarira is kiss by the nun""}",20106,kiss,PC,y,The boxer is kissed by the artist.,the ballarira is kiss by the nun,0
TRUE,4015,"{""Q0"":""the swimmer is slap by the policemen""}",42514,slap,AC,y,The cowboy slaps the professor.,the swimmer is slap by the policemen,0
TRUE,7292,"{""Q0"":""the man is kiss by the woman""}",24589,kiss,PC,n,The monk is kissed by the swimmer.,the man is kiss by the woman,0
TRUE,5768,"{""Q0"":""the dummy is punch by the man""}",29412,punch,AC,y,The cowboy punches the swimmer.,the dummy is punch by the man,0
TRUE,3638,"{""Q0"":""the swimmer is shoot by the baker""}",23100,shot,PI,y,The ballerina is shooted by the artist. ,the swimmer is shoot by the baker,0
TRUE,3185,"{""Q0"":""the cowboy follow the sailor""}",22282,follow,AC,y,The nun follows the doctor.,the cowboy follow the sailor,1
TRUE,8504,"{""Q0"":""the doctor is chase by the cook""}",22001,chase,PC,n,The swimmer is chased by the nun.,the doctor is chase by the cook,0
TRUE,4768,"{""Q0"":""the cowboy pull the ballarira""}",21853,pull,AI,y,The boxer pull the soldier.,the cowboy pull the ballarira,1
TRUE,6533,"{""Q0"":""the ballariaria is push  by the cowboy""}",36837,push,PI,n,The monk is pushen by the policeman.,the ballariaria is push  by the cowboy,0
TRUE,5234,"{""Q0"":""the monk is punch by the man""}",29951,punch,AC,n,The cowboy punches the nun.,the monk is punch by the man,0
TRUE,3584,"{""Q0"":""the man is scold by the priest""}",54669,scold,PC,n,The monk is scolded by the swimmer. ,the man is scold by the priest,0
TRUE,11413,"{""Q0"":""the boxer is slap by the clown""}",22249,slap,AC,n,The cowboy slaps the ballerina.,the boxer is slap by the clown,0
TRUE,10967,"{""Q0"":""the cowboy is slap by the sailor""}",27301,slap,PC,y,The clown is slapped by the policeman.,the cowboy is slap by the sailor,0
TRUE,6477,"{""Q0"":""the baliaria is scold by the policemen""}",20491,scold,AC,n,The waitress scolds the boxer.,the baliaria is scold by the policemen,0
TRUE,5311,"{""Q0"":""the robber is kick by the cook""}",44167,kick,PI,n,The clown is kicken by the nun. ,the robber is kick by the cook,0
TRUE,12641,"{""Q0"":""the sailor touch the swimmer""}",24722,touch,AI,n,The waitress touch the professor.,the sailor touch the swimmer,1
TRUE,7160,"{""Q0"":""the policemen is follow by the nun""}",32330,follow,PC,y,The ballerina is followed by the pirate. ,the policemen is follow by the nun,0
TRUE,8824,"{""Q0"":""the sailor is scold by the priest""}",30887,scold,AC,y,The policeman scolds the doctor.,the sailor is scold by the priest,0
TRUE,12195,"{""Q0"":""the clown is puled by the boxer""}",23462,pull,PI,n,The waitress is pullen by the pirate. ,the clown is puled by the boxer,0
TRUE,8821,"{""Q0"":""the doctor is tickle by the nurse""}",34685,tickle,AI,n,The soldier tickle the boxer.,the doctor is tickle by the nurse,0
TRUE,6337,"{""Q0"":""the clow is touch by the sailor""}",22998,touch,PI,y,The doctor is touchen by the waitress.,the clow is touch by the sailor,0
TRUE,6659,"{""Q0"":""the cowboy push the man""}",21930,push,AI,y,The chef push the clown.,the cowboy push the man,1
TRUE,5437,"{""Q0"":""the monk is tickle by the woman""}",23423,tickle,PI,y,The robber is ticklen by the soldier. ,the monk is tickle by the woman,1