﻿resp_iscorrect,verif_rt,responses,descr_rt,T_verb,P_type,verif_ans,P_sentence,clear_responses,isactive
FALSE,5975,"{""Q0"":""Touch the swimmer. ""}",26854,touch,AI,n,The waitress touch the professor.,Touch the swimmer.,1
FALSE,2907,"{""Q0"":""She tickled the monk. ""}",7534,tickle,PI,y,The robber is ticklen by the soldier.,She tickled the monk.,1
TRUE,4311,"{""Q0"":""He almost shot the boxer. ""}",25175,shoot,AI,n,The actress shoot the robber.,He almost shot the boxer.,1
TRUE,2584,"{""Q0"":""She kicked the robber. ""}",9666,kick,PI,n,The clown is kicken by the nun.,She kicked the robber.,1
FALSE,2761,"{""Q0"":""The man pulled the dancer. ""}",8812,pull,AI,y,The boxer pull the soldier.,The man pulled the dancer.,1
FALSE,4753,"{""Q0"":""The cowboy slapped the dancer. ""}",9226,slap,PC,n,The nurse is slapped by  the policeman.,The cowboy slapped the dancer.,1
TRUE,3862,"{""Q0"":""The nun kissed the boxer. ""}",9211,kiss,AC,y,The artist kisses the ballerina.,The nun kissed the boxer.,1
FALSE,3836,"{""Q0"":""The old man is kissed by the lady. ""}",10944,kiss,PC,n,The monk is kissed by the swimmer.,The old man is kissed by the lady.,0
TRUE,3652,"{""Q0"":""The officer slapped the boxer. ""}",6901,slap,AC,n,The cowboy slaps the ballerina.,The officer slapped the boxer.,1
TRUE,2535,"{""Q0"":""The boxer pulled the clown. ""}",9971,pull,PI,n,The waitress is pullen by the pirate.,The boxer pulled the clown.,1
FALSE,9443,"{""Q0"":""The waitress kicked the old man. ""}",10098,kick,AI,y,The policeman kick the boxer.,The waitress kicked the old man.,1
TRUE,2716,"{""Q0"":""The nun followed the solider. ""}",8641,follow,PC,y,The ballerina is followed by the pirate.,The nun followed the solider.,1
TRUE,2483,"{""Q0"":""The pirate followed the doctor. ""}",9852,follow,AC,n,The nun follows the cowboy.,The pirate followed the doctor.,1
TRUE,2733,"{""Q0"":""The cowboy punched the dancer. ""}",8546,punch,PC,n,The policeman is punched by the artist.,The cowboy punched the dancer.,1
TRUE,3562,"{""Q0"":""The officer chased the robber. ""}",9530,chase,AC,y,The nun chases the sailor.,The officer chased the robber.,1
TRUE,3105,"{""Q0"":""The robber is chased by the pirate. ""}",8160,chase,PC,y,The monk is chased by the policeman.,The robber is chased by the pirate.,0
TRUE,3567,"{""Q0"":""The waitress tickled the doctor. ""}",8681,tickle,AI,n,The soldier tickle the boxer.,The waitress tickled the doctor.,1
TRUE,2429,"{""Q0"":""The nun kissed the dancer. ""}",6943,kiss,PC,y,The boxer is kissed by the artist.,The nun kissed the dancer.,1
TRUE,2261,"{""Q0"":""The professor scolded the sailor. ""}",9851,scold,AC,y,The policeman scolds the doctor.,The professor scolded the sailor.,1
TRUE,1817,"{""Q0"":""The cowboy punched the doctor. ""}",7581,punch,PC,y,The ballerina is punched by the artist.,The cowboy punched the doctor.,1
FALSE,1596,"{""Q0"":""The cowboy pushed the swimmer. ""}",6662,push,AI,y,The chef push the clown.,The cowboy pushed the swimmer.,1
TRUE,3218,"{""Q0"":""The cowboy slapped the sailor. ""}",7149,slap,PC,y,The clown is slapped by the policeman.,The cowboy slapped the sailor.,1
TRUE,4331,"{""Q0"":""The painter punched the monk. ""}",9172,punch,AC,n,The cowboy punches the nun.,The painter punched the monk.,1
FALSE,1709,"{""Q0"":""The sailor touched the clown. ""}",8237,touch,PI,y,The doctor is touchen by the waitress.,The sailor touched the clown.,1
TRUE,1686,"{""Q0"":""The painter kissed the soldier. ""}",8436,kiss,AC,n,The pirate kisses the clown.,The painter kissed the soldier.,1
TRUE,1520,"{""Q0"":""The cowboy pushed the dancer. ""}",6958,push,PI,n,The monk is pushen by the policeman.,The cowboy pushed the dancer.,1
TRUE,1667,"{""Q0"":""The officer scolded the dancer. ""}",7482,scold,AC,n,The waitress scolds the boxer.,The officer scolded the dancer.,1
FALSE,1856,"{""Q0"":""The chef shot the swimmer. ""}",8457,shot,PI,y,The ballerina is shooted by the artist.,The chef shot the swimmer.,1
TRUE,2675,"{""Q0"":""The officer slapped the swimmer. ""}",7988,slap,AC,y,The cowboy slaps the professor.,The officer slapped the swimmer.,1
TRUE,4438,"{""Q0"":""The nun followed the boxer. ""}",6972,follow,PC,n,The ballerina is followed by the pirate.,The nun followed the boxer.,1
TRUE,2386,"{""Q0"":""The painter punched the clown""}",9458,punch,AC,y,The cowboy punches the swimmer.,The painter punched the clown,1
TRUE,3254,"{""Q0"":""The officer scolded the boxer .""}",10226,scold,PC,y,The doctor is scolded by the professor.,The officer scolded the boxer .,1
TRUE,2607,"{""Q0"":""The officer chased the swimmer. ""}",7930,chase,AC,n,The policeman chases the robber.,The officer chased the swimmer.,1
TRUE,1795,"{""Q0"":""The solider is scolded by the professor. ""}",8573,scold,PC,n,The monk is scolded by the swimmer.,The solider is scolded by the professor.,0
TRUE,1435,"{""Q0"":""The pirate followed the sailor. ""}",8772,follow,AC,y,The nun follows the doctor.,The pirate followed the sailor.,1
TRUE,2278,"{""Q0"":""The doctor is chased by the waitress. ""}",8371,chase,PC,n,The swimmer is chased by the nun.,The doctor is chased by the waitress.,0