resp_iscorrect,verif_rt,responses,descr_rt,T_verb,P_type,verif_ans,P_sentence,clear_responses,isactive
TRUE,4430,"{""Q0"":""the painter punches the father""}",25187,punch,AC,n,The cowboy punches the nun.,the painter punches the father,1
TRUE,23379,"{""Q0"":""doctor is punched by cowboy""}",26628,punch,PC,y,The ballerina is punched by the artist.,doctor is punched by cowboy,0
TRUE,37082,"{""Q0"":""the waitress kick the joker""}",31191,kick,AI,y,The policeman kick the boxer.,the waitress kick the joker,1
TRUE,4938,"{""Q0"":""the joker is pulled by boxer""}",34429,pull,PI,n,The waitress is pullen by the pirate. ,the joker is pulled by boxer,0
TRUE,6021,"{""Q0"":""the robber follows the doctor""}",20116,follow,AC,n,The nun follows the cowboy.,the robber follows the doctor,1
TRUE,4114,"{""Q0"":""dancer is slapped by cowboy""}",27494,slap,PC,n,The nurse is slapped by  the policeman.,dancer is slapped by cowboy,0
TRUE,22139,"{""Q0"":""the cowboy pushes the swimmer""}",27571,push,AI,y,The chef push the clown.,the cowboy pushes the swimmer,1
FALSE,5152,"{""Q0"":""the swimmer is shot by chef""}",37606,shot,PI,y,The ballerina is shooted by the artist. ,the swimmer is shot by chef,0
TRUE,16332,"{""Q0"":""the waitress tickles the doctor""}",43961,tickle,AI,n,The soldier tickle the boxer.,the waitress tickles the doctor,1
TRUE,8489,"{""Q0"":""the thief is chased by pirate""}",87433,chase,PC,y,The monk is chased by the policeman.,the thief is chased by pirate,0
TRUE,7246,"{""Q0"":""the nun kisses the boxer""}",14823,kiss,AC,y,The artist kisses the ballerina.,the nun kisses the boxer,1
TRUE,5082,"{""Q0"":""the player is scolded by judge""}",31858,scold,PC,n,The monk is scolded by the swimmer. ,the player is scolded by judge,0
TRUE,6542,"{""Q0"":""the pirate pulls the ballerina""}",33793,pull,AI,y,The boxer pull the soldier.,the pirate pulls the ballerina,1
TRUE,3688,"{""Q0"":""the clown is kissed by artist""}",18321,kiss,PC,n,The monk is kissed by the swimmer.,the clown is kissed by artist,0
TRUE,6942,"{""Q0"":""the police man slaps the swimmer""}",19760,slap,AC,y,The cowboy slaps the professor.,the police man slaps the swimmer,1
TRUE,27430,"{""Q0"":""the sailor is slapped by cowboy""}",25558,slap,PC,y,The clown is slapped by the policeman.,the sailor is slapped by cowboy,0
TRUE,3677,"{""Q0"":""the policeman scolds the ballerina""}",13963,scold,AC,n,The waitress scolds the boxer.,the policeman scolds the ballerina,1
TRUE,4159,"{""Q0"":""the doctor is chased by waitress""}",20660,chase,PC,n,The swimmer is chased by the nun.,the doctor is chased by waitress,0
TRUE,3096,"{""Q0"":""the swimmer is touched by sailor""}",18243,touch,AI,n,The waitress touch the professor.,the swimmer is touched by sailor,0
TRUE,3596,"{""Q0"":""the boxer is followed by nun""}",16361,follow,PC,n,The ballerina is followed by the pirate.,the boxer is followed by nun,0
TRUE,3747,"{""Q0"":""the boxer shot by chef""}",35224,shoot,AI,n,The actress shoot the robber. ,the boxer shot by chef,0
TRUE,29968,"{""Q0"":""the priest is ticklen by waitress""}",29433,tickle,PI,y,The robber is ticklen by the soldier. ,the priest is ticklen by waitress,0
TRUE,4084,"{""Q0"":""the artist punches clown""}",21631,punch,AC,y,The cowboy punches the swimmer.,the artist punches clown,1
TRUE,6269,"{""Q0"":""the ballerina is pushed by cowboy""}",15869,push,PI,n,The monk is pushen by the policeman.,the ballerina is pushed by cowboy,0
TRUE,7679,"{""Q0"":""the policeman chases the robber""}",24594,chase,AC,y,The nun chases the sailor.,the policeman chases the robber,1
TRUE,7723,"{""Q0"":""the ballerina is kissed by nun""}",16135,kiss,PC,y,The boxer is kissed by the artist.,the ballerina is kissed by nun,0
TRUE,11160,"{""Q0"":""the policeman chases the swimmer""}",14791,chase,AC,n,The policeman chases the robber.,the policeman chases the swimmer,1
TRUE,5089,"{""Q0"":""the boxer is scolded by policeman""}",15158,scold,PC,y,The doctor is scolded by the professor. ,the boxer is scolded by policeman,0
TRUE,5789,"{""Q0"":""the professor scolds the sailor""}",19875,scold,AC,y,The policeman scolds the doctor.,the professor scolds the sailor,1
TRUE,7208,"{""Q0"":""the ballerina is punched by cowboy""}",17731,punch,PC,n,The policeman is punched by the artist.,the ballerina is punched by cowboy,0
TRUE,5565,"{""Q0"":""the pirate follows the sailor""}",14590,follow,AC,y,The nun follows the doctor.,the pirate follows the sailor,1
TRUE,9298,"{""Q0"":""the robber is kicked by waitress""}",40315,kick,PI,n,The clown is kicken by the nun. ,the robber is kicked by waitress,0
TRUE,3274,"{""Q0"":""the artist kisses a soldier""}",20071,kiss,AC,n,The pirate kisses the clown.,the artist kisses a soldier,1
TRUE,6227,"{""Q0"":""the clown is touched by sailor""}",15886,touch,PI,y,The doctor is touchen by the waitress.,the clown is touched by sailor,0
TRUE,2799,"{""Q0"":""the policeman slaps the boxer""}",18045,slap,AC,n,The cowboy slaps the ballerina.,the policeman slaps the boxer,1
TRUE,3421,"{""Q0"":""the soldier is followed by the nun.""}",20012,follow,PC,y,The ballerina is followed by the pirate. ,the soldier is followed by the nun.,0