resp_iscorrect,verif_rt,responses,descr_rt,T_verb,P_type,verif_ans,P_sentence,clear_responses,isactive
FALSE,9213,"{""Q0"":""A policeman slaps a boxer.""}",34675,slap,AC,n,The cowboy slaps the ballerina.,A policeman slaps a boxer.,1
FALSE,11078,"{""Q0"":""A cowboy slaps a dancer.""}",18395,slap,PC,n,The nurse is slapped by  the policeman.,A cowboy slaps a dancer.,1
TRUE,7843,"{""Q0"":""A policeman scolds a dancer.""}",15415,scold,AC,n,The waitress scolds the boxer.,A policeman scolds a dancer.,1
TRUE,4112,"{""Q0"":""A person follows a soldier.""}",26039,follow,PC,y,The ballerina is followed by the pirate. ,A person follows a soldier.,1
FALSE,5760,"{""Q0"":""A cowboy pushes a swimmer away.""}",21431,push,AI,y,The chef push the clown.,A cowboy pushes a swimmer away.,1
TRUE,4214,"{""Q0"":""A pirate chases a robber.""}",15253,chase,PC,y,The monk is chased by the policeman.,A pirate chases a robber.,1
TRUE,4587,"{""Q0"":""A nun kisses a boxer.""}",16582,kiss,AC,y,The artist kisses the ballerina.,A nun kisses a boxer.,1
TRUE,2670,"{""Q0"":""A nun sends a dancer a kiss.""}",14819,kiss,PC,y,The boxer is kissed by the artist.,A nun sends a dancer a kiss.,1
FALSE,3839,"{""Q0"":""A pirate follows a doctor.""}",14930,follow,AC,n,The nun follows the cowboy.,A pirate follows a doctor.,1
TRUE,3175,"{""Q0"":""A policeman scolds a boxer.""}",23046,scold,PC,y,The doctor is scolded by the professor. ,A policeman scolds a boxer.,1
TRUE,5433,"{""Q0"":""A sailor touches a swimmer.""}",24531,touch,AI,n,The waitress touch the professor.,A sailor touches a swimmer.,1
FALSE,3026,"{""Q0"":""The chef shoots the swimmer.""}",13431,shot,PI,y,The ballerina is shooted by the artist. ,The chef shoots the swimmer.,1
TRUE,3275,"{""Q0"":""A pirate follows a sailor.""}",18291,follow,AC,y,The nun follows the doctor.,A pirate follows a sailor.,1
TRUE,3517,"{""Q0"":""A nun follows a boxer.""}",18769,follow,PC,n,The ballerina is followed by the pirate.,A nun follows a boxer.,1
FALSE,2938,"{""Q0"":""The waitress kicks the customer.""}",21499,kick,AI,y,The policeman kick the boxer.,The waitress kicks the customer.,1
TRUE,4328,"{""Q0"":""A boxer pulls a clown.""}",12185,pull,PI,n,The waitress is pullen by the pirate. ,A boxer pulls a clown.,1
TRUE,3083,"{""Q0"":""An artist punches a clown.""}",19124,punch,AC,y,The cowboy punches the swimmer.,An artist punches a clown.,1
FALSE,3330,"{""Q0"":""A waitress tickles a monk.""}",19196,tickle,PI,y,The robber is ticklen by the soldier. ,A waitress tickles a monk.,1
TRUE,3308,"{""Q0"":""The policeman chases the robber.""}",20359,chase,AC,y,The nun chases the sailor.,The policeman chases the robber.,1
TRUE,2677,"{""Q0"":""The waitress kicks the robber.""}",20362,kick,PI,n,The clown is kicken by the nun. ,The waitress kicks the robber.,1
TRUE,2634,"{""Q0"":""A policeman slaps a swimmer.""}",16587,slap,AC,y,The cowboy slaps the professor.,A policeman slaps a swimmer.,1
TRUE,2844,"{""Q0"":""A professor scolds a soldier.""}",20379,scold,PC,n,The monk is scolded by the swimmer. ,A professor scolds a soldier.,1
TRUE,2828,"{""Q0"":""The artist punched a monk.""}",12579,punch,AC,n,The cowboy punches the nun.,The artist punched a monk.,1
TRUE,2669,"{""Q0"":""The doctor is chased by the waitress.""}",15504,chase,PC,n,The swimmer is chased by the nun.,The doctor is chased by the waitress.,0
FALSE,6470,"{""Q0"":""The pirate pulls the ballerina""}",25987,pull,AI,y,The boxer pull the soldier.,The pirate pulls the ballerina,1
TRUE,3030,"{""Q0"":""The cowboy slaps the sailor.""}",14800,slap,PC,y,The clown is slapped by the policeman.,The cowboy slaps the sailor.,1
TRUE,3607,"{""Q0"":""The waitress tickles the doctor.""}",15694,tickle,AI,n,The soldier tickle the boxer.,The waitress tickles the doctor.,1
TRUE,2462,"{""Q0"":""A cowboy punches a doctor.""}",18124,punch,PC,y,The ballerina is punched by the artist.,A cowboy punches a doctor.,1
TRUE,3904,"{""Q0"":""The chef shoots a boxer.""}",12323,shoot,AI,n,The actress shoot the robber. ,The chef shoots a boxer.,1
TRUE,4985,"{""Q0"":""The cowboy punched a dancer.""}",25502,punch,PC,n,The policeman is punched by the artist.,The cowboy punched a dancer.,1
TRUE,7676,"{""Q0"":""A policeman chases a swimmer.""}",24918,chase,AC,n,The policeman chases the robber.,A policeman chases a swimmer.,1
TRUE,2768,"{""Q0"":""The cowboy pushed the ballerina.""}",17160,push,PI,n,The monk is pushen by the policeman.,The cowboy pushed the ballerina.,1
TRUE,3197,"{""Q0"":""The artist kisses a soldier.""}",16377,kiss,AC,n,The pirate kisses the clown.,The artist kisses a soldier.,1
FALSE,2462,"{""Q0"":""The sailor touched the clown.""}",14729,touch,PI,y,The doctor is touchen by the waitress.,The sailor touched the clown.,1
TRUE,2989,"{""Q0"":""A professor scolds a sailor.""}",13776,scold,AC,y,The policeman scolds the doctor.,A professor scolds a sailor.,1
TRUE,2929,"{""Q0"":""An artist kisses a clown.""}",13703,kiss,PC,n,The monk is kissed by the swimmer.,An artist kisses a clown.,1