﻿resp_iscorrect,verif_rt,responses,descr_rt,T_verb,P_type,verif_ans,P_sentence,clear_responses,isactive
TRUE,4676,"{""Q0"":""the cop chases the robber""}",8567,chase,AC,y,The nun chases the sailor.,the cop chases the robber,1
TRUE,9451,"{""Q0"":""the nun is following the boxer""}",8536,follow,PC,n,The ballerina is followed by the pirate.,the nun is following the boxer,1
TRUE,2271,"{""Q0"":""the police is scolding the ballerina""}",8400,scold,AC,n,The waitress scolds the boxer.,the police is scolding the ballerina,1
TRUE,3133,"{""Q0"":""the artist is kissing the clown""}",13440,kiss,PC,n,The monk is kissed by the swimmer.,the artist is kissing the clown,1
TRUE,2279,"{""Q0"":""the policeman is chasing the swimmer""}",8696,chase,AC,n,The policeman chases the robber.,the policeman is chasing the swimmer,1
TRUE,2779,"{""Q0"":""the nun is following the soldier""}",8720,follow,PC,y,The ballerina is followed by the pirate.,the nun is following the soldier,1
TRUE,1389,"{""Q0"":""the cowboy pushed the swimmer""}",11557,push,AI,y,The chef push the clown.,the cowboy pushed the swimmer,1
TRUE,2541,"{""Q0"":""the pirate is chasing the robber""}",7601,chase,PC,y,The monk is chased by the policeman.,the pirate is chasing the robber,1
TRUE,1388,"{""Q0"":""the artist punches the clown""}",8930,punch,AC,y,The cowboy punches the swimmer.,the artist punches the clown,1
TRUE,1848,"{""Q0"":""the waitress is chasing the doctor""}",8449,chase,PC,n,The swimmer is chased by the nun.,the waitress is chasing the doctor,1
TRUE,1583,"{""Q0"":""the policeman slaps the boxer""}",12735,slap,AC,n,The cowboy slaps the ballerina.,the policeman slaps the boxer,1
TRUE,1888,"{""Q0"":""the waitress tickles the monk""}",10446,tickle,PI,y,The robber is ticklen by the soldier.,the waitress tickles the monk,1
TRUE,2712,"{""Q0"":""the pirate is following the doctor""}",9729,follow,AC,n,The nun follows the cowboy.,the pirate is following the doctor,1
TRUE,1668,"{""Q0"":""the teacher is scolding the soldier""}",11245,scold,PC,n,The monk is scolded by the swimmer.,the teacher is scolding the soldier,1
TRUE,2444,"{""Q0"":""the nun kisses the boxer""}",6814,kiss,AC,y,The artist kisses the ballerina.,the nun kisses the boxer,1
TRUE,1327,"{""Q0"":""the sailor touches the clown""}",8669,touch,PI,y,The doctor is touchen by the waitress.,the sailor touches the clown,1
TRUE,1859,"{""Q0"":""the pirate follows the sailor""}",8541,follow,AC,y,The nun follows the doctor.,the pirate follows the sailor,1
TRUE,1812,"{""Q0"":""the cowboy pushes the ballerina""}",9301,push,PI,n,The monk is pushen by the policeman.,the cowboy pushes the ballerina,1
TRUE,1389,"{""Q0"":""the artist punches the monk""}",7081,punch,AC,n,The cowboy punches the nun.,the artist punches the monk,1
TRUE,8715,"{""Q0"":""the chef shoots the swimmer""}",6998,shot,PI,y,The ballerina is shooted by the artist.,the chef shoots the swimmer,1
TRUE,1444,"{""Q0"":""the waitress kicks the clown""}",9214,kick,AI,y,The policeman kick the boxer.,the waitress kicks the clown,1
TRUE,5467,"{""Q0"":""the nun kisses the ballerina""}",7878,kiss,PC,y,The boxer is kissed by the artist.,the nun kisses the ballerina,1
TRUE,6498,"{""Q0"":""the police slaps the swimmer""}",7357,slap,AC,y,The cowboy slaps the professor.,the police slaps the swimmer,1
TRUE,1844,"{""Q0"":""the police scolds the boxer""}",6566,scold,PC,y,The doctor is scolded by the professor.,the police scolds the boxer,1
TRUE,1909,"{""Q0"":""the artist kisses the soldier""}",12280,kiss,AC,n,The pirate kisses the clown.,the artist kisses the soldier,1
TRUE,4177,"{""Q0"":""the cowboy slaps the ballerina""}",9037,slap,PC,n,The nurse is slapped by  the policeman.,the cowboy slaps the ballerina,1
TRUE,1824,"{""Q0"":""the soldier pulls the ballerina""}",7062,pull,AI,y,The boxer pull the soldier.,the soldier pulls the ballerina,1
TRUE,1554,"{""Q0"":""the boxer pulls the clown""}",9177,pull,PI,n,The waitress is pullen by the pirate.,the boxer pulls the clown,1
TRUE,1547,"{""Q0"":""the chef shoots the boxer""}",6653,shoot,AI,n,The actress shoot the robber.,the chef shoots the boxer,1
TRUE,1729,"{""Q0"":""the cowboy punches the ballerina""}",8421,punch,PC,n,The policeman is punched by the artist.,the cowboy punches the ballerina,1
TRUE,1659,"{""Q0"":""the sailor touches the swimmer""}",7328,touch,AI,n,The waitress touch the professor.,the sailor touches the swimmer,1
TRUE,1598,"{""Q0"":""the cowboy punches the doctor""}",7933,punch,PC,y,The ballerina is punched by the artist.,the cowboy punches the doctor,1
TRUE,1248,"{""Q0"":""the professor scolds the sailor""}",7225,scold,AC,y,The policeman scolds the doctor.,the professor scolds the sailor,1
TRUE,1684,"{""Q0"":""the waitress kicks the robber""}",7581,kick,PI,n,The clown is kicken by the nun.,the waitress kicks the robber,1
TRUE,1939,"{""Q0"":""the waitress tickles the doctor""}",8460,tickle,AI,n,The soldier tickle the boxer.,the waitress tickles the doctor,1
TRUE,1882,"{""Q0"":""the cowboy slaps the sailor""}",6294,slap,PC,y,The clown is slapped by the policeman.,the cowboy slaps the sailor,1