resp_iscorrect,verif_rt,responses,descr_rt,T_verb,P_type,verif_ans,P_sentence,clear_responses,isactive
TRUE,8923,"{""Q0"":""lady is kissing the man""}",19080,kiss,AC,n,The pirate kisses the clown.,lady is kissing the man,1
FALSE,12415,"{""Q0"":""The thief punched the lady""}",18654,punch,PC,n,The policeman is punched by the artist.,The thief punched the lady,1
TRUE,6915,"{""Q0"":""The butler shoots at the boxer""}",22543,shoot,AI,n,The actress shoot the robber. ,The butler shoots at the boxer,1
TRUE,5618,"{""Q0"":""sister kisses the lady""}",26645,kiss,PC,y,The boxer is kissed by the artist.,sister kisses the lady,1
TRUE,39623,"{""Q0"":""policeman chases the man who was swimming""}",49204,chase,AC,n,The policeman chases the robber.,policeman chases the man who was swimming,1
TRUE,5589,"{""Q0"":""A rowdy chases the thief""}",30397,chase,PC,y,The monk is chased by the policeman.,A rowdy chases the thief,1
TRUE,5268,"{""Q0"":""The waitress kicked the man""}",18243,kick,AI,y,The policeman kick the boxer.,The waitress kicked the man,1
TRUE,10093,"{""Q0"":""The thief punched the doctor""}",26130,punch,PC,y,The ballerina is punched by the artist.,The thief punched the doctor,1
TRUE,4671,"{""Q0"":""Rowdy follows a man""}",27753,follow,AC,y,The nun follows the doctor.,Rowdy follows a man,1
TRUE,7588,"{""Q0"":""nun follows the fireman""}",23885,follow,PC,y,The ballerina is followed by the pirate. ,nun follows the fireman,1
TRUE,5157,"{""Q0"":""The actor punched an old man""}",49652,punch,AC,y,The cowboy punches the swimmer.,The actor punched an old man,1
TRUE,5628,"{""Q0"":""The butler shoots at the swimmer""}",20424,shot,PI,y,The ballerina is shooted by the artist. ,The butler shoots at the swimmer,1
TRUE,4008,"{""Q0"":""The rowdy is following the doctor""}",30052,follow,AC,n,The nun follows the cowboy.,The rowdy is following the doctor,1
TRUE,4732,"{""Q0"":""The cowboy pushes the ballerina""}",21551,push,PI,n,The monk is pushen by the policeman.,The cowboy pushes the ballerina,1
TRUE,3674,"{""Q0"":""The policeman slaps the swimmer""}",23652,slap,AC,y,The cowboy slaps the professor.,The policeman slaps the swimmer,1
TRUE,5432,"{""Q0"":""The boxer is followed by the nun""}",20764,follow,PC,n,The ballerina is followed by the pirate.,The boxer is followed by the nun,0
TRUE,4083,"{""Q0"":""The policeman slaps the boxer""}",13779,slap,AC,n,The cowboy slaps the ballerina.,The policeman slaps the boxer,1
TRUE,3534,"{""Q0"":""The lady kisses the man""}",21000,kiss,PC,n,The monk is kissed by the swimmer.,The lady kisses the man,1
TRUE,5605,"{""Q0"":""The cook tickles the doctor""}",25179,tickle,AI,n,The soldier tickle the boxer.,The cook tickles the doctor,1
TRUE,8067,"{""Q0"":""The police touches an innocent""}",20302,touch,PI,y,The doctor is touchen by the waitress.,The police touches an innocent,1
TRUE,5126,"{""Q0"":""The policeman chases the thief""}",13381,chase,AC,y,The nun chases the sailor.,The policeman chases the thief,1
FALSE,6682,"{""Q0"":""The waitress tickles the father""}",14804,tickle,PI,y,The robber is ticklen by the soldier. ,The waitress tickles the father,1
TRUE,4052,"{""Q0"":""The soldier touches the swimmer""}",24638,touch,AI,n,The waitress touch the professor.,The soldier touches the swimmer,1
TRUE,5355,"{""Q0"":""The cowboy slapped the ballerina""}",18106,slap,PC,n,The nurse is slapped by  the policeman.,The cowboy slapped the ballerina,1
TRUE,5325,"{""Q0"":""The nun kisses the boxer""}",14482,kiss,AC,y,The artist kisses the ballerina.,The nun kisses the boxer,1
FALSE,11255,"{""Q0"":""The policeman scolds the boxer""}",26070,scold,PC,y,The doctor is scolded by the professor. ,The policeman scolds the boxer,1
TRUE,4217,"{""Q0"":""The professor scolds the sailor""}",17893,scold,AC,y,The policeman scolds the doctor.,The professor scolds the sailor,1
TRUE,5814,"{""Q0"":""The waitress kicked the thief""}",19091,kick,PI,n,The clown is kicken by the nun. ,The waitress kicked the thief,1
TRUE,2924,"{""Q0"":""The man punched the father""}",31602,punch,AC,n,The cowboy punches the nun.,The man punched the father,1
TRUE,2905,"{""Q0"":""The waitress chases the doctor""}",18180,chase,PC,n,The swimmer is chased by the nun.,The waitress chases the doctor,1
TRUE,8198,"{""Q0"":""The cowboy pushed the swimmer""}",16002,push,AI,y,The chef push the clown.,The cowboy pushed the swimmer,1
TRUE,3152,"{""Q0"":""The professor scolds the batsman""}",23910,scold,PC,n,The monk is scolded by the swimmer. ,The professor scolds the batsman,1
TRUE,3260,"{""Q0"":""The fireman scolds the ballerina""}",18390,scold,AC,n,The waitress scolds the boxer.,The fireman scolds the ballerina,1
TRUE,4266,"{""Q0"":""The boxer pulls the oldman""}",31278,pull,PI,n,The waitress is pullen by the pirate. ,The boxer pulls the oldman,1
TRUE,6735,"{""Q0"":""The thief pulls the ballerina""}",13643,pull,AI,y,The boxer pull the soldier.,The thief pulls the ballerina,1
FALSE,4643,"{""Q0"":""The cowboy slapped the sailor""}",19039,slap,PC,y,The clown is slapped by the policeman.,The cowboy slapped the sailor,1