resp_iscorrect,verif_rt,responses,descr_rt,T_verb,P_type,verif_ans,P_sentence,clear_responses,isactive
TRUE,4099,"{""Q0"":""The policeman chases the beachgoer""}",19102,chase,AC,n,The policeman chases the robber.,The policeman chases the beachgoer,1
TRUE,3972,"{""Q0"":""the nun kisses the ballerina""}",15401,kiss,PC,y,The boxer is kissed by the artist.,the nun kisses the ballerina,1
TRUE,5987,"{""Q0"":""the cowboy pushes the swimmer""}",16136,push,AI,y,The chef push the clown.,the cowboy pushes the swimmer,1
TRUE,4211,"{""Q0"":""the doctor is punched by the cowboy""}",16220,punch,PC,y,The ballerina is punched by the artist.,the doctor is punched by the cowboy,0
TRUE,2820,"{""Q0"":""the policeman scolds the ballerina""}",12835,scold,AC,n,The waitress scolds the boxer.,the policeman scolds the ballerina,1
TRUE,3563,"{""Q0"":""the ballerina is pushed by the cowboy""}",13837,push,PI,n,The monk is pushen by the policeman.,the ballerina is pushed by the cowboy,0
TRUE,4640,"{""Q0"":""the pirate is pulling the ballerina""}",12381,pull,AI,y,The boxer pull the soldier.,the pirate is pulling the ballerina,1
TRUE,2498,"{""Q0"":""the clown is kissed by the artist""}",11708,kiss,PC,n,The monk is kissed by the swimmer.,the clown is kissed by the artist,0
TRUE,7843,"{""Q0"":""the pirate follows the sailor""}",11750,follow,AC,y,The nun follows the doctor.,the pirate follows the sailor,1
TRUE,2115,"{""Q0"":""the ballerina is slapped by the cowboy""}",14107,slap,PC,n,The nurse is slapped by  the policeman.,the ballerina is slapped by the cowboy,0
TRUE,2455,"{""Q0"":""the doctor is tickled by the waitress""}",13063,tickle,AI,n,The soldier tickle the boxer.,the doctor is tickled by the waitress,0
TRUE,4979,"{""Q0"":""the monk is tickled by the waitress""}",14642,tickle,PI,y,The robber is ticklen by the soldier. ,the monk is tickled by the waitress,0
TRUE,3831,"{""Q0"":""the boxer is kissed by the nun""}",11105,kiss,AC,y,The artist kisses the ballerina.,the boxer is kissed by the nun,0
TRUE,2708,"{""Q0"":""the professor scolds the soldier""}",12693,scold,PC,n,The monk is scolded by the swimmer. ,the professor scolds the soldier,1
TRUE,2434,"{""Q0"":""the artist kisses the soldier""}",13859,kiss,AC,n,The pirate kisses the clown.,the artist kisses the soldier,1
TRUE,4751,"{""Q0"":""the robber is chased by the pirate""}",13385,chase,PC,y,The monk is chased by the policeman.,the robber is chased by the pirate,0
TRUE,3255,"{""Q0"":""the policeman chases the robber""}",11947,chase,AC,y,The nun chases the sailor.,the policeman chases the robber,1
TRUE,2420,"{""Q0"":""the boxer is followed by the nun""}",13422,follow,PC,n,The ballerina is followed by the pirate.,the boxer is followed by the nun,0
TRUE,3584,"{""Q0"":""the policeman slapped the boxer""}",12224,slap,AC,n,The cowboy slaps the ballerina.,the policeman slapped the boxer,1
TRUE,3569,"{""Q0"":""the sailor is slapped by the cowboy""}",13498,slap,PC,y,The clown is slapped by the policeman.,the sailor is slapped by the cowboy,0
TRUE,1953,"{""Q0"":""the pirate follows the doctor""}",11127,follow,AC,n,The nun follows the cowboy.,the pirate follows the doctor,1
TRUE,2724,"{""Q0"":""the boxer pulls the clown""}",14042,pull,PI,n,The waitress is pullen by the pirate. ,the boxer pulls the clown,1
TRUE,2685,"{""Q0"":""the professor scolds the sailor""}",13564,scold,AC,y,The policeman scolds the doctor.,the professor scolds the sailor,1
TRUE,3452,"{""Q0"":""the robber is kicked by the waitress""}",17584,kick,PI,n,The clown is kicken by the nun. ,the robber is kicked by the waitress,0
TRUE,3498,"{""Q0"":""the chef shoots the boxer""}",12398,shoot,AI,n,The actress shoot the robber. ,the chef shoots the boxer,1
TRUE,4623,"{""Q0"":""the ballerina is punched by the cowboy""}",14721,punch,PC,n,The policeman is punched by the artist.,the ballerina is punched by the cowboy,0
TRUE,2269,"{""Q0"":""the clown is punched by the artist""}",13536,punch,AC,y,The cowboy punches the swimmer.,the clown is punched by the artist,0
TRUE,3996,"{""Q0"":""the sailor touches the clown""}",10463,touch,PI,y,The doctor is touchen by the waitress.,the sailor touches the clown,1
TRUE,4384,"{""Q0"":""the artist punches the monk""}",10003,punch,AC,n,The cowboy punches the nun.,the artist punches the monk,1
TRUE,3393,"{""Q0"":""the soldier is followed by the nun""}",16405,follow,PC,y,The ballerina is followed by the pirate. ,the soldier is followed by the nun,0
TRUE,2194,"{""Q0"":""the swimmer is slapped by the policeman""}",13084,slap,AC,y,The cowboy slaps the professor.,the swimmer is slapped by the policeman,0
TRUE,1917,"{""Q0"":""the doctor is chased by the waitress""}",14250,chase,PC,n,The swimmer is chased by the nun.,the doctor is chased by the waitress,0
TRUE,2584,"{""Q0"":""the waitress kicked the clown""}",12776,kick,AI,y,The policeman kick the boxer.,the waitress kicked the clown,1
TRUE,3127,"{""Q0"":""the boxer is scolded by the policeman""}",13581,scold,PC,y,The doctor is scolded by the professor. ,the boxer is scolded by the policeman,0
TRUE,2309,"{""Q0"":""the sailor touched the swimmer""}",12210,touch,AI,n,The waitress touch the professor.,the sailor touched the swimmer,1
TRUE,2503,"{""Q0"":""the swimmer is shot by the chef""}",10602,shot,PI,y,The ballerina is shooted by the artist. ,the swimmer is shot by the chef,0