﻿resp_iscorrect,verif_rt,responses,descr_rt,T_verb,P_type,verif_ans,P_sentence,clear_responses,isactive
TRUE,9075,"{""Q0"":""the cowboy pushes toward the swimmer""}",28342,push,AI,y,The chef push the clown.,the cowboy pushes toward the swimmer,1
TRUE,7832,"{""Q0"":""the monk follows the fleeing boxer""}",38027,follow,PC,n,The ballerina is followed by the pirate.,the monk follows the fleeing boxer,1
TRUE,9272,"{""Q0"":""the sailor touches the swimmer""}",16961,touch,AI,n,The waitress touch the professor.,the sailor touches the swimmer,1
TRUE,5279,"{""Q0"":""the pirate chases the thief""}",17534,chase,PC,y,The monk is chased by the policeman.,the pirate chases the thief,1
TRUE,2451,"{""Q0"":""the scholar scolds the sailor""}",24894,scold,AC,y,The policeman scolds the doctor.,the scholar scolds the sailor,1
TRUE,7810,"{""Q0"":""the waitress tickles the monk""}",13647,tickle,PI,y,The robber is ticklen by the soldier.,the waitress tickles the monk,1
TRUE,4535,"{""Q0"":""the policeman slapped the boxer""}",26721,slap,AC,n,The cowboy slaps the ballerina.,the policeman slapped the boxer,1
TRUE,5225,"{""Q0"":""the cowboy punched the ballerina""}",18307,punch,PC,n,The policeman is punched by the artist.,the cowboy punched the ballerina,1
TRUE,3209,"{""Q0"":""the policeman chases the swimmer""}",12872,chase,AC,n,The policeman chases the robber.,the policeman chases the swimmer,1
TRUE,4124,"{""Q0"":""the sailor touches the clown""}",13884,touch,PI,y,The doctor is touchen by the waitress.,the sailor touches the clown,1
TRUE,2651,"{""Q0"":""the policeman scolds the ballerina""}",13044,scold,AC,n,The waitress scolds the boxer.,the policeman scolds the ballerina,1
TRUE,2917,"{""Q0"":""the painter kisses the clown""}",18277,kiss,PC,n,The monk is kissed by the swimmer.,the painter kisses the clown,1
TRUE,3203,"{""Q0"":""the policeman chases the robber""}",14776,chase,AC,y,The nun chases the sailor.,the policeman chases the robber,1
TRUE,2836,"{""Q0"":""the waitress chases after the doctor""}",14301,chase,PC,n,The swimmer is chased by the nun.,the waitress chases after the doctor,1
TRUE,5549,"{""Q0"":""the waitress tickles the doctor""}",13687,tickle,AI,n,The soldier tickle the boxer.,the waitress tickles the doctor,1
TRUE,3059,"{""Q0"":""the cowboy slapped the ballerina""}",12949,slap,PC,n,The nurse is slapped by  the policeman.,the cowboy slapped the ballerina,1
TRUE,3822,"{""Q0"":""the painter kisses the soldier""}",12790,kiss,AC,n,The pirate kisses the clown.,the painter kisses the soldier,1
TRUE,2517,"{""Q0"":""the waitress kicked the robber""}",14012,kick,PI,n,The clown is kicken by the nun.,the waitress kicked the robber,1
TRUE,2570,"{""Q0"":""the pirate follows the doctor""}",11587,follow,AC,n,The nun follows the cowboy.,the pirate follows the doctor,1
TRUE,3438,"{""Q0"":""the boxer pulls the clown""}",12097,pull,PI,n,The waitress is pullen by the pirate.,the boxer pulls the clown,1
TRUE,3045,"{""Q0"":""the nun kisses the boxer""}",10935,kiss,AC,y,The artist kisses the ballerina.,the nun kisses the boxer,1
TRUE,3223,"{""Q0"":""the nun wants to kiss the ballerina""}",14297,kiss,PC,y,The boxer is kissed by the artist.,the nun wants to kiss the ballerina,1
TRUE,2138,"{""Q0"":""the pirate follows the sailor""}",10748,follow,AC,y,The nun follows the doctor.,the pirate follows the sailor,1
TRUE,4089,"{""Q0"":""the nun follows the soldier""}",13995,follow,PC,y,The ballerina is followed by the pirate.,the nun follows the soldier,1
TRUE,3019,"{""Q0"":""the policeman slapped the swimmer""}",14142,slap,AC,y,The cowboy slaps the professor.,the policeman slapped the swimmer,1
TRUE,3609,"{""Q0"":""the chef shot the swimmer""}",13380,shot,PI,y,The ballerina is shooted by the artist.,the chef shot the swimmer,1
TRUE,2541,"{""Q0"":""the artist punched the monk""}",12091,punch,AC,n,The cowboy punches the nun.,the artist punched the monk,1
TRUE,2369,"{""Q0"":""the professor scolded the soldier""}",15105,scold,PC,n,The monk is scolded by the swimmer.,the professor scolded the soldier,1
TRUE,3803,"{""Q0"":""the chef shot the boxer""}",10719,shoot,AI,n,The actress shoot the robber.,the chef shot the boxer,1
TRUE,3508,"{""Q0"":""the cowboy pushed the ballerina""}",13154,push,PI,n,The monk is pushen by the policeman.,the cowboy pushed the ballerina,1
TRUE,2783,"{""Q0"":""the pirate pulled the ballerina""}",11308,pull,AI,y,The boxer pull the soldier.,the pirate pulled the ballerina,1
TRUE,2487,"{""Q0"":""the cowboy slapped the sailor""}",10842,slap,PC,y,The clown is slapped by the policeman.,the cowboy slapped the sailor,1
TRUE,2744,"{""Q0"":""the waitress has kicked the clown""}",16388,kick,AI,y,The policeman kick the boxer.,the waitress has kicked the clown,1
TRUE,2624,"{""Q0"":""the policeman scolds the boxer""}",11379,scold,PC,y,The doctor is scolded by the professor.,the policeman scolds the boxer,1
TRUE,2403,"{""Q0"":""the artist punched the clown""}",12504,punch,AC,y,The cowboy punches the swimmer.,the artist punched the clown,1
TRUE,2879,"{""Q0"":""the cowboy punched the doctor""}",11367,punch,PC,y,The ballerina is punched by the artist.,the cowboy punched the doctor,1