resp_iscorrect,verif_rt,responses,descr_rt,T_verb,P_type,verif_ans,P_sentence,clear_responses,isactive
TRUE,1683,"{""Q0"":""The sailor is followed by the pirate""}",16842,follow,AC,y,The nun follows the doctor.,The sailor is followed by the pirate,0
TRUE,2641,"{""Q0"":""The ballerina is kissed by the nun""}",11396,kiss,PC,y,The boxer is kissed by the artist.,The ballerina is kissed by the nun,0
TRUE,2357,"{""Q0"":""The swimmer chased by the polliceman""}",10773,chase,AC,n,The policeman chases the robber.,The swimmer chased by the polliceman,0
TRUE,1929,"{""Q0"":""The boxer followed by the nun""}",13572,follow,PC,n,The ballerina is followed by the pirate.,The boxer followed by the nun,0
TRUE,2443,"{""Q0"":""The robber pull the ballerina""}",9829,pull,AI,y,The boxer pull the soldier.,The robber pull the ballerina,1
TRUE,2390,"{""Q0"":""The robber chases the thief""}",12413,chase,PC,y,The monk is chased by the policeman.,The robber chases the thief,1
TRUE,1504,"{""Q0"":""The policeman slaps the swimmer""}",9813,slap,AC,y,The cowboy slaps the professor.,The policeman slaps the swimmer,1
TRUE,2327,"{""Q0"":""The doctor chased by the waitress""}",20460,chase,PC,n,The swimmer is chased by the nun.,The doctor chased by the waitress,0
FALSE,2227,"{""Q0"":""The policeman slaps the boxer""}",9173,slap,AC,n,The cowboy slaps the ballerina.,The policeman slaps the boxer,1
TRUE,42473,"{""Q0"":""the girl ticklen by the father""}",19786,tickle,PI,y,The robber is ticklen by the soldier. ,the girl ticklen by the father,0
FALSE,14142,"{""Q0"":""the girl tickled by the father""}",18399,tickle,AI,n,The soldier tickle the boxer.,the girl tickled by the father,0
FALSE,391,"{""Q0"":""the boy kissed by the girlfriend""}",17724,kiss,PC,n,The monk is kissed by the swimmer.,the boy kissed by the girlfriend,0
TRUE,10727,"{""Q0"":""the police pused by the thief""}",18663,push,AI,y,The chef push the clown.,the police pused by the thief,0
TRUE,3887,"{""Q0"":""the boxer bunched by the father""}",26525,punch,PC,y,The ballerina is punched by the artist.,the boxer bunched by the father,0
TRUE,4736,"{""Q0"":""the girl kissed by the boyfriend""}",15070,kiss,AC,y,The artist kisses the ballerina.,the girl kissed by the boyfriend,0
FALSE,7843,"{""Q0"":""the person kicked by the teacher""}",19591,kick,PI,n,The clown is kicken by the nun. ,the person kicked by the teacher,0
TRUE,3695,"{""Q0"":""the teacher kicked by boy""}",17364,kick,AI,y,The policeman kick the boxer.,the teacher kicked by boy,0
TRUE,3183,"{""Q0"":""the police toched by the person""}",14437,touch,PI,y,The doctor is touchen by the waitress.,the police toched by the person,0
FALSE,4137,"{""Q0"":""the police scoled by the girl""}",16180,scold,AC,n,The waitress scolds the boxer.,the police scoled by the girl,0
TRUE,5518,"{""Q0"":""the police scoled by the boxer""}",13638,scold,PC,y,The doctor is scolded by the professor. ,the police scoled by the boxer,0
TRUE,8049,"{""Q0"":""the boxer bunced by the person""}",17846,punch,AC,y,The cowboy punches the swimmer.,the boxer bunced by the person,0
FALSE,3611,"{""Q0"":""the perosn bushed by the girl""}",15799,push,PI,n,The monk is pushen by the policeman.,the perosn bushed by the girl,0
FALSE,3330,"{""Q0"":""the police touched by the swimmer""}",15791,touch,AI,n,The waitress touch the professor.,the police touched by the swimmer,0
TRUE,3821,"{""Q0"":""the thief followed by the police""}",18949,follow,PC,y,The ballerina is followed by the pirate. ,the thief followed by the police,0
FALSE,2045,"{""Q0"":""the girl kissed by the boy friend""}",16758,kiss,AC,n,The pirate kisses the clown.,the girl kissed by the boy friend,0
FALSE,6103,"{""Q0"":""the girl slapped by boy""}",19484,slap,PC,n,The nurse is slapped by  the policeman.,the girl slapped by boy,1
FALSE,1353,"{""Q0"":""the boxer bunched by the thief""}",15958,punch,AC,n,The cowboy punches the nun.,the boxer bunched by the thief,0
FALSE,5993,"{""Q0"":""the doctor scoled by the batter""}",18628,scold,PC,n,The monk is scolded by the swimmer. ,the doctor scoled by the batter,0
FALSE,5568,"{""Q0"":""the thief followed by the father""}",19134,follow,AC,n,The nun follows the cowboy.,the thief followed by the father,0
TRUE,7777,"{""Q0"":""the policeman slapped by the boy""}",23103,slap,PC,y,The clown is slapped by the policeman.,the policeman slapped by the boy,0
TRUE,6253,"{""Q0"":""the doctor scoled by the person""}",16622,scold,AC,y,The policeman scolds the doctor.,the doctor scoled by the person,0
FALSE,601,"{""Q0"":""the bxed bunched by the girl""}",13648,punch,PC,n,The policeman is punched by the artist.,the bxed bunched by the girl,0
FALSE,1284,"{""Q0"":""the ched shoot the person""}",17517,shoot,AI,n,The actress shoot the robber. ,the ched shoot the person,1
TRUE,1308,"{""Q0"":""the chef shoot by the thief""}",16422,shot,PI,y,The ballerina is shooted by the artist. ,the chef shoot by the thief,0
TRUE,3519,"{""Q0"":""the thief chased by the person""}",17341,chase,AC,y,The nun chases the sailor.,the thief chased by the person,1
FALSE,14510,"{""Q0"":""the person pullen by the boxer""}",21333,pull,PI,n,The waitress is pullen by the pirate. ,the person pullen by the boxer,0