resp_iscorrect,verif_rt,responses,descr_rt,T_verb,P_type,verif_ans,P_sentence,clear_responses,isactive
FALSE,10273,"{""Q0"":""The waitress kicked the man.""}",20592,kick,AI,y,The policeman kick the boxer.,The waitress kicked the man.,1
FALSE,5627,"{""Q0"":""The baker is shooting the swimmer.""}",20753,shot,PI,y,The ballerina is shooted by the artist. ,The baker is shooting the swimmer.,1
TRUE,5156,"{""Q0"":""The policeman is chasing the swimmer.""}",17415,chase,AC,n,The policeman chases the robber.,The policeman is chasing the swimmer.,1
TRUE,3349,"{""Q0"":""The nun is following the boxer.""}",14779,follow,PC,n,The ballerina is followed by the pirate.,The nun is following the boxer.,1
TRUE,2885,"{""Q0"":""The pirate is following the doctor.""}",12061,follow,AC,n,The nun follows the cowboy.,The pirate is following the doctor.,1
TRUE,6402,"{""Q0"":""The cowboy punched the doctor.""}",15340,punch,PC,y,The ballerina is punched by the artist.,The cowboy punched the doctor.,1
TRUE,3734,"{""Q0"":""The pirate is following the sailor.""}",14683,follow,AC,y,The nun follows the doctor.,The pirate is following the sailor.,1
TRUE,7602,"{""Q0"":""The policeman scolds the boxer.""}",14569,scold,PC,y,The doctor is scolded by the professor. ,The policeman scolds the boxer.,1
TRUE,4050,"{""Q0"":""The baker shoots the boxer.""}",13120,shoot,AI,n,The actress shoot the robber. ,The baker shoots the boxer.,1
TRUE,4209,"{""Q0"":""The nun is following the soldier.""}",17598,follow,PC,y,The ballerina is followed by the pirate. ,The nun is following the soldier.,1
TRUE,3703,"{""Q0"":""The policeman slapped the boxer.""}",13465,slap,AC,n,The cowboy slaps the ballerina.,The policeman slapped the boxer.,1
TRUE,4615,"{""Q0"":""The ballerina is slapped by the cowboy.""}",19699,slap,PC,n,The nurse is slapped by  the policeman.,The ballerina is slapped by the cowboy.,0
TRUE,4782,"{""Q0"":""The policeman slapped the swimmer.""}",13753,slap,AC,y,The cowboy slaps the professor.,The policeman slapped the swimmer.,1
TRUE,4314,"{""Q0"":""The artist kissed the clown.""}",17178,kiss,PC,n,The monk is kissed by the swimmer.,The artist kissed the clown.,1
FALSE,4120,"{""Q0"":""The cowboy pushed the swimmer.""}",11816,push,AI,y,The chef push the clown.,The cowboy pushed the swimmer.,1
TRUE,3306,"{""Q0"":""The cowboy punched the ballerina.""}",13139,punch,PC,n,The policeman is punched by the artist.,The cowboy punched the ballerina.,1
TRUE,2391,"{""Q0"":""The policeman scolds the ballerina.""}",15559,scold,AC,n,The waitress scolds the boxer.,The policeman scolds the ballerina.,1
TRUE,5139,"{""Q0"":""The cowboy slapped the sailor.""}",13676,slap,PC,y,The clown is slapped by the policeman.,The cowboy slapped the sailor.,1
FALSE,7036,"{""Q0"":""The pirate pulled the ballerina.""}",15793,pull,AI,y,The boxer pull the soldier.,The pirate pulled the ballerina.,1
TRUE,3506,"{""Q0"":""The pirated chased the criminal.""}",15320,chase,PC,y,The monk is chased by the policeman.,The pirated chased the criminal.,1
TRUE,3078,"{""Q0"":""The soldier touched the swimmer.""}",14658,touch,AI,n,The waitress touch the professor.,The soldier touched the swimmer.,1
TRUE,2497,"{""Q0"":""The cowboy pushed the ballerina.""}",12147,push,PI,n,The monk is pushen by the policeman.,The cowboy pushed the ballerina.,1
TRUE,2651,"{""Q0"":""The artist punched the monk.""}",12728,punch,AC,n,The cowboy punches the nun.,The artist punched the monk.,1
FALSE,3537,"{""Q0"":""The waitress tickled the monk.""}",11884,tickle,PI,y,The robber is ticklen by the soldier. ,The waitress tickled the monk.,1
TRUE,2901,"{""Q0"":""The policeman chased the robber.""}",15221,chase,AC,y,The nun chases the sailor.,The policeman chased the robber.,1
TRUE,2319,"{""Q0"":""The robber is kicked by the waitress.""}",14139,kick,PI,n,The clown is kicken by the nun. ,The robber is kicked by the waitress.,0
TRUE,3755,"{""Q0"":""The artist punched the clown.""}",10849,punch,AC,y,The cowboy punches the swimmer.,The artist punched the clown.,1
TRUE,2838,"{""Q0"":""The professor scolds the soldier.""}",19013,scold,PC,n,The monk is scolded by the swimmer. ,The professor scolds the soldier.,1
TRUE,2505,"{""Q0"":""The waitress tickled the doctor.""}",15082,tickle,AI,n,The soldier tickle the boxer.,The waitress tickled the doctor.,1
TRUE,2396,"{""Q0"":""The nun kissed the ballerina.""}",12472,kiss,PC,y,The boxer is kissed by the artist.,The nun kissed the ballerina.,1
TRUE,1523,"{""Q0"":""The artist kissed the soldier.""}",12750,kiss,AC,n,The pirate kisses the clown.,The artist kissed the soldier.,1
FALSE,2170,"{""Q0"":""The soldier touched the clown.""}",11048,touch,PI,y,The doctor is touchen by the waitress.,The soldier touched the clown.,1
TRUE,2530,"{""Q0"":""The nun kissed the boxer.""}",13251,kiss,AC,y,The artist kisses the ballerina.,The nun kissed the boxer.,1
TRUE,2253,"{""Q0"":""The doctor is chased by the waitress.""}",13546,chase,PC,n,The swimmer is chased by the nun.,The doctor is chased by the waitress.,0
TRUE,2729,"{""Q0"":""The professor scolds the sailor.""}",16713,scold,AC,y,The policeman scolds the doctor.,The professor scolds the sailor.,1
TRUE,2745,"{""Q0"":""The clown is pulled by the boxer.""}",11843,pull,PI,n,The waitress is pullen by the pirate. ,The clown is pulled by the boxer.,0