﻿resp_iscorrect,verif_rt,responses,descr_rt,T_verb,P_type,verif_ans,P_sentence,clear_responses,isactive
TRUE,3576,"{""Q0"":""The officer slapped the boxer. ""}",10075,slap,AC,n,The cowboy slaps the ballerina.,The officer slapped the boxer.,1
TRUE,3641,"{""Q0"":""The waitress is tickling the priest. ""}",13130,tickle,PI,y,The robber is ticklen by the soldier.,The waitress is tickling the priest.,1
TRUE,2376,"{""Q0"":""The cowboy pushed the swimmer.""}",12373,push,AI,y,The chef push the clown.,The cowboy pushed the swimmer.,1
TRUE,1949,"{""Q0"":""The nun followed the officer. ""}",12001,follow,PC,y,The ballerina is followed by the pirate.,The nun followed the officer.,1
TRUE,5132,"{""Q0"":""The artist punched the clown. ""}",9466,punch,AC,y,The cowboy punches the swimmer.,The artist punched the clown.,1
FALSE,3433,"{""Q0"":""The graduate scolded the soldier. ""}",10516,scold,PC,n,The monk is scolded by the swimmer.,The graduate scolded the soldier.,1
TRUE,3214,"{""Q0"":""The doctor is being tickled by the waitress. ""}",11764,tickle,AI,n,The soldier tickle the boxer.,The doctor is being tickled by the waitress.,0
TRUE,2775,"{""Q0"":""The chef shoots the swimmer. ""}",9620,shot,PI,y,The ballerina is shooted by the artist.,The chef shoots the swimmer.,1
TRUE,4635,"{""Q0"":""The artist kissed the soldier. ""}",11919,kiss,AC,n,The pirate kisses the clown.,The artist kissed the soldier.,1
TRUE,6829,"{""Q0"":""The pirate chased the robber. ""}",8571,chase,PC,y,The monk is chased by the policeman.,The pirate chased the robber.,1
TRUE,7500,"{""Q0"":""The graduate scolded the soldier. ""}",9593,scold,AC,y,The policeman scolds the doctor.,The graduate scolded the soldier.,1
TRUE,3616,"{""Q0"":""The boxer is pulling the clown. ""}",14823,pull,PI,n,The waitress is pullen by the pirate.,The boxer is pulling the clown.,1
TRUE,2217,"{""Q0"":""The nun kisses the boxer. ""}",7963,kiss,AC,y,The artist kisses the ballerina.,The nun kisses the boxer.,1
TRUE,3774,"{""Q0"":""The cowboy slapped the ballerina. ""}",7043,slap,PC,n,The nurse is slapped by  the policeman.,The cowboy slapped the ballerina.,1
TRUE,2833,"{""Q0"":""The waitress kicked the clown. ""}",11446,kick,AI,y,The policeman kick the boxer.,The waitress kicked the clown.,1
TRUE,5680,"{""Q0"":""The cowboy punched the doctor. ""}",19887,punch,PC,y,The ballerina is punched by the artist.,The cowboy punched the doctor.,1
TRUE,15978,"{""Q0"":""The artist punched the monk. ""}",13476,punch,AC,n,The cowboy punches the nun.,The artist punched the monk.,1
TRUE,4260,"{""Q0"":""The waitress is chasing the doctor. ""}",9014,chase,PC,n,The swimmer is chased by the nun.,The waitress is chasing the doctor.,1
TRUE,3904,"{""Q0"":""the chef shot the boxer. ""}",10226,shoot,AI,n,The actress shoot the robber.,the chef shot the boxer.,1
TRUE,22541,"{""Q0"":""The officer scolds the boxer. ""}",8050,scold,PC,y,The doctor is scolded by the professor.,The officer scolds the boxer.,1
TRUE,13453,"{""Q0"":""The pirate follows the sailor. ""}",20862,follow,AC,y,The nun follows the doctor.,The pirate follows the sailor.,1
TRUE,5002,"{""Q0"":""The waitress kicks the robber. ""}",26628,kick,PI,n,The clown is kicken by the nun.,The waitress kicks the robber.,1
TRUE,4125,"{""Q0"":""The officer slaps the swimmer""}",11180,slap,AC,y,The cowboy slaps the professor.,The officer slaps the swimmer,1
TRUE,6121,"{""Q0"":""The sailor is touching the clown. ""}",14754,touch,PI,y,The doctor is touchen by the waitress.,The sailor is touching the clown.,1
TRUE,3210,"{""Q0"":""The pirate follows the doctor. ""}",10652,follow,AC,n,The nun follows the cowboy.,The pirate follows the doctor.,1
TRUE,2093,"{""Q0"":""the nun is following the boxer. ""}",9584,follow,PC,n,The ballerina is followed by the pirate.,the nun is following the boxer.,1
TRUE,1924,"{""Q0"":""The pirate is pulling the ballerina. ""}",18571,pull,AI,y,The boxer pull the soldier.,The pirate is pulling the ballerina.,1
TRUE,2453,"{""Q0"":""The cowboy slapped the sailor. ""}",8077,slap,PC,y,The clown is slapped by the policeman.,The cowboy slapped the sailor.,1
FALSE,1789,"{""Q0"":""The sailor touched the swimmer. ""}",15179,touch,AI,n,The waitress touch the professor.,The sailor touched the swimmer.,1
TRUE,2017,"{""Q0"":""The nun kissed the ballerina. ""}",8908,kiss,PC,y,The boxer is kissed by the artist.,The nun kissed the ballerina.,1
TRUE,5126,"{""Q0"":""The officer chased the robber. ""}",8831,chase,AC,y,The nun chases the sailor.,The officer chased the robber.,1
TRUE,5466,"{""Q0"":""The cowboy punched the ballerina. ""}",9194,punch,PC,n,The policeman is punched by the artist.,The cowboy punched the ballerina.,1
TRUE,3471,"{""Q0"":""The officer chased the swimmer. ""}",9900,chase,AC,n,The policeman chases the robber.,The officer chased the swimmer.,1
TRUE,2542,"{""Q0"":""The cowboy pushed the ballerina. ""}",10668,push,PI,n,The monk is pushen by the policeman.,The cowboy pushed the ballerina.,1
TRUE,21530,"{""Q0"":""The officer scolds the ballerina. ""}",16421,scold,AC,n,The waitress scolds the boxer.,The officer scolds the ballerina.,1
TRUE,5943,"{""Q0"":""The artist kissed the clown. ""}",10060,kiss,PC,n,The monk is kissed by the swimmer.,The artist kissed the clown.,1