﻿resp_iscorrect,verif_rt,responses,descr_rt,T_verb,P_type,verif_ans,P_sentence,clear_responses,isactive
TRUE,5034,"{""Q0"":""The policeman slaps the swimmer.""}",25097,slap,AC,y,The cowboy slaps the professor.,The policeman slaps the swimmer.,1
TRUE,3468,"{""Q0"":""The ballerina is punched by the cowboy.""}",22089,punch,PC,n,The policeman is punched by the artist.,The ballerina is punched by the cowboy.,0
TRUE,5686,"{""Q0"":""The pirate follows the doctor.""}",16659,follow,AC,n,The nun follows the cowboy.,The pirate follows the doctor.,1
TRUE,4023,"{""Q0"":""The nun tries kissing the ballerina.""}",18190,kiss,PC,y,The boxer is kissed by the artist.,The nun tries kissing the ballerina.,1
TRUE,1678,"{""Q0"":""The policeman scolds the ballerina.""}",16275,scold,AC,n,The waitress scolds the boxer.,The policeman scolds the ballerina.,1
TRUE,1840,"{""Q0"":""The priest is tickled by the waitress.""}",27451,tickle,PI,y,The robber is ticklen by the soldier.,The priest is tickled by the waitress.,0
TRUE,2068,"{""Q0"":""The chef shoots the boxer.""}",14478,shoot,AI,n,The actress shoot the robber.,The chef shoots the boxer.,1
TRUE,2949,"{""Q0"":""The ballerina is slapped by the cowboy.""}",18218,slap,PC,n,The nurse is slapped by  the policeman.,The ballerina is slapped by the cowboy.,0
TRUE,1912,"{""Q0"":""The artist punches the clown.""}",17878,punch,AC,y,The cowboy punches the swimmer.,The artist punches the clown.,1
TRUE,6566,"{""Q0"":""The waitress chases the doctor.""}",13888,chase,PC,n,The swimmer is chased by the nun.,The waitress chases the doctor.,1
FALSE,3566,"{""Q0"":""The cowboy pushes the swimmer.""}",15044,push,AI,y,The chef push the clown.,The cowboy pushes the swimmer.,1
TRUE,3992,"{""Q0"":""The pirate chases the robber.""}",19503,chase,PC,y,The monk is chased by the policeman.,The pirate chases the robber.,1
TRUE,2284,"{""Q0"":""The policeman chases the robber.""}",14604,chase,AC,y,The nun chases the sailor.,The policeman chases the robber.,1
TRUE,2065,"{""Q0"":""The cowboy pushes the ballerina.""}",16718,push,PI,n,The monk is pushen by the policeman.,The cowboy pushes the ballerina.,1
TRUE,3718,"{""Q0"":""The professor scolds the sailor.""}",26086,scold,AC,y,The policeman scolds the doctor.,The professor scolds the sailor.,1
TRUE,2182,"{""Q0"":""The waitress kicks the robber.""}",16657,kick,PI,n,The clown is kicken by the nun.,The waitress kicks the robber.,1
TRUE,2463,"{""Q0"":""The nun kisses the boxer.""}",12111,kiss,AC,y,The artist kisses the ballerina.,The nun kisses the boxer.,1
TRUE,1895,"{""Q0"":""The boxer is scolded by the policeman.""}",14271,scold,PC,y,The doctor is scolded by the professor.,The boxer is scolded by the policeman.,0
TRUE,3583,"{""Q0"":""The policeman slaps the boxer.""}",14613,slap,AC,n,The cowboy slaps the ballerina.,The policeman slaps the boxer.,1
FALSE,3775,"{""Q0"":""The clown is touched by the sailor.""}",23194,touch,PI,y,The doctor is touchen by the waitress.,The clown is touched by the sailor.,0
TRUE,18180,"{""Q0"":""The pirate follows the sailor.""}",26477,follow,AC,y,The nun follows the doctor.,The pirate follows the sailor.,1
TRUE,10476,"{""Q0"":""The professor scolds the soldier.""}",24200,scold,PC,n,The monk is scolded by the swimmer.,The professor scolds the soldier.,1
FALSE,6871,"{""Q0"":""The pirate pulls the ballerina.""}",31363,pull,AI,y,The boxer pull the soldier.,The pirate pulls the ballerina.,1
FALSE,1915,"{""Q0"":""The chef shoots the swimmer.""}",17740,shot,PI,y,The ballerina is shooted by the artist.,The chef shoots the swimmer.,1
TRUE,4198,"{""Q0"":""The artist kisses the soldier.""}",16307,kiss,AC,n,The pirate kisses the clown.,The artist kisses the soldier.,1
TRUE,2266,"{""Q0"":""The nun follows the boxer.""}",13609,follow,PC,n,The ballerina is followed by the pirate.,The nun follows the boxer.,1
TRUE,1931,"{""Q0"":""The artist punches the monk.""}",27174,punch,AC,n,The cowboy punches the nun.,The artist punches the monk.,1
TRUE,2721,"{""Q0"":""The sailor is slapped by the cowboy.""}",22644,slap,PC,y,The clown is slapped by the policeman.,The sailor is slapped by the cowboy.,0
TRUE,2487,"{""Q0"":""The sailor touches the swimmer.""}",16704,touch,AI,n,The waitress touch the professor.,The sailor touches the swimmer.,1
TRUE,2524,"{""Q0"":""The clown is kissed by the artist.""}",16220,kiss,PC,n,The monk is kissed by the swimmer.,The clown is kissed by the artist.,0
TRUE,2919,"{""Q0"":""The policeman chases the swimmer.""}",16846,chase,AC,n,The policeman chases the robber.,The policeman chases the swimmer.,1
TRUE,1760,"{""Q0"":""The cowboy punches the doctor.""}",15928,punch,PC,y,The ballerina is punched by the artist.,The cowboy punches the doctor.,1
TRUE,2030,"{""Q0"":""The waitress tickles the doctor.""}",14350,tickle,AI,n,The soldier tickle the boxer.,The waitress tickles the doctor.,1
TRUE,9557,"{""Q0"":""The soldier is followed by the nun.""}",19002,follow,PC,y,The ballerina is followed by the pirate.,The soldier is followed by the nun.,0
FALSE,10888,"{""Q0"":""The waitress kicks the clown.""}",15554,kick,AI,y,The policeman kick the boxer.,The waitress kicks the clown.,1
TRUE,2448,"{""Q0"":""The boxer pulls the clown.""}",17175,pull,PI,n,The waitress is pullen by the pirate.,The boxer pulls the clown.,1