﻿resp_iscorrect,verif_rt,responses,descr_rt,T_verb,P_type,verif_ans,P_sentence,clear_responses,isactive
TRUE,7273,"{""Q0"":""The soldier is going to touch the swimmer.""}",13467,touch,AI,n,The waitress touch the professor.,The soldier is going to touch the swimmer.,1
TRUE,5207,"{""Q0"":""The girl is punched by the cowboy.""}",13372,punch,PC,n,The policeman is punched by the artist.,The girl is punched by the cowboy.,0
TRUE,1754,"{""Q0"":""The professor scolds the sailor.""}",8373,scold,AC,y,The policeman scolds the doctor.,The professor scolds the sailor.,1
TRUE,2922,"{""Q0"":""The sailor is slapped by the cowboy.""}",9239,slap,PC,y,The clown is slapped by the policeman.,The sailor is slapped by the cowboy.,0
TRUE,6435,"{""Q0"":""The policeman chases the swimmer.""}",10263,chase,AC,n,The policeman chases the robber.,The policeman chases the swimmer.,1
TRUE,3879,"{""Q0"":""The clown is pulled by the boxer.""}",7227,pull,PI,n,The waitress is pullen by the pirate.,The clown is pulled by the boxer.,0
TRUE,4947,"{""Q0"":""The pirate pulls the ballerina.""}",9490,pull,AI,y,The boxer pull the soldier.,The pirate pulls the ballerina.,1
TRUE,2692,"{""Q0"":""The chef shoots the swimmer.""}",9975,shot,PI,y,The ballerina is shooted by the artist.,The chef shoots the swimmer.,1
TRUE,2088,"{""Q0"":""The artist punches the man.""}",22642,punch,AC,n,The cowboy punches the nun.,The artist punches the man.,1
TRUE,2245,"{""Q0"":""The doctor is punched by the cowboy.""}",9950,punch,PC,y,The ballerina is punched by the artist.,The doctor is punched by the cowboy.,0
TRUE,2231,"{""Q0"":""The waitress tickles the doctor.""}",8926,tickle,AI,n,The soldier tickle the boxer.,The waitress tickles the doctor.,1
TRUE,2594,"{""Q0"":""The pirate chases the robber.""}",7158,chase,PC,y,The monk is chased by the policeman.,The pirate chases the robber.,1
TRUE,2070,"{""Q0"":""The pirate follows the sailor.""}",9660,follow,AC,y,The nun follows the doctor.,The pirate follows the sailor.,1
TRUE,2022,"{""Q0"":""The cowboy slaps the ballerina.""}",7015,slap,PC,n,The nurse is slapped by  the policeman.,The cowboy slaps the ballerina.,1
TRUE,6376,"{""Q0"":""The swimmer is slapped by the policeman.""}",9463,slap,AC,y,The cowboy slaps the professor.,The swimmer is slapped by the policeman.,0
TRUE,5268,"{""Q0"":""The doctor is chased by the waitress.""}",13041,chase,PC,n,The swimmer is chased by the nun.,The doctor is chased by the waitress.,0
TRUE,2079,"{""Q0"":""The doctor is followed by the pirate.""}",9430,follow,AC,n,The nun follows the cowboy.,The doctor is followed by the pirate.,0
TRUE,1974,"{""Q0"":""The nun kisses the ballerina.""}",7656,kiss,PC,y,The boxer is kissed by the artist.,The nun kisses the ballerina.,1
TRUE,7212,"{""Q0"":""The policeman scolds the ballerina.""}",6663,scold,AC,n,The waitress scolds the boxer.,The policeman scolds the ballerina.,1
TRUE,7476,"{""Q0"":""The cowboy pushes the ballerina.""}",14076,push,PI,n,The monk is pushen by the policeman.,The cowboy pushes the ballerina.,1
TRUE,4763,"{""Q0"":""The swimmer is pushed by the cowboy.""}",19186,push,AI,y,The chef push the clown.,The swimmer is pushed by the cowboy.,0
TRUE,3769,"{""Q0"":""The waitress tickles the monk.""}",8140,tickle,PI,y,The robber is ticklen by the soldier.,The waitress tickles the monk.,1
TRUE,1793,"{""Q0"":""The waitress kicked the clown.""}",8776,kick,AI,y,The policeman kick the boxer.,The waitress kicked the clown.,1
TRUE,2747,"{""Q0"":""The professor scolds the soldier.""}",10228,scold,PC,n,The monk is scolded by the swimmer.,The professor scolds the soldier.,1
TRUE,4033,"{""Q0"":""The artist kisses the soldier.""}",12526,kiss,AC,n,The pirate kisses the clown.,The artist kisses the soldier.,1
TRUE,2382,"{""Q0"":""The artist kisses the clown.""}",10686,kiss,PC,n,The monk is kissed by the swimmer.,The artist kisses the clown.,1
TRUE,8063,"{""Q0"":""The policeman chases the robber.""}",13235,chase,AC,y,The nun chases the sailor.,The policeman chases the robber.,1
TRUE,4636,"{""Q0"":""The waitress kicked the robber.""}",6136,kick,PI,n,The clown is kicken by the nun.,The waitress kicked the robber.,1
TRUE,1347,"{""Q0"":""The artist punches the clown.""}",12204,punch,AC,y,The cowboy punches the swimmer.,The artist punches the clown.,1
TRUE,4684,"{""Q0"":""The sailor touches the clown.""}",13169,touch,PI,y,The doctor is touchen by the waitress.,The sailor touches the clown.,1
TRUE,2906,"{""Q0"":""The nun kisses the boxer.""}",8261,kiss,AC,y,The artist kisses the ballerina.,The nun kisses the boxer.,1
TRUE,3848,"{""Q0"":""The policeman scolds the boxer.""}",11167,scold,PC,y,The doctor is scolded by the professor.,The policeman scolds the boxer.,1
TRUE,8633,"{""Q0"":""The chef shoots the boxer.""}",14246,shoot,AI,n,The actress shoot the robber.,The chef shoots the boxer.,1
TRUE,2972,"{""Q0"":""The nun follows the boxer.""}",10305,follow,PC,n,The ballerina is followed by the pirate.,The nun follows the boxer.,1
TRUE,2714,"{""Q0"":""The policeman slaps the boxer.""}",11121,slap,AC,n,The cowboy slaps the ballerina.,The policeman slaps the boxer.,1
TRUE,2237,"{""Q0"":""The soldier is followed by the nun.""}",12453,follow,PC,y,The ballerina is followed by the pirate.,The soldier is followed by the nun.,0