resp_iscorrect,verif_rt,responses,descr_rt,T_verb,P_type,verif_ans,P_sentence,clear_responses,isactive
TRUE,4859,"{""Q0"":""the pirate follows the doctor""}",11461,follow,AC,n,The nun follows the cowboy.,the pirate follows the doctor,1
TRUE,2855,"{""Q0"":""the painter kisses the clown""}",13575,kiss,PC,n,The monk is kissed by the swimmer.,the painter kisses the clown,1
TRUE,2207,"{""Q0"":""the pirated follows the sailor""}",11594,follow,AC,y,The nun follows the doctor.,the pirated follows the sailor,1
TRUE,2193,"{""Q0"":""the boxer pulls the clown""}",24800,pull,PI,n,The waitress is pullen by the pirate. ,the boxer pulls the clown,1
TRUE,2210,"{""Q0"":""the sailor touches the swimmer""}",11878,touch,AI,n,The waitress touch the professor.,the sailor touches the swimmer,1
TRUE,4247,"{""Q0"":""the sailor touches the clown""}",11693,touch,PI,y,The doctor is touchen by the waitress.,the sailor touches the clown,1
TRUE,1996,"{""Q0"":""the policeman scolds the ballerina""}",18837,scold,AC,n,The waitress scolds the boxer.,the policeman scolds the ballerina,1
TRUE,9241,"{""Q0"":""the chef shoots the swimmer""}",13079,shot,PI,y,The ballerina is shooted by the artist. ,the chef shoots the swimmer,1
TRUE,1898,"{""Q0"":""the cowboy pushes the swimmer""}",12817,push,AI,y,The chef push the clown.,the cowboy pushes the swimmer,1
TRUE,3314,"{""Q0"":""the nun follows the soldier ""}",13659,follow,PC,y,The ballerina is followed by the pirate. ,the nun follows the soldier ,1
TRUE,1511,"{""Q0"":""the policeman chases the thief""}",13344,chase,AC,y,The nun chases the sailor.,the policeman chases the thief,1
TRUE,2615,"{""Q0"":""the nun follows the boxer""}",11357,follow,PC,n,The ballerina is followed by the pirate.,the nun follows the boxer,1
TRUE,1754,"{""Q0"":""the pirate pulls the ballerina""}",10534,pull,AI,y,The boxer pull the soldier.,the pirate pulls the ballerina,1
FALSE,5053,"{""Q0"":""the cowboy punches the doctor""}",14928,punch,PC,y,The ballerina is punched by the artist.,the cowboy punches the doctor,1
FALSE,1702,"{""Q0"":""the chief shoots the boxer""}",12224,shoot,AI,n,The actress shoot the robber. ,the chief shoots the boxer,1
TRUE,2621,"{""Q0"":""the policeman scolds the boxer""}",16214,scold,PC,y,The doctor is scolded by the professor. ,the policeman scolds the boxer,1
TRUE,3481,"{""Q0"":""the artist kisses the soldier""}",15172,kiss,AC,n,The pirate kisses the clown.,the artist kisses the soldier,1
TRUE,3126,"{""Q0"":""the cowboy slaps the sailor""}",11848,slap,PC,y,The clown is slapped by the policeman.,the cowboy slaps the sailor,1
TRUE,2082,"{""Q0"":""the artist punches the clown ""}",15567,punch,AC,y,The cowboy punches the swimmer.,the artist punches the clown ,1
TRUE,2216,"{""Q0"":""the pirate chases the robber""}",9647,chase,PC,y,The monk is chased by the policeman.,the pirate chases the robber,1
TRUE,2470,"{""Q0"":""the artist punches the priest""}",11600,punch,AC,n,The cowboy punches the nun.,the artist punches the priest,1
TRUE,2600,"{""Q0"":""the nun kisses the ballerina ""}",17215,kiss,PC,y,The boxer is kissed by the artist.,the nun kisses the ballerina ,1
TRUE,1921,"{""Q0"":""the policeman slaps the swimmer""}",10072,slap,AC,y,The cowboy slaps the professor.,the policeman slaps the swimmer,1
TRUE,3300,"{""Q0"":""the cowboy punches the ballerina""}",13392,punch,PC,n,The policeman is punched by the artist.,the cowboy punches the ballerina,1
TRUE,2605,"{""Q0"":""the nun kisses the boxer""}",13245,kiss,AC,y,The artist kisses the ballerina.,the nun kisses the boxer,1
TRUE,3398,"{""Q0"":""the waitress chases the doctor""}",10413,chase,PC,n,The swimmer is chased by the nun.,the waitress chases the doctor,1
TRUE,1805,"{""Q0"":""the policeman chases the swimmer""}",10886,chase,AC,n,The policeman chases the robber.,the policeman chases the swimmer,1
TRUE,3855,"{""Q0"":""the cowboy pushes the ballerina""}",12528,push,PI,n,The monk is pushen by the policeman.,the cowboy pushes the ballerina,1
TRUE,2099,"{""Q0"":""the waitress tickles the doctor""}",12181,tickle,AI,n,The soldier tickle the boxer.,the waitress tickles the doctor,1
TRUE,2687,"{""Q0"":""the professor scolds the soldier""}",11775,scold,PC,n,The monk is scolded by the swimmer. ,the professor scolds the soldier,1
TRUE,2191,"{""Q0"":""the waitress kicked the clown""}",12979,kick,AI,y,The policeman kick the boxer.,the waitress kicked the clown,1
TRUE,3520,"{""Q0"":""the waitress tickles the monk""}",19302,tickle,PI,y,The robber is ticklen by the soldier. ,the waitress tickles the monk,1
TRUE,2890,"{""Q0"":""the professor scolds the sailor""}",10909,scold,AC,y,The policeman scolds the doctor.,the professor scolds the sailor,1
TRUE,2597,"{""Q0"":""the cowboy slaps the ballerina""}",15197,slap,PC,n,The nurse is slapped by  the policeman.,the cowboy slaps the ballerina,1
TRUE,2435,"{""Q0"":""the policeman slaps the boxer""}",19302,slap,AC,n,The cowboy slaps the ballerina.,the policeman slaps the boxer,1
TRUE,2259,"{""Q0"":""the waitress kicked the robber""}",17431,kick,PI,n,The clown is kicken by the nun. ,the waitress kicked the robber,1