resp_iscorrect,verif_rt,responses,descr_rt,T_verb,P_type,verif_ans,P_sentence,clear_responses,isactive
TRUE,5751,"{""Q0"":""The artist kisses the soldier.""}",11282,kiss,AC,n,The pirate kisses the clown.,The artist kisses the soldier.,1
TRUE,7573,"{""Q0"":""The waitress chases the doctor.""}",11854,chase,PC,n,The swimmer is chased by the nun.,The waitress chases the doctor.,1
TRUE,3852,"{""Q0"":""The policeman chases the swimmer.""}",12750,chase,AC,n,The policeman chases the robber.,The policeman chases the swimmer.,1
TRUE,5864,"{""Q0"":""The boxer pulls the clown.""}",10755,pull,PI,n,The waitress is pullen by the pirate. ,The boxer pulls the clown.,1
TRUE,2849,"{""Q0"":""The waitress tickles the doctor.""}",10957,tickle,AI,n,The soldier tickle the boxer.,The waitress tickles the doctor.,1
TRUE,2684,"{""Q0"":""The cowboy slaps the sailor.""}",10951,slap,PC,y,The clown is slapped by the policeman.,The cowboy slaps the sailor.,1
TRUE,3706,"{""Q0"":""The pirate follows the sailor.""}",15740,follow,AC,y,The nun follows the doctor.,The pirate follows the sailor.,1
TRUE,5512,"{""Q0"":""The cowboy punches the dancer.""}",16782,punch,PC,n,The policeman is punched by the artist.,The cowboy punches the dancer.,1
TRUE,2276,"{""Q0"":""The waitress kicks the clown.""}",10085,kick,AI,y,The policeman kick the boxer.,The waitress kicks the clown.,1
TRUE,3775,"{""Q0"":""The artist kisses the clown.""}",11359,kiss,PC,n,The monk is kissed by the swimmer.,The artist kisses the clown.,1
TRUE,2732,"{""Q0"":""The cowboy pushes the swimmer.""}",12032,push,AI,y,The chef push the clown.,The cowboy pushes the swimmer.,1
TRUE,6191,"{""Q0"":""The burglar is kicked by the waitress.""}",16357,kick,PI,n,The clown is kicken by the nun. ,The burglar is kicked by the waitress.,0
TRUE,2320,"{""Q0"":""The pirate follows the doctor.""}",9447,follow,AC,n,The nun follows the cowboy.,The pirate follows the doctor.,1
TRUE,2501,"{""Q0"":""The boxer is scolded by the policeman.""}",12833,scold,PC,y,The doctor is scolded by the professor. ,The boxer is scolded by the policeman.,0
TRUE,2420,"{""Q0"":""The artist punches the monk.""}",8691,punch,AC,n,The cowboy punches the nun.,The artist punches the monk.,1
TRUE,2675,"{""Q0"":""The waitress tickles the monk.""}",11220,tickle,PI,y,The robber is ticklen by the soldier. ,The waitress tickles the monk.,1
TRUE,2161,"{""Q0"":""The chef shoots the boxer.""}",9327,shoot,AI,n,The actress shoot the robber. ,The chef shoots the boxer.,1
FALSE,4214,"{""Q0"":""The sailor touches the clown.""}",10636,touch,PI,y,The doctor is touchen by the waitress.,The sailor touches the clown.,1
TRUE,1765,"{""Q0"":""The policeman slaps the swimmer.""}",11295,slap,AC,y,The cowboy slaps the professor.,The policeman slaps the swimmer.,1
TRUE,1971,"{""Q0"":""The nun follows the soldier.""}",8876,follow,PC,y,The ballerina is followed by the pirate. ,The nun follows the soldier.,1
TRUE,2278,"{""Q0"":""The pirate pulls the ballerina.""}",14406,pull,AI,y,The boxer pull the soldier.,The pirate pulls the ballerina.,1
FALSE,3185,"{""Q0"":""The chef shoots the swimmer.""}",11444,shot,PI,y,The ballerina is shooted by the artist. ,The chef shoots the swimmer.,1
TRUE,2003,"{""Q0"":""The nun kisses the boxer.""}",9032,kiss,AC,y,The artist kisses the ballerina.,The nun kisses the boxer.,1
TRUE,2265,"{""Q0"":""The cowboy slaps the ballerina.""}",13802,slap,PC,n,The nurse is slapped by  the policeman.,The cowboy slaps the ballerina.,1
TRUE,1673,"{""Q0"":""The professor scolds the sailor.""}",11650,scold,AC,y,The policeman scolds the doctor.,The professor scolds the sailor.,1
TRUE,2843,"{""Q0"":""The cowboy pushes the ballerina.""}",12352,push,PI,n,The monk is pushen by the policeman.,The cowboy pushes the ballerina.,1
TRUE,2817,"{""Q0"":""The sailor touches the swimmer.""}",11570,touch,AI,n,The waitress touch the professor.,The sailor touches the swimmer.,1
TRUE,3250,"{""Q0"":""The cowboy punches the doctor.""}",12879,punch,PC,y,The ballerina is punched by the artist.,The cowboy punches the doctor.,1
TRUE,6352,"{""Q0"":""The policeman scolds the ballerina.""}",11624,scold,AC,n,The waitress scolds the boxer.,The policeman scolds the ballerina.,1
TRUE,21184,"{""Q0"":""The pirate chases the robber.""}",11337,chase,PC,y,The monk is chased by the policeman.,The pirate chases the robber.,1
TRUE,5053,"{""Q0"":""The policeman slaps the boxer.""}",9861,slap,AC,n,The cowboy slaps the ballerina.,The policeman slaps the boxer.,1
TRUE,3445,"{""Q0"":""The professor scolds the soldier.""}",10858,scold,PC,n,The monk is scolded by the swimmer. ,The professor scolds the soldier.,1
TRUE,2438,"{""Q0"":""The artist punches the clown.""}",9422,punch,AC,y,The cowboy punches the swimmer.,The artist punches the clown.,1
TRUE,2195,"{""Q0"":""The nun kisses the ballerina.""}",11952,kiss,PC,y,The boxer is kissed by the artist.,The nun kisses the ballerina.,1
TRUE,1769,"{""Q0"":""The policeman chases the robber.""}",9666,chase,AC,y,The nun chases the sailor.,The policeman chases the robber.,1
TRUE,2262,"{""Q0"":""The nun follows the boxer.""}",9703,follow,PC,n,The ballerina is followed by the pirate.,The nun follows the boxer.,1