resp_iscorrect,verif_rt,responses,descr_rt,T_verb,P_type,verif_ans,P_sentence,clear_responses,isactive
TRUE,1705,"{""Q0"":""the pirate follows the doctor""}",7648,follow,AC,n,The nun follows the cowboy.,the pirate follows the doctor,1
TRUE,1527,"{""Q0"":""the woman chases the doctor""}",6039,chase,PC,n,The swimmer is chased by the nun.,the woman chases the doctor,1
TRUE,1239,"{""Q0"":""the policeman slapped the swimmer""}",9983,slap,AC,y,The cowboy slaps the professor.,the policeman slapped the swimmer,1
TRUE,1748,"{""Q0"":""the boxer pulls the clown""}",11233,pull,PI,n,The waitress is pullen by the pirate. ,the boxer pulls the clown,1
TRUE,1119,"{""Q0"":""the policeman slapped the boxer""}",8326,slap,AC,n,The cowboy slaps the ballerina.,the policeman slapped the boxer,1
TRUE,1559,"{""Q0"":""the pirate chases the robber""}",6121,chase,PC,y,The monk is chased by the policeman.,the pirate chases the robber,1
TRUE,1493,"{""Q0"":""the chef shot the boxer""}",6314,shoot,AI,n,The actress shoot the robber. ,the chef shot the boxer,1
TRUE,1931,"{""Q0"":""the waitress kicked the robber""}",8134,kick,PI,n,The clown is kicken by the nun. ,the waitress kicked the robber,1
TRUE,1298,"{""Q0"":""the nun kissed the boxer""}",6798,kiss,AC,y,The artist kisses the ballerina.,the nun kissed the boxer,1
TRUE,1706,"{""Q0"":""the cowboy pushed the ballerina""}",7860,push,PI,n,The monk is pushen by the policeman.,the cowboy pushed the ballerina,1
TRUE,3334,"{""Q0"":""the policeman chases the swimmer""}",6862,chase,AC,n,The policeman chases the robber.,the policeman chases the swimmer,1
TRUE,2641,"{""Q0"":""the waitress tickled the monk""}",9792,tickle,PI,y,The robber is ticklen by the soldier. ,the waitress tickled the monk,1
TRUE,1277,"{""Q0"":""the waitress kicked the clown""}",5851,kick,AI,y,The policeman kick the boxer.,the waitress kicked the clown,1
TRUE,2603,"{""Q0"":""the nun follows the soldier""}",7335,follow,PC,y,The ballerina is followed by the pirate. ,the nun follows the soldier,1
TRUE,2270,"{""Q0"":""the pirate pulls the ballerina""}",7725,pull,AI,y,The boxer pull the soldier.,the pirate pulls the ballerina,1
TRUE,3304,"{""Q0"":""the policeman scods the boxer""}",7793,scold,PC,y,The doctor is scolded by the professor. ,the policeman scods the boxer,1
TRUE,1425,"{""Q0"":""the cowboy pushed the swimmer""}",5905,push,AI,y,The chef push the clown.,the cowboy pushed the swimmer,1
TRUE,1152,"{""Q0"":""the nun follows boxer""}",8198,follow,PC,n,The ballerina is followed by the pirate.,the nun follows boxer,1
TRUE,881,"{""Q0"":""the pirate follows solider""}",8452,follow,AC,y,The nun follows the doctor.,the pirate follows solider,1
TRUE,1450,"{""Q0"":""the pirate touches the clown""}",7946,touch,PI,y,The doctor is touchen by the waitress.,the pirate touches the clown,1
TRUE,2035,"{""Q0"":""the scholar scolds the navy""}",14142,scold,AC,y,The policeman scolds the doctor.,the scholar scolds the navy,1
TRUE,1505,"{""Q0"":""the cowboy punched doctor""}",6334,punch,PC,y,The ballerina is punched by the artist.,the cowboy punched doctor,1
TRUE,2027,"{""Q0"":""the artist punched the clown""}",6801,punch,AC,y,The cowboy punches the swimmer.,the artist punched the clown,1
TRUE,1282,"{""Q0"":""the nun kissed ballerina""}",4716,kiss,PC,y,The boxer is kissed by the artist.,the nun kissed ballerina,1
FALSE,8492,"{""Q0"":""policeman scolds ballerina""}",8725,scold,AC,n,The waitress scolds the boxer.,policeman scolds ballerina,1
TRUE,1169,"{""Q0"":""chef shoots swimmer""}",5609,shot,PI,y,The ballerina is shooted by the artist. ,chef shoots swimmer,1
FALSE,977,"{""Q0"":""artist punched monk""}",5712,punch,AC,n,The cowboy punches the nun.,artist punched monk,1
TRUE,2815,"{""Q0"":""ballerina slapped by bowboy""}",5967,slap,PC,n,The nurse is slapped by  the policeman.,ballerina slapped by bowboy,0
TRUE,1091,"{""Q0"":""soldier kissed by artist""}",6823,kiss,AC,n,The pirate kisses the clown.,soldier kissed by artist,0
TRUE,2142,"{""Q0"":""ballerina punched by cowboy""}",6095,punch,PC,n,The policeman is punched by the artist.,ballerina punched by cowboy,0
TRUE,1957,"{""Q0"":""waitress tickles doctor""}",8856,tickle,AI,n,The soldier tickle the boxer.,waitress tickles doctor,0
TRUE,1371,"{""Q0"":""cowboy slaps seaman""}",6117,slap,PC,y,The clown is slapped by the policeman.,cowboy slaps seaman,1
TRUE,1129,"{""Q0"":""police chases robber""}",5102,chase,AC,y,The nun chases the sailor.,police chases robber,1
TRUE,1194,"{""Q0"":""clown kissed by artist""}",6318,kiss,PC,n,The monk is kissed by the swimmer.,clown kissed by artist,1
FALSE,2450,"{""Q0"":""navy touches swimmer""}",11587,touch,AI,n,The waitress touch the professor.,navy touches swimmer,1
TRUE,2270,"{""Q0"":""scholar scolds soldier""}",8821,scold,PC,n,The monk is scolded by the swimmer. ,scholar scolds soldier,1