resp_iscorrect,verif_rt,responses,descr_rt,T_verb,P_type,verif_ans,P_sentence,clear_responses,isactive
True,2147.0,"{""Q0"":""The chef shoots the boxer""}",8415.0,shoot,AI,n,The actress shoot the robber. ,The chef shoots the boxer,1
False,1639.0,"{""Q0"":""The monk is tickled by the waitress""}",8195.0,tickle,PI,y,The robber is ticklen by the soldier. ,The monk is tickled by the waitress,0
True,1612.0,"{""Q0"":""The artist kisses the solider""}",7091.0,kiss,AC,n,The pirate kisses the clown.,The artist kisses the solider,1
True,3184.0,"{""Q0"":""The waitress kicked the robber""}",9489.0,kick,PI,n,The clown is kicken by the nun. ,The waitress kicked the robber,1
False,1414.0,"{""Q0"":""The pirate pulls the ballerina""}",6702.0,pull,AI,y,The boxer pull the soldier.,The pirate pulls the ballerina,1
True,3228.0,"{""Q0"":""The boxer is followed by the nun""}",7529.0,follow,PC,n,The ballerina is followed by the pirate.,The boxer is followed by the nun,0
True,1678.0,"{""Q0"":""The artist punches the clown""}",6630.0,punch,AC,y,The cowboy punches the swimmer.,The artist punches the clown,1
True,3844.0,"{""Q0"":""The robber is chased by the pirate""}",6379.0,chase,PC,y,The monk is chased by the policeman.,The robber is chased by the pirate,0
True,1617.0,"{""Q0"":""The artist punches the monk""}",6765.0,punch,AC,n,The cowboy punches the nun.,The artist punches the monk,1
True,1603.0,"{""Q0"":""The soldier is scolded by the professor""}",7749.0,scold,PC,n,The monk is scolded by the swimmer. ,The soldier is scolded by the professor,0
True,1511.0,"{""Q0"":""The waitress tickles the doctor""}",9582.0,tickle,AI,n,The soldier tickle the boxer.,The waitress tickles the doctor,1
True,1458.0,"{""Q0"":""The cowboy pushes the ballerina""}",7017.0,push,PI,n,The monk is pushen by the policeman.,The cowboy pushes the ballerina,1
True,1438.0,"{""Q0"":""The policeman chases the swimmer""}",7524.0,chase,AC,n,The policeman chases the robber.,The policeman chases the swimmer,1
True,2357.0,"{""Q0"":""The doctor is punched by the cowboy""}",9106.0,punch,PC,y,The ballerina is punched by the artist.,The doctor is punched by the cowboy,0
True,1094.0,"{""Q0"":""The ballerina is scolded by the policeman""}",10904.0,scold,AC,n,The waitress scolds the boxer.,The ballerina is scolded by the policeman,0
True,2064.0,"{""Q0"":""The boxer is scolded by the policeman""}",9701.0,scold,PC,y,The doctor is scolded by the professor. ,The boxer is scolded by the policeman,0
False,13827.0,"{""Q0"":""The professor scolds the sailor""}",12733.0,scold,AC,y,The policeman scolds the doctor.,The professor scolds the sailor,1
True,1889.0,"{""Q0"":""The artist kisses the clown""}",9886.0,kiss,PC,n,The monk is kissed by the swimmer.,The artist kisses the clown,1
True,2606.0,"{""Q0"":""The nun kisses the boxer""}",5675.0,kiss,AC,y,The artist kisses the ballerina.,The nun kisses the boxer,1
True,1952.0,"{""Q0"":""The sailor is slapped by the cowboy""}",6907.0,slap,PC,y,The clown is slapped by the policeman.,The sailor is slapped by the cowboy,0
False,1488.0,"{""Q0"":""The clown is kicked by the waitress""}",8232.0,kick,AI,y,The policeman kick the boxer.,The clown is kicked by the waitress,0
False,1379.0,"{""Q0"":""The clown is touched by the sailor""}",6895.0,touch,PI,y,The doctor is touchen by the waitress.,The clown is touched by the sailor,0
False,3489.0,"{""Q0"":""The pirate follows the doctor""}",6681.0,follow,AC,n,The nun follows the cowboy.,The pirate follows the doctor,1
True,1222.0,"{""Q0"":""The clown is pulled by the boxer""}",6385.0,pull,PI,n,The waitress is pullen by the pirate. ,The clown is pulled by the boxer,0
True,1278.0,"{""Q0"":""The sailor touches the swimmer""}",6348.0,touch,AI,n,The waitress touch the professor.,The sailor touches the swimmer,1
True,1110.0,"{""Q0"":""The ballerina is punched by the cowboy""}",16529.0,punch,PC,n,The policeman is punched by the artist.,The ballerina is punched by the cowboy,0
False,1327.0,"{""Q0"":""The cowboy pushes the swimmer""}",8083.0,push,AI,y,The chef push the clown.,The cowboy pushes the swimmer,1
True,1562.0,"{""Q0"":""The waitress chases the doctor""}",12633.0,chase,PC,n,The swimmer is chased by the nun.,The waitress chases the doctor,1
True,1391.0,"{""Q0"":""The policeman slaps the swimmer""}",8373.0,slap,AC,y,The cowboy slaps the professor.,The policeman slaps the swimmer,1
False,1456.0,"{""Q0"":""The image didn't load""}",32415.0,shot,PI,y,The ballerina is shooted by the artist. ,The image didn't load,1
True,1547.0,"{""Q0"":""The sailor is followed by the pirate""}",8259.0,follow,AC,y,The nun follows the doctor.,The sailor is followed by the pirate,0
True,1775.0,"{""Q0"":""The cowboy slaps the ballerina""}",7536.0,slap,PC,n,The nurse is slapped by  the policeman.,The cowboy slaps the ballerina,1
True,1658.0,"{""Q0"":""The boxer is slapped by the policeman""}",8404.0,slap,AC,n,The cowboy slaps the ballerina.,The boxer is slapped by the policeman,0
True,1802.0,"{""Q0"":""The nun follows the soldier""}",7299.0,follow,PC,y,The ballerina is followed by the pirate. ,The nun follows the soldier,1
True,1097.0,"{""Q0"":""The policeman chases the robber""}",6620.0,chase,AC,y,The nun chases the sailor.,The policeman chases the robber,1
True,2412.0,"{""Q0"":""The nun kisses the ballerina""}",6307.0,kiss,PC,y,The boxer is kissed by the artist.,The nun kisses the ballerina,1
