resp_iscorrect,verif_rt,responses,descr_rt,T_verb,P_type,verif_ans,P_sentence,clear_responses,isactive
TRUE,1479,"{""Q0"":""The cop chased the robber.""}",8991,chase,AC,y,The nun chases the sailor.,The cop chased the robber.,1
FALSE,2605,"{""Q0"":""The server tickles the monk.""}",10684,tickle,PI,y,The robber is ticklen by the soldier. ,The server tickles the monk.,1
TRUE,4494,"{""Q0"":""THe artist punched the monk.""}",9401,punch,AC,n,The cowboy punches the nun.,THe artist punched the monk.,1
TRUE,5081,"{""Q0"":""The boxer pulls the clown.""}",11627,pull,PI,n,The waitress is pullen by the pirate. ,The boxer pulls the clown.,1
FALSE,3511,"{""Q0"":""The cowboy pushed the swimmer.""}",10639,push,AI,y,The chef push the clown.,The cowboy pushed the swimmer.,1
TRUE,2136,"{""Q0"":""The cowboy slaps the ballerina.""}",8589,slap,PC,n,The nurse is slapped by  the policeman.,The cowboy slaps the ballerina.,1
TRUE,1515,"{""Q0"":""The cop chases the swimmer.""}",9403,chase,AC,n,The policeman chases the robber.,The cop chases the swimmer.,1
TRUE,2420,"{""Q0"":""The pirate chases the robber.""}",8246,chase,PC,y,The monk is chased by the policeman.,The pirate chases the robber.,1
TRUE,1434,"{""Q0"":""The artist punches the clown.""}",9003,punch,AC,y,The cowboy punches the swimmer.,The artist punches the clown.,1
TRUE,4400,"{""Q0"":""The artist kisses the clown.""}",8959,kiss,PC,n,The monk is kissed by the swimmer.,The artist kisses the clown.,1
TRUE,2655,"{""Q0"":""The server kicked the clown.""}",12656,kick,AI,y,The policeman kick the boxer.,The server kicked the clown.,1
TRUE,1700,"{""Q0"":""The server chases the doctor.""}",8892,chase,PC,n,The swimmer is chased by the nun.,The server chases the doctor.,1
TRUE,3032,"{""Q0"":""The pirate followed the doctor.""}",8329,follow,AC,n,The nun follows the cowboy.,The pirate followed the doctor.,1
TRUE,3673,"{""Q0"":""The cop scolds the boxer.""}",8284,scold,PC,y,The doctor is scolded by the professor. ,The cop scolds the boxer.,1
TRUE,2302,"{""Q0"":""The chef shoots the boxer.""}",7840,shoot,AI,n,The actress shoot the robber. ,The chef shoots the boxer.,1
TRUE,3083,"{""Q0"":""The server kicks the robber.""}",12922,kick,PI,n,The clown is kicken by the nun. ,The server kicks the robber.,1
TRUE,5327,"{""Q0"":""The server tickles the doctor.""}",19807,tickle,AI,n,The soldier tickle the boxer.,The server tickles the doctor.,1
TRUE,2331,"{""Q0"":""the cowboy pushes the ballerina""}",12340,push,PI,n,The monk is pushen by the policeman.,the cowboy pushes the ballerina,1
TRUE,13400,"{""Q0"":""The cop scolds the dancer""}",6866,scold,AC,n,The waitress scolds the boxer.,The cop scolds the dancer,1
TRUE,3216,"{""Q0"":""The swimmer is shot by the chef.""}",32167,shot,PI,y,The ballerina is shooted by the artist. ,The swimmer is shot by the chef.,0
TRUE,4283,"{""Q0"":""The nun kisses the fighter""}",7497,kiss,AC,y,The artist kisses the ballerina.,The nun kisses the fighter,1
TRUE,1546,"{""Q0"":""the nun kisses the dancer""}",10183,kiss,PC,y,The boxer is kissed by the artist.,the nun kisses the dancer,1
TRUE,1476,"{""Q0"":""the cop slaps the fighter""}",6887,slap,AC,n,The cowboy slaps the ballerina.,the cop slaps the fighter,1
TRUE,1799,"{""Q0"":""the cowboy slaps the sailor""}",8337,slap,PC,y,The clown is slapped by the policeman.,the cowboy slaps the sailor,1
TRUE,973,"{""Q0"":""the scholar scolds the sailor""}",8118,scold,AC,y,The policeman scolds the doctor.,the scholar scolds the sailor,1
FALSE,3603,"{""Q0"":""the sailor touched the clown""}",6952,touch,PI,y,The doctor is touchen by the waitress.,the sailor touched the clown,1
TRUE,2825,"{""Q0"":""the cop slapped the swimmer""}",8684,slap,AC,y,The cowboy slaps the professor.,the cop slapped the swimmer,1
TRUE,2672,"{""Q0"":""The doctor is punched by a cowboy""}",10682,punch,PC,y,The ballerina is punched by the artist.,The doctor is punched by a cowboy,0
TRUE,4268,"{""Q0"":""the pirate pulls the dancer""}",7961,pull,AI,y,The boxer pull the soldier.,the pirate pulls the dancer,1
TRUE,1878,"{""Q0"":""the nun follows the fighter""}",6288,follow,PC,n,The ballerina is followed by the pirate.,the nun follows the fighter,1
TRUE,2545,"{""Q0"":""the artist kisses the soldier""}",7901,kiss,AC,n,The pirate kisses the clown.,the artist kisses the soldier,1
TRUE,2119,"{""Q0"":""the scholar scolds the soldier""}",8545,scold,PC,n,The monk is scolded by the swimmer. ,the scholar scolds the soldier,1
TRUE,1504,"{""Q0"":""the sailor touches the swimmer""}",7854,touch,AI,n,The waitress touch the professor.,the sailor touches the swimmer,1
TRUE,1559,"{""Q0"":""the nun follows the soldier""}",8790,follow,PC,y,The ballerina is followed by the pirate. ,the nun follows the soldier,1
TRUE,1309,"{""Q0"":""the pirate follows the sailor""}",8850,follow,AC,y,The nun follows the doctor.,the pirate follows the sailor,1
TRUE,4245,"{""Q0"":""the cowboy punches the dancer""}",7814,punch,PC,n,The policeman is punched by the artist.,the cowboy punches the dancer,1