resp_iscorrect,verif_rt,responses,descr_rt,T_verb,P_type,verif_ans,P_sentence,clear_responses,isactive
TRUE,5400,"{""Q0"":""Advocate scold policeman ""}",35704,scold,AC,y,The policeman scolds the doctor.,Advocate scold policeman ,1
TRUE,5660,"{""Q0"":""row berry slap civilian  ""}",49201,slap,PC,y,The clown is slapped by the policeman.,row berry slap civilian  ,1
TRUE,6393,"{""Q0"":""police slap swimmer ""}",50394,slap,AC,y,The cowboy slaps the professor.,police slap swimmer ,1
TRUE,7510,"{""Q0"":""Old man scold hunter ""}",37193,scold,PC,n,The monk is scolded by the swimmer. ,Old man scold hunter ,1
FALSE,11928,"{""Q0"":""Butler shoot boxer ""}",28647,shoot,AI,n,The actress shoot the robber. ,Butler shoot boxer ,1
TRUE,22847,"{""Q0"":""Women tickle father""}",27746,tickle,PI,y,The robber is ticklen by the soldier. ,Women tickle father,1
TRUE,4095,"{""Q0"":""Robber pull the women ""}",45874,pull,AI,y,The boxer pull the soldier.,Robber pull the women ,1
TRUE,5963,"{""Q0"":""Soldier touch the civilian ""}",37776,touch,PI,y,The doctor is touchen by the waitress.,Soldier touch the civilian ,1
TRUE,12840,"{""Q0"":""Women kissed soldier""}",31610,kiss,AC,n,The pirate kisses the clown.,Women kissed soldier,1
FALSE,10856,"{""Q0"":""Mother followed soldier ""}",26050,follow,PC,y,The ballerina is followed by the pirate. ,Mother followed soldier ,1
FALSE,4769,"{""Q0"":""Soldier touched swimmer""}",32960,touch,AI,n,The waitress touch the professor.,Soldier touched swimmer,1
TRUE,5220,"{""Q0"":""Butler shoot swimmer  ""}",30794,shot,PI,y,The ballerina is shooted by the artist. ,Butler shoot swimmer  ,1
TRUE,4836,"{""Q0"":""Women kicked a man ""}",44810,kick,AI,y,The policeman kick the boxer.,Women kicked a man ,1
TRUE,25971,"{""Q0"":""Cowboy pushed women ""}",30479,push,PI,n,The monk is pushen by the policeman.,Cowboy pushed women ,1
TRUE,5935,"{""Q0"":""Polish man chasing The swimmer ""}",35041,chase,AC,n,The policeman chases the robber.,Polish man chasing The swimmer ,1
TRUE,15992,"{""Q0"":""Boxer pulled civilian ""}",33343,pull,PI,n,The waitress is pullen by the pirate. ,Boxer pulled civilian ,1
TRUE,11719,"{""Q0"":""Robbery follow the doctor ""}",29984,follow,AC,n,The nun follows the cowboy.,Robbery follow the doctor ,1
FALSE,17751,"{""Q0"":""Non following boxer ""}",19587,follow,PC,n,The ballerina is followed by the pirate.,Non following boxer ,1
TRUE,11541,"{""Q0"":""Cowboy pushed labor ""}",25875,push,AI,y,The chef push the clown.,Cowboy pushed labor ,1
TRUE,3919,"{""Q0"":""Women kicked robbery""}",19496,kick,PI,n,The clown is kicken by the nun. ,Women kicked robbery,1
TRUE,2342,"{""Q0"":""Robbery followed by civilian ""}",52558,follow,AC,y,The nun follows the doctor.,Robbery followed by civilian ,0
TRUE,5341,"{""Q0"":""Waiter chasing the doctor  ""}",44695,chase,PC,n,The swimmer is chased by the nun.,Waiter chasing the doctor  ,1
TRUE,7712,"{""Q0"":""Police scold the lady""}",16393,scold,AC,n,The waitress scolds the boxer.,Police scold the lady,1
TRUE,6823,"{""Q0"":""Cowboy slap the lady""}",35641,slap,PC,n,The nurse is slapped by  the policeman.,Cowboy slap the lady,1
TRUE,10173,"{""Q0"":""police chasing robbery ""}",29116,chase,AC,y,The nun chases the sailor.,police chasing robbery ,1
TRUE,4192,"{""Q0"":""Man and women are kissing ""}",21650,kiss,PC,n,The monk is kissed by the swimmer.,Man and women are kissing ,1
TRUE,3600,"{""Q0"":""Artist punched the father ""}",24831,punch,AC,n,The cowboy punches the nun.,Artist punched the father ,1
TRUE,11739,"{""Q0"":""Cowboy punched the women""}",23784,punch,PC,n,The policeman is punched by the artist.,Cowboy punched the women,1
FALSE,3597,"{""Q0"":""Police slapped boxer""}",19547,slap,AC,n,The cowboy slaps the ballerina.,Police slapped boxer,1
FALSE,4264,"{""Q0"":""robbery chased by civilian ""}",55641,chase,PC,y,The monk is chased by the policeman.,robbery chased by civilian ,0
TRUE,7755,"{""Q0"":""Waiter tickle doctor ""}",40337,tickle,AI,n,The soldier tickle the boxer.,Waiter tickle doctor ,1
FALSE,7545,"{""Q0"":""Police scold the boxer ""}",28096,scold,PC,y,The doctor is scolded by the professor. ,Police scold the boxer ,1
TRUE,4130,"{""Q0"":""Non kissed boxer""}",15840,kiss,AC,y,The artist kisses the ballerina.,Non kissed boxer,1
FALSE,5280,"{""Q0"":""Non kissed women""}",17116,kiss,PC,y,The boxer is kissed by the artist.,Non kissed women,1
TRUE,2837,"{""Q0"":""Artist punch the civilian ""}",25480,punch,AC,y,The cowboy punches the swimmer.,Artist punch the civilian ,1
TRUE,6779,"{""Q0"":""Cow boy punched the doctor ""}",30983,punch,PC,y,The ballerina is punched by the artist.,Cow boy punched the doctor ,1