﻿resp_iscorrect,verif_rt,responses,descr_rt,T_verb,P_type,verif_ans,P_sentence,clear_responses,isactive
TRUE,7067,"{""Q0"":""A painter punches a priest.""}",76876,punch,AC,n,The cowboy punches the nun.,A painter punches a priest.,1
TRUE,4880,"{""Q0"":""A boxer pulls a clown.""}",22709,pull,PI,n,The waitress is pullen by the pirate.,A boxer pulls a clown.,1
TRUE,4937,"{""Q0"":""A firefighter scolds a ballerina.""}",34848,scold,AC,n,The waitress scolds the boxer.,A firefighter scolds a ballerina.,1
TRUE,4994,"{""Q0"":""A pirate chases a robber.""}",22723,chase,PC,y,The monk is chased by the policeman.,A pirate chases a robber.,1
TRUE,4510,"{""Q0"":""A pirate followers a sailor.""}",38907,follow,AC,y,The nun follows the doctor.,A pirate followers a sailor.,1
TRUE,4292,"{""Q0"":""A nun follows a soldier.""}",38924,follow,PC,y,The ballerina is followed by the pirate.,A nun follows a soldier.,1
TRUE,5617,"{""Q0"":""The policeman slaps the swimmer.""}",83509,slap,AC,y,The cowboy slaps the professor.,The policeman slaps the swimmer.,1
TRUE,4676,"{""Q0"":""The cowboy slaps the ballerina.""}",29102,slap,PC,n,The nurse is slapped by  the policeman.,The cowboy slaps the ballerina.,1
TRUE,6243,"{""Q0"":""The painter punches the clown.""}",232261,punch,AC,y,The cowboy punches the swimmer.,The painter punches the clown.,1
TRUE,7536,"{""Q0"":""The cowboy pushes the ballerina.""}",58777,push,PI,n,The monk is pushen by the policeman.,The cowboy pushes the ballerina.,1
TRUE,4607,"{""Q0"":""The waitress kicks the clown.""}",53416,kick,AI,y,The policeman kick the boxer.,The waitress kicks the clown.,1
TRUE,4664,"{""Q0"":""The professor scolds the soldier.""}",37229,scold,PC,n,The monk is scolded by the swimmer.,The professor scolds the soldier.,1
TRUE,3650,"{""Q0"":""The policeman chases the robber.""}",33067,chase,AC,y,The nun chases the sailor.,The policeman chases the robber.,1
TRUE,4149,"{""Q0"":""The painter kisses the clown.""}",27578,kiss,PC,n,The monk is kissed by the swimmer.,The painter kisses the clown.,1
TRUE,4749,"{""Q0"":""The policeman chases the swimmer.""}",68198,chase,AC,n,The policeman chases the robber.,The policeman chases the swimmer.,1
TRUE,7064,"{""Q0"":""The policeman scolds the boxer.""}",65826,scold,PC,y,The doctor is scolded by the professor.,The policeman scolds the boxer.,1
TRUE,3730,"{""Q0"":""The professor scolds the sailor.""}",47595,scold,AC,y,The policeman scolds the doctor.,The professor scolds the sailor.,1
FALSE,9616,"{""Q0"":""The sailor touches the clown.""}",71159,touch,PI,y,The doctor is touchen by the waitress.,The sailor touches the clown.,1
FALSE,17785,"{""Q0"":""A pirate pulls a ballerina.""}",73776,pull,AI,y,The boxer pull the soldier.,A pirate pulls a ballerina.,1
TRUE,4057,"{""Q0"":""A cowboy punches a ballerina.""}",25245,punch,PC,n,The policeman is punched by the artist.,A cowboy punches a ballerina.,1
TRUE,3881,"{""Q0"":""A pirate follows a doctor.""}",27959,follow,AC,n,The nun follows the cowboy.,A pirate follows a doctor.,1
TRUE,6423,"{""Q0"":""A nun kisses a ballerina.""}",38498,kiss,PC,y,The boxer is kissed by the artist.,A nun kisses a ballerina.,1
TRUE,4976,"{""Q0"":""An artist kisses a soldier.""}",24018,kiss,AC,n,The pirate kisses the clown.,An artist kisses a soldier.,1
TRUE,5079,"{""Q0"":""A cowboy punches a doctor.""}",20798,punch,PC,y,The ballerina is punched by the artist.,A cowboy punches a doctor.,1
TRUE,3732,"{""Q0"":""A cowboy pushes a swimmer.""}",23084,push,AI,y,The chef push the clown.,A cowboy pushes a swimmer.,1
TRUE,3911,"{""Q0"":""A waitress chases a doctor.""}",21717,chase,PC,n,The swimmer is chased by the nun.,A waitress chases a doctor.,1
TRUE,6427,"{""Q0"":""A chef shoots a boxer.""}",26568,shoot,AI,n,The actress shoot the robber.,A chef shoots a boxer.,1
FALSE,5395,"{""Q0"":""A waitress tickles a priest.""}",46974,tickle,PI,y,The robber is ticklen by the soldier.,A waitress tickles a priest.,1
TRUE,4207,"{""Q0"":""A policeman slaps a boxer.""}",26726,slap,AC,n,The cowboy slaps the ballerina.,A policeman slaps a boxer.,1
TRUE,4655,"{""Q0"":""A waitress kicks a robber.""}",21103,kick,PI,n,The clown is kicken by the nun.,A waitress kicks a robber.,1
TRUE,4035,"{""Q0"":""A waitress tickles a doctor.""}",21938,tickle,AI,n,The soldier tickle the boxer.,A waitress tickles a doctor.,1
TRUE,4158,"{""Q0"":""A nun follows a boxer.""}",28947,follow,PC,n,The ballerina is followed by the pirate.,A nun follows a boxer.,1
TRUE,4414,"{""Q0"":""A sailor touches a swimmer.""}",30335,touch,AI,n,The waitress touch the professor.,A sailor touches a swimmer.,1
FALSE,4712,"{""Q0"":""A chef shoots a swimmer.""}",39504,shot,PI,y,The ballerina is shooted by the artist.,A chef shoots a swimmer.,1
TRUE,5395,"{""Q0"":""A nun kisses a boxer.""}",56910,kiss,AC,y,The artist kisses the ballerina.,A nun kisses a boxer.,1
TRUE,5067,"{""Q0"":""A cowboy slaps a sailor.""}",44715,slap,PC,y,The clown is slapped by the policeman.,A cowboy slaps a sailor.,1