﻿resp_iscorrect,verif_rt,responses,descr_rt,T_verb,P_type,verif_ans,P_sentence,clear_responses,isactive
TRUE,8725,"{""Q0"":""The nun kisses the boxer.""}",10375,kiss,AC,y,The artist kisses the ballerina.,The nun kisses the boxer.,1
TRUE,6175,"{""Q0"":""The boxer is pulling the clown.""}",12942,pull,PI,n,The waitress is pullen by the pirate.,The boxer is pulling the clown.,1
TRUE,5951,"{""Q0"":""The sailor touches the diver.""}",10745,touch,AI,n,The waitress touch the professor.,The sailor touches the diver.,1
TRUE,4873,"{""Q0"":""The waitress kicks the robber.""}",11873,kick,PI,n,The clown is kicken by the nun.,The waitress kicks the robber.,1
TRUE,9824,"{""Q0"":""The officer slaps the boxer.""}",9532,slap,AC,n,The cowboy slaps the ballerina.,The officer slaps the boxer.,1
TRUE,4503,"{""Q0"":""The nun is following the soldier.""}",10056,follow,PC,y,The ballerina is followed by the pirate.,The nun is following the soldier.,1
FALSE,7957,"{""Q0"":""The cowboy pushes the diver.""}",10341,push,AI,y,The chef push the clown.,The cowboy pushes the diver.,1
FALSE,4713,"{""Q0"":""The chef shoots the diver.""}",10140,shot,PI,y,The ballerina is shooted by the artist.,The chef shoots the diver.,1
TRUE,4775,"{""Q0"":""The artist punches the clown.""}",8500,punch,AC,y,The cowboy punches the swimmer.,The artist punches the clown.,1
FALSE,5497,"{""Q0"":""The sailor touches the clown.""}",8444,touch,PI,y,The doctor is touchen by the waitress.,The sailor touches the clown.,1
TRUE,2913,"{""Q0"":""The professor scolds the sailor.""}",11360,scold,AC,y,The policeman scolds the doctor.,The professor scolds the sailor.,1
TRUE,3030,"{""Q0"":""The nun kisses the ballerina""}",9912,kiss,PC,y,The boxer is kissed by the artist.,The nun kisses the ballerina,1
TRUE,4386,"{""Q0"":""The chef shoots the boxer.""}",7800,shoot,AI,n,The actress shoot the robber.,The chef shoots the boxer.,1
TRUE,4824,"{""Q0"":""The artist kisses the clown.""}",8354,kiss,PC,n,The monk is kissed by the swimmer.,The artist kisses the clown.,1
FALSE,2871,"{""Q0"":""The waitress kicks the clown.""}",9716,kick,AI,y,The policeman kick the boxer.,The waitress kicks the clown.,1
TRUE,3986,"{""Q0"":""The cowboy punches the ballerina.""}",10602,punch,PC,n,The policeman is punched by the artist.,The cowboy punches the ballerina.,1
TRUE,2732,"{""Q0"":""The officer chases the robber.""}",9008,chase,AC,y,The nun chases the sailor.,The officer chases the robber.,1
TRUE,2986,"{""Q0"":""The waitress chases the doctor.""}",9440,chase,PC,n,The swimmer is chased by the nun.,The waitress chases the doctor.,1
TRUE,2979,"{""Q0"":""The maid tickles the doctor.""}",10932,tickle,AI,n,The soldier tickle the boxer.,The maid tickles the doctor.,1
TRUE,3171,"{""Q0"":""The cowboy punches the doctor.""}",7359,punch,PC,y,The ballerina is punched by the artist.,The cowboy punches the doctor.,1
TRUE,2707,"{""Q0"":""The pirate follows the soldier.""}",9968,follow,AC,y,The nun follows the doctor.,The pirate follows the soldier.,1
TRUE,3775,"{""Q0"":""The cowboy slaps the sailor.""}",8097,slap,PC,y,The clown is slapped by the policeman.,The cowboy slaps the sailor.,1
TRUE,2372,"{""Q0"":""The officer slaps the swimmer.""}",8652,slap,AC,y,The cowboy slaps the professor.,The officer slaps the swimmer.,1
TRUE,3655,"{""Q0"":""The professor scolds the soldier.""}",10687,scold,PC,n,The monk is scolded by the swimmer.,The professor scolds the soldier.,1
TRUE,2210,"{""Q0"":""The pirate follows the doctor.""}",10374,follow,AC,n,The nun follows the cowboy.,The pirate follows the doctor.,1
TRUE,2195,"{""Q0"":""The officer scolds the boxer.""}",7509,scold,PC,y,The doctor is scolded by the professor.,The officer scolds the boxer.,1
TRUE,1657,"{""Q0"":""The officer scolds the ballerina.""}",11526,scold,AC,n,The waitress scolds the boxer.,The officer scolds the ballerina.,1
TRUE,2807,"{""Q0"":""The nun follows the boxer.""}",8244,follow,PC,n,The ballerina is followed by the pirate.,The nun follows the boxer.,1
TRUE,1923,"{""Q0"":""The officer chases the swimmer.""}",8279,chase,AC,n,The policeman chases the robber.,The officer chases the swimmer.,1
TRUE,2732,"{""Q0"":""The pirate chases the robber.""}",9624,chase,PC,y,The monk is chased by the policeman.,The pirate chases the robber.,1
TRUE,2488,"{""Q0"":""The artist kisses the soldier.""}",9450,kiss,AC,n,The pirate kisses the clown.,The artist kisses the soldier.,1
TRUE,2439,"{""Q0"":""The cowboy slaps the ballerina""}",12051,slap,PC,n,The nurse is slapped by  the policeman.,The cowboy slaps the ballerina,1
FALSE,4513,"{""Q0"":""The pirate pulls the ballerina.""}",9250,pull,AI,y,The boxer pull the soldier.,The pirate pulls the ballerina.,1
FALSE,2487,"{""Q0"":""The maid tickles the monk.""}",9046,tickle,PI,y,The robber is ticklen by the soldier.,The maid tickles the monk.,1
TRUE,2156,"{""Q0"":""The artist punches the monk.""}",7287,punch,AC,n,The cowboy punches the nun.,The artist punches the monk.,1
TRUE,1775,"{""Q0"":""The cowboy pushes the ballerina.""}",9197,push,PI,n,The monk is pushen by the policeman.,The cowboy pushes the ballerina.,1