﻿resp_iscorrect,verif_rt,responses,descr_rt,T_verb,P_type,verif_ans,P_sentence,clear_responses,isactive
TRUE,3852,"{""Q0"":""The cop chases the swimmer""}",11665,chase,AC,n,The policeman chases the robber.,The cop chases the swimmer,1
TRUE,2055,"{""Q0"":""The waitress kicks the robber""}",48892,kick,PI,n,The clown is kicken by the nun.,The waitress kicks the robber,1
TRUE,2239,"{""Q0"":""The cop slaps the swimmer""}",8507,slap,AC,y,The cowboy slaps the professor.,The cop slaps the swimmer,1
TRUE,1954,"{""Q0"":""The robber is chased by the pirate""}",11718,chase,PC,y,The monk is chased by the policeman.,The robber is chased by the pirate,0
TRUE,1495,"{""Q0"":""The graduate scolds the sailor""}",11291,scold,AC,y,The policeman scolds the doctor.,The graduate scolds the sailor,1
TRUE,5311,"{""Q0"":""The clown is pulled by the boxer""}",14321,pull,PI,n,The waitress is pullen by the pirate.,The clown is pulled by the boxer,0
TRUE,4124,"{""Q0"":""The cop chases the robber""}",9377,chase,AC,y,The nun chases the sailor.,The cop chases the robber,1
TRUE,3057,"{""Q0"":""The boxer is scolded by the cop""}",11975,scold,PC,y,The doctor is scolded by the professor.,The boxer is scolded by the cop,0
TRUE,1106,"{""Q0"":""The nun kisses the boxer""}",10062,kiss,AC,y,The artist kisses the ballerina.,The nun kisses the boxer,1
TRUE,2319,"{""Q0"":""The ballerina is slapped by the cowboy""}",13721,slap,PC,n,The nurse is slapped by  the policeman.,The ballerina is slapped by the cowboy,0
TRUE,4220,"{""Q0"":""The waitress tickles the doctor""}",10667,tickle,AI,n,The soldier tickle the boxer.,The waitress tickles the doctor,1
FALSE,1736,"{""Q0"":""The sailor touches the clown""}",9448,touch,PI,y,The doctor is touchen by the waitress.,The sailor touches the clown,1
FALSE,1220,"{""Q0"":""The cowboy pushes the swimmer""}",10068,push,AI,y,The chef push the clown.,The cowboy pushes the swimmer,1
TRUE,2220,"{""Q0"":""The nun kisses the ballerina""}",10435,kiss,PC,y,The boxer is kissed by the artist.,The nun kisses the ballerina,1
FALSE,1430,"{""Q0"":""The pirates pulls the ballerina""}",11051,pull,AI,y,The boxer pull the soldier.,The pirates pulls the ballerina,1
TRUE,3581,"{""Q0"":""The sailor is slapped by the cowboy""}",10220,slap,PC,y,The clown is slapped by the policeman.,The sailor is slapped by the cowboy,0
TRUE,1821,"{""Q0"":""The policeman scolds the ballerina""}",11067,scold,AC,n,The waitress scolds the boxer.,The policeman scolds the ballerina,1
TRUE,2030,"{""Q0"":""The waitress tickles the monk""}",10561,tickle,PI,y,The robber is ticklen by the soldier.,The waitress tickles the monk,1
TRUE,1328,"{""Q0"":""The policemen slaps the boxer""}",10797,slap,AC,n,The cowboy slaps the ballerina.,The policemen slaps the boxer,1
FALSE,2240,"{""Q0"":""The ballerina is punched by the cowboy""}",10130,punch,PC,n,The policeman is punched by the artist.,The ballerina is punched by the cowboy,0
FALSE,2290,"{""Q0"":""The pirate follows the doctor""}",9716,follow,AC,n,The nun follows the cowboy.,The pirate follows the doctor,1
TRUE,3086,"{""Q0"":""The nun follows the boxer""}",9687,follow,PC,n,The ballerina is followed by the pirate.,The nun follows the boxer,1
TRUE,1352,"{""Q0"":""The artist punches the clown""}",10923,punch,AC,y,The cowboy punches the swimmer.,The artist punches the clown,1
FALSE,1260,"{""Q0"":""The nun follows the soldier""}",9735,follow,PC,y,The ballerina is followed by the pirate.,The nun follows the soldier,1
TRUE,2772,"{""Q0"":""The chef shoots the boxer""}",8650,shoot,AI,n,The actress shoot the robber.,The chef shoots the boxer,1
TRUE,3483,"{""Q0"":""The cowboy pushes the ballerina""}",10852,push,PI,n,The monk is pushen by the policeman.,The cowboy pushes the ballerina,1
TRUE,2862,"{""Q0"":""The pirate follows the sailor""}",10933,follow,AC,y,The nun follows the doctor.,The pirate follows the sailor,1
TRUE,3496,"{""Q0"":""The clown is kissed by the artist""}",12106,kiss,PC,n,The monk is kissed by the swimmer.,The clown is kissed by the artist,0
TRUE,5198,"{""Q0"":""The artist punches the monk""}",12262,punch,AC,n,The cowboy punches the nun.,The artist punches the monk,1
TRUE,2590,"{""Q0"":""The cowboy punches the doctor""}",9768,punch,PC,y,The ballerina is punched by the artist.,The cowboy punches the doctor,1
TRUE,1316,"{""Q0"":""The artist kisses the soldier""}",8639,kiss,AC,n,The pirate kisses the clown.,The artist kisses the soldier,1
TRUE,5852,"{""Q0"":""The waitress chases the doctor""}",11990,chase,PC,n,The swimmer is chased by the nun.,The waitress chases the doctor,1
TRUE,1672,"{""Q0"":""The sailor touches the swimmer""}",8458,touch,AI,n,The waitress touch the professor.,The sailor touches the swimmer,1
TRUE,2571,"{""Q0"":""The professor scolds the soldier""}",10490,scold,PC,n,The monk is scolded by the swimmer.,The professor scolds the soldier,1
TRUE,2213,"{""Q0"":""The waitress kicks the clown""}",9755,kick,AI,y,The policeman kick the boxer.,The waitress kicks the clown,1
TRUE,1754,"{""Q0"":""The chef shoots the swimmer""}",9134,shot,PI,y,The ballerina is shooted by the artist.,The chef shoots the swimmer,1