resp_iscorrect,verif_rt,responses,descr_rt,T_verb,P_type,verif_ans,P_sentence,clear_responses,isactive
TRUE,2996,"{""Q0"":""THE ARTIST KICK THE NON MAN""}",18467,kick,AI,y,The policeman kick the boxer.,THE ARTIST KICK THE NON MAN,1
FALSE,5567,"{""Q0"":""THE BOXER PULL THE NON MAN""}",18911,pull,PI,n,The waitress is pullen by the pirate. ,THE BOXER PULL THE NON MAN,1
TRUE,2465,"{""Q0"":""THE OLD MAN SCOLD THE NON MAN""}",24141,scold,AC,y,The policeman scolds the doctor.,THE OLD MAN SCOLD THE NON MAN,1
TRUE,5646,"{""Q0"":""THE WAITER TICKLE THE NON MAN""}",15992,tickle,PI,y,The robber is ticklen by the soldier. ,THE WAITER TICKLE THE NON MAN,1
TRUE,3346,"{""Q0"":""THE POLICE MEN SLAP THE SWIMMER""}",11775,slap,AC,y,The cowboy slaps the professor.,THE POLICE MEN SLAP THE SWIMMER,1
TRUE,2771,"{""Q0"":""THE COWBOY PUNCH THE DOCOTR""}",12463,punch,PC,y,The ballerina is punched by the artist.,THE COWBOY PUNCH THE DOCOTR,1
FALSE,4741,"{""Q0"":""THE ROBBER MAN FOLLOW DOCTOR""}",14373,follow,AC,n,The nun follows the cowboy.,THE ROBBER MAN FOLLOW DOCTOR,1
FALSE,5446,"{""Q0"":""THE DOCTOR CHASE THE NURSE""}",10621,chase,PC,n,The swimmer is chased by the nun.,THE DOCTOR CHASE THE NURSE,1
TRUE,3087,"{""Q0"":""THE POLICE MEN PUNCH THE NON""}",9911,punch,AC,y,The cowboy punches the swimmer.,THE POLICE MEN PUNCH THE NON,1
FALSE,5498,"{""Q0"":""THE WAITER KICK THE NON""}",10063,kick,PI,n,The clown is kicken by the nun. ,THE WAITER KICK THE NON,1
FALSE,1887,"{""Q0"":""THE MOM KISS THE SON""}",14175,kiss,AC,n,The pirate kisses the clown.,THE MOM KISS THE SON,1
FALSE,2065,"{""Q0"":""THE COWMEN PUNCH THE ARTIST""}",13031,punch,PC,n,The policeman is punched by the artist.,THE COWMEN PUNCH THE ARTIST,1
FALSE,2546,"{""Q0"":""THE POLICE MEN SCOLD THE ARTIST""}",16231,scold,AC,n,The waitress scolds the boxer.,THE POLICE MEN SCOLD THE ARTIST,1
FALSE,1855,"{""Q0"":""THE COWBOY SLAP THE ARTIST""}",9021,slap,PC,n,The nurse is slapped by  the policeman.,THE COWBOY SLAP THE ARTIST,1
TRUE,1586,"{""Q0"":""THE NON MAN KISS THE BOXER""}",11079,kiss,AC,y,The artist kisses the ballerina.,THE NON MAN KISS THE BOXER,1
FALSE,5190,"{""Q0"":""THE OLD WOMEN KISS THE NON MAN""}",12574,kiss,PC,n,The monk is kissed by the swimmer.,THE OLD WOMEN KISS THE NON MAN,1
TRUE,1405,"{""Q0"":""THE COW MEN PUSH THE NON MAN""}",10839,push,AI,y,The chef push the clown.,THE COW MEN PUSH THE NON MAN,1
TRUE,5279,"{""Q0"":""THE NONMAN FOLLOW THE SHOOTER""}",14495,follow,PC,y,The ballerina is followed by the pirate. ,THE NONMAN FOLLOW THE SHOOTER,1
FALSE,1987,"{""Q0"":""THE POLICE MAN SLAP THE BOXER""}",17455,slap,AC,n,The cowboy slaps the ballerina.,THE POLICE MAN SLAP THE BOXER,1
TRUE,1822,"{""Q0"":""THE THRIFT MEN CHASE THE ROBBER""}",14334,chase,PC,y,The monk is chased by the policeman.,THE THRIFT MEN CHASE THE ROBBER,1
FALSE,16381,"{""Q0"":""THE POLICE MEN PUNCH THE NON MAN""}",9727,punch,AC,n,The cowboy punches the nun.,THE POLICE MEN PUNCH THE NON MAN,1
TRUE,2705,"{""Q0"":""THE COW MEN SLAP THE POLICE""}",15734,slap,PC,y,The clown is slapped by the policeman.,THE COW MEN SLAP THE POLICE,1
FALSE,2981,"{""Q0"":""THE NON MAN TOUCH THE SWIMMER""}",10551,touch,AI,n,The waitress touch the professor.,THE NON MAN TOUCH THE SWIMMER,1
FALSE,1935,"{""Q0"":""THE NON MAN FOLLOW BOXER""}",11479,follow,PC,n,The ballerina is followed by the pirate.,THE NON MAN FOLLOW BOXER,1
FALSE,3187,"{""Q0"":""THE WAITER TICKLE THE DOCTOR""}",17280,tickle,AI,n,The soldier tickle the boxer.,THE WAITER TICKLE THE DOCTOR,1
FALSE,4875,"{""Q0"":""THE OLD MAN SCOLD THE SOLIDER""}",10943,scold,PC,n,The monk is scolded by the swimmer. ,THE OLD MAN SCOLD THE SOLIDER,1
FALSE,1509,"{""Q0"":""THE POLICE MEN CHASE THE SWIMMER""}",16799,chase,AC,n,The policeman chases the robber.,THE POLICE MEN CHASE THE SWIMMER,1
FALSE,1732,"{""Q0"":""THE COWMEN PUSH THE ARTIST""}",9788,push,PI,n,The monk is pushen by the policeman.,THE COWMEN PUSH THE ARTIST,1
TRUE,1484,"{""Q0"":""THE ROBBER PULL THE ARTIST""}",9622,pull,AI,y,The boxer pull the soldier.,THE ROBBER PULL THE ARTIST,1
TRUE,3491,"{""Q0"":""THE POLICE MEN TOUCH THE NON MAN""}",10078,touch,PI,y,The doctor is touchen by the waitress.,THE POLICE MEN TOUCH THE NON MAN,1
TRUE,2602,"{""Q0"":""THE POLICE MEN FOLLOW THE THRIFT MAN""}",16927,follow,AC,y,The nun follows the doctor.,THE POLICE MEN FOLLOW THE THRIFT MAN,1
TRUE,1612,"{""Q0"":""THE CHEF SHOOT THE POLICE MEN""}",12380,shot,PI,y,The ballerina is shooted by the artist. ,THE CHEF SHOOT THE POLICE MEN,1
TRUE,692,"{""Q0"":""THE POLICE MEN CHASE THE ROBBER""}",11814,chase,AC,y,The nun chases the sailor.,THE POLICE MEN CHASE THE ROBBER,1
TRUE,2929,"{""Q0"":""THE NON MAN KISS THE ARITIST""}",9383,kiss,PC,y,The boxer is kissed by the artist.,THE NON MAN KISS THE ARITIST,1
FALSE,1607,"{""Q0"":""THE CHEF SHOOT THE BOXER""}",9790,shoot,AI,n,The actress shoot the robber. ,THE CHEF SHOOT THE BOXER,1
TRUE,4607,"{""Q0"":""THE POLICE MEN SCOLD THE BOXER""}",10095,scold,PC,y,The doctor is scolded by the professor. ,THE POLICE MEN SCOLD THE BOXER,1