resp_iscorrect,verif_rt,responses,descr_rt,T_verb,P_type,verif_ans,P_sentence,clear_responses,isactive
TRUE,4154,"{""Q0"":""The officer chases the robber""}",11564,chase,AC,y,The nun chases the sailor.,The officer chases the robber,1
TRUE,6889,"{""Q0"":""The woman kicked the robber""}",15270,kick,PI,n,The clown is kicken by the nun. ,The woman kicked the robber,1
FALSE,9213,"{""Q0"":""The woman kicked the clown""}",12783,kick,AI,y,The policeman kick the boxer.,The woman kicked the clown,1
TRUE,3977,"{""Q0"":""The cowboy slapped the sailor""}",14422,slap,PC,y,The clown is slapped by the policeman.,The cowboy slapped the sailor,1
TRUE,3084,"{""Q0"":""The pirate follows the sailor""}",14782,follow,AC,y,The nun follows the doctor.,The pirate follows the sailor,1
TRUE,5129,"{""Q0"":""The boxer is scolded by the officer""}",14244,scold,PC,y,The doctor is scolded by the professor. ,The boxer is scolded by the officer,0
TRUE,3174,"{""Q0"":""The pirate follows the doctor""}",10556,follow,AC,n,The nun follows the cowboy.,The pirate follows the doctor,1
TRUE,3325,"{""Q0"":""The clown is kissed by the painter""}",14332,kiss,PC,n,The monk is kissed by the swimmer.,The clown is kissed by the painter,0
TRUE,2544,"{""Q0"":""The painter punches the monk""}",14023,punch,AC,n,The cowboy punches the nun.,The painter punches the monk,1
TRUE,2889,"{""Q0"":""The clown is pulled by the boxer""}",10900,pull,PI,n,The waitress is pullen by the pirate. ,The clown is pulled by the boxer,0
TRUE,5322,"{""Q0"":""The maid tickled the doctor""}",11211,tickle,AI,n,The soldier tickle the boxer.,The maid tickled the doctor,1
TRUE,3001,"{""Q0"":""The pirate is chasing the robber""}",11390,chase,PC,y,The monk is chased by the policeman.,The pirate is chasing the robber,1
TRUE,2747,"{""Q0"":""The officer chases the swimmer""}",11396,chase,AC,n,The policeman chases the robber.,The officer chases the swimmer,1
TRUE,4481,"{""Q0"":""The cowboy punched the doctor""}",11142,punch,PC,y,The ballerina is punched by the artist.,The cowboy punched the doctor,1
TRUE,34489,"{""Q0"":""The chef shoots the boxer""}",13630,shoot,AI,n,The actress shoot the robber. ,The chef shoots the boxer,1
TRUE,2235,"{""Q0"":""The cowboy slaps the ballerina""}",12949,slap,PC,n,The nurse is slapped by  the policeman.,The cowboy slaps the ballerina,1
TRUE,2016,"{""Q0"":""The officer slaps the swimmer""}",8746,slap,AC,y,The cowboy slaps the professor.,The officer slaps the swimmer,1
TRUE,2132,"{""Q0"":""The nun follows the boxer""}",8521,follow,PC,n,The ballerina is followed by the pirate.,The nun follows the boxer,1
TRUE,1861,"{""Q0"":""The painter kissed the soldier""}",10550,kiss,AC,n,The pirate kisses the clown.,The painter kissed the soldier,1
TRUE,1534,"{""Q0"":""The professor scolded the soldier""}",12764,scold,PC,n,The monk is scolded by the swimmer. ,The professor scolded the soldier,1
TRUE,2529,"{""Q0"":""The nun kissed the boxer""}",10158,kiss,AC,y,The artist kisses the ballerina.,The nun kissed the boxer,1
FALSE,3549,"{""Q0"":""The maid tickles the monk""}",10936,tickle,PI,y,The robber is ticklen by the soldier. ,The maid tickles the monk,1
TRUE,2286,"{""Q0"":""The artist punches the clown""}",8661,punch,AC,y,The cowboy punches the swimmer.,The artist punches the clown,1
TRUE,2332,"{""Q0"":""The nun followed the soldier""}",9877,follow,PC,y,The ballerina is followed by the pirate. ,The nun followed the soldier,1
FALSE,2583,"{""Q0"":""The cowboy pushed the swimmer""}",8517,push,AI,y,The chef push the clown.,The cowboy pushed the swimmer,1
FALSE,2336,"{""Q0"":""The sailor touched the clown""}",7455,touch,PI,y,The doctor is touchen by the waitress.,The sailor touched the clown,1
TRUE,1891,"{""Q0"":""The pirate pulls the ballerina""}",8861,pull,AI,y,The boxer pull the soldier.,The pirate pulls the ballerina,1
TRUE,2484,"{""Q0"":""The cowboy pushed the ballerina""}",8846,push,PI,n,The monk is pushen by the policeman.,The cowboy pushed the ballerina,1
TRUE,3829,"{""Q0"":""The ballerina is scolded by the officer""}",9526,scold,AC,n,The waitress scolds the boxer.,The ballerina is scolded by the officer,0
FALSE,2703,"{""Q0"":""The chef shoots the swimmer""}",8007,shot,PI,y,The ballerina is shooted by the artist. ,The chef shoots the swimmer,1
TRUE,1958,"{""Q0"":""The professor scolds the sailor""}",8733,scold,AC,y,The policeman scolds the doctor.,The professor scolds the sailor,1
TRUE,2901,"{""Q0"":""The nun kissed the ballerina""}",8157,kiss,PC,y,The boxer is kissed by the artist.,The nun kissed the ballerina,1
TRUE,1736,"{""Q0"":""The officer slaps the boxer""}",7813,slap,AC,n,The cowboy slaps the ballerina.,The officer slaps the boxer,1
TRUE,3313,"{""Q0"":""The cowboy punches the ballerina ""}",17213,punch,PC,n,The policeman is punched by the artist.,The cowboy punches the ballerina ,1
FALSE,6023,"{""Q0"":""The sailor touched the swimmer""}",15814,touch,AI,n,The waitress touch the professor.,The sailor touched the swimmer,1
TRUE,2297,"{""Q0"":""The maid chased the doctor""}",11954,chase,PC,n,The swimmer is chased by the nun.,The maid chased the doctor,1