﻿resp_iscorrect,verif_rt,responses,descr_rt,T_verb,P_type,verif_ans,P_sentence,clear_responses,isactive
TRUE,3994,"{""Q0"":""The professor scolds the sailor.""}",16657,scold,AC,y,The policeman scolds the doctor.,The professor scolds the sailor.,1
TRUE,4490,"{""Q0"":""The burglar is kicked by the waitress.""}",11288,kick,PI,n,The clown is kicken by the nun.,The burglar is kicked by the waitress.,0
TRUE,2274,"{""Q0"":""The artist kisses the soldier.""}",9683,kiss,AC,n,The pirate kisses the clown.,The artist kisses the soldier.,1
TRUE,3149,"{""Q0"":""The waitress chases the doctor.""}",12388,chase,PC,n,The swimmer is chased by the nun.,The waitress chases the doctor.,1
TRUE,1798,"{""Q0"":""The artist punches the monk.""}",7527,punch,AC,n,The cowboy punches the nun.,The artist punches the monk.,1
TRUE,2279,"{""Q0"":""The nun kisses the dancer.""}",6318,kiss,PC,y,The boxer is kissed by the artist.,The nun kisses the dancer.,1
TRUE,1891,"{""Q0"":""The chef shot the boxer.""}",5008,shoot,AI,n,The actress shoot the robber.,The chef shot the boxer.,1
TRUE,1884,"{""Q0"":""The boxer pulls the clown.""}",5070,pull,PI,n,The waitress is pullen by the pirate.,The boxer pulls the clown.,1
TRUE,3082,"{""Q0"":""The cop chases the robber.""}",7131,chase,AC,y,The nun chases the sailor.,The cop chases the robber.,1
TRUE,1806,"{""Q0"":""The nun is following the soldier.""}",10441,follow,PC,y,The ballerina is followed by the pirate.,The nun is following the soldier.,1
TRUE,2441,"{""Q0"":""The nun is kissing the boxer.""}",9534,kiss,AC,y,The artist kisses the ballerina.,The nun is kissing the boxer.,1
TRUE,1569,"{""Q0"":""The nun is following the boxer.""}",6211,follow,PC,n,The ballerina is followed by the pirate.,The nun is following the boxer.,1
TRUE,2075,"{""Q0"":""The waitress kicked the clown.""}",8344,kick,AI,y,The policeman kick the boxer.,The waitress kicked the clown.,1
TRUE,2816,"{""Q0"":""The policeman scolds the boxer.""}",8229,scold,PC,y,The doctor is scolded by the professor.,The policeman scolds the boxer.,1
TRUE,1228,"{""Q0"":""The cowboy pushed the swimmer.""}",7922,push,AI,y,The chef push the clown.,The cowboy pushed the swimmer.,1
TRUE,2074,"{""Q0"":""The ballerina was punched by the cowboy.""}",7846,punch,PC,n,The policeman is punched by the artist.,The ballerina was punched by the cowboy.,0
TRUE,2488,"{""Q0"":""The waitress tickled the doctor.""}",6103,tickle,AI,n,The soldier tickle the boxer.,The waitress tickled the doctor.,1
FALSE,7415,"{""Q0"":""The swimmer was shot by the chef.""}",6206,shot,PI,y,The ballerina is shooted by the artist.,The swimmer was shot by the chef.,0
TRUE,4143,"{""Q0"":""The policeman is scolding the ballerina.""}",12901,scold,AC,n,The waitress scolds the boxer.,The policeman is scolding the ballerina.,1
TRUE,3201,"{""Q0"":""The cowboy punched the doctor.""}",9602,punch,PC,y,The ballerina is punched by the artist.,The cowboy punched the doctor.,1
TRUE,1366,"{""Q0"":""The policeman slaps the swimmer.""}",7109,slap,AC,y,The cowboy slaps the professor.,The policeman slaps the swimmer.,1
TRUE,1778,"{""Q0"":""The artist is kissing the clown.""}",6470,kiss,PC,n,The monk is kissed by the swimmer.,The artist is kissing the clown.,1
TRUE,1915,"{""Q0"":""The sailor is followed by the pirate.""}",11626,follow,AC,y,The nun follows the doctor.,The sailor is followed by the pirate.,0
TRUE,2197,"{""Q0"":""The cowboy slapped the sailor.""}",7839,slap,PC,y,The clown is slapped by the policeman.,The cowboy slapped the sailor.,1
TRUE,2394,"{""Q0"":""The policeman slapped the boxer.""}",7289,slap,AC,n,The cowboy slaps the ballerina.,The policeman slapped the boxer.,1
TRUE,2010,"{""Q0"":""The pirate chases the robber.""}",6008,chase,PC,y,The monk is chased by the policeman.,The pirate chases the robber.,1
TRUE,1960,"{""Q0"":""The sailor touches the swimmer.""}",7249,touch,AI,n,The waitress touch the professor.,The sailor touches the swimmer.,1
TRUE,1502,"{""Q0"":""The cowboy slapped the ballerina.""}",7912,slap,PC,n,The nurse is slapped by  the policeman.,The cowboy slapped the ballerina.,1
TRUE,1515,"{""Q0"":""The artist punched the clown.""}",9095,punch,AC,y,The cowboy punches the swimmer.,The artist punched the clown.,1
TRUE,3774,"{""Q0"":""The cowboy is pushing the ballerina.""}",7990,push,PI,n,The monk is pushen by the policeman.,The cowboy is pushing the ballerina.,1
TRUE,1843,"{""Q0"":""The pirate follows the doctor.""}",6473,follow,AC,n,The nun follows the cowboy.,The pirate follows the doctor.,1
FALSE,3809,"{""Q0"":""The waitress tickles the monk.""}",9768,tickle,PI,y,The robber is ticklen by the soldier.,The waitress tickles the monk.,1
TRUE,1950,"{""Q0"":""The pirate pulls the ballerina.""}",8941,pull,AI,y,The boxer pull the soldier.,The pirate pulls the ballerina.,1
TRUE,3322,"{""Q0"":""The professor scolds the soldier.""}",8630,scold,PC,n,The monk is scolded by the swimmer.,The professor scolds the soldier.,1
TRUE,1732,"{""Q0"":""The policeman chases the swimmer.""}",6499,chase,AC,n,The policeman chases the robber.,The policeman chases the swimmer.,1
FALSE,3526,"{""Q0"":""The sailor touches the clown.""}",10028,touch,PI,y,The doctor is touchen by the waitress.,The sailor touches the clown.,1