﻿resp_iscorrect,verif_rt,responses,descr_rt,T_verb,P_type,verif_ans,P_sentence,clear_responses,isactive
TRUE,11443,"{""Q0"":""the pirate follows his prey""}",15197,follow,AC,y,The nun follows the doctor.,the pirate follows his prey,1
FALSE,6921,"{""Q0"":""the fanatic follows the stud""}",23964,follow,PC,n,The ballerina is followed by the pirate.,the fanatic follows the stud,1
TRUE,6399,"{""Q0"":""the porn actor pushes the swimmer""}",20360,push,AI,y,The chef push the clown.,the porn actor pushes the swimmer,1
FALSE,5221,"{""Q0"":""the cowboy slaps the ballerina""}",19364,slap,PC,n,The nurse is slapped by  the policeman.,the cowboy slaps the ballerina,1
FALSE,5258,"{""Q0"":""The actor scolds the ballerina""}",13996,scold,AC,n,The waitress scolds the boxer.,The actor scolds the ballerina,1
FALSE,3652,"{""Q0"":""The clown is pulled by the professor""}",15006,pull,PI,n,The waitress is pullen by the pirate.,The clown is pulled by the professor,0
FALSE,4565,"{""Q0"":""The ROTC student is kissed by the artist""}",19479,kiss,AC,n,The pirate kisses the clown.,The ROTC student is kissed by the artist,0
FALSE,6046,"{""Q0"":""The chef shoots the swimmer""}",13778,shot,PI,y,The ballerina is shooted by the artist.,The chef shoots the swimmer,1
TRUE,3005,"{""Q0"":""The cop slaps the swimmer""}",18587,slap,AC,y,The cowboy slaps the professor.,The cop slaps the swimmer,1
TRUE,3596,"{""Q0"":""The sailor is slapped by the cowboy""}",15424,slap,PC,y,The clown is slapped by the policeman.,The sailor is slapped by the cowboy,0
TRUE,3126,"{""Q0"":""The ballerina is pulled by the graduate student""}",17507,pull,AI,y,The boxer pull the soldier.,The ballerina is pulled by the graduate student,0
TRUE,4320,"{""Q0"":""The fanatic follows the soldier""}",17547,follow,PC,y,The ballerina is followed by the pirate.,The fanatic follows the soldier,1
TRUE,5891,"{""Q0"":""The nun kisses the boxer""}",14939,kiss,AC,y,The artist kisses the ballerina.,The nun kisses the boxer,1
TRUE,6063,"{""Q0"":""The cowboy punches the doctor""}",14161,punch,PC,y,The ballerina is punched by the artist.,The cowboy punches the doctor,1
FALSE,5418,"{""Q0"":""the waitress kicks the customer""}",19472,kick,AI,y,The policeman kick the boxer.,the waitress kicks the customer,1
FALSE,3295,"{""Q0"":""The doctor is chased by the student""}",17250,chase,PC,n,The swimmer is chased by the nun.,The doctor is chased by the student,0
TRUE,6887,"{""Q0"":""The sailor touches the swimmer""}",15356,touch,AI,n,The waitress touch the professor.,The sailor touches the swimmer,1
FALSE,3227,"{""Q0"":""The provost is kissed by the teaching assistant""}",28242,kiss,PC,n,The monk is kissed by the swimmer.,The provost is kissed by the teaching assistant,0
FALSE,3509,"{""Q0"":""The waiter bar patron chases the swimmer""}",33512,chase,AC,n,The policeman chases the robber.,The waiter bar patron chases the swimmer,1
FALSE,3825,"{""Q0"":""The cowboy pushes the ballerina""}",16354,push,PI,n,The monk is pushen by the policeman.,The cowboy pushes the ballerina,1
TRUE,3768,"{""Q0"":""The chef shoots the boxer""}",14383,shoot,AI,n,The actress shoot the robber.,The chef shoots the boxer,1
TRUE,2886,"{""Q0"":""The nun kisses the ballerina""}",16667,kiss,PC,y,The boxer is kissed by the artist.,The nun kisses the ballerina,1
FALSE,3399,"{""Q0"":""The cop slaps the boxer""}",18879,slap,AC,n,The cowboy slaps the ballerina.,The cop slaps the boxer,1
FALSE,3711,"{""Q0"":""The professor scolds the soldier""}",22070,scold,PC,n,The monk is scolded by the swimmer.,The professor scolds the soldier,1
TRUE,5340,"{""Q0"":""The student tickles the doctor""}",15584,tickle,AI,n,The soldier tickle the boxer.,The student tickles the doctor,1
TRUE,2992,"{""Q0"":""The policeman scolds the boxer""}",12650,scold,PC,y,The doctor is scolded by the professor.,The policeman scolds the boxer,1
TRUE,1546,"{""Q0"":""The professor scolds the student""}",17301,scold,AC,y,The policeman scolds the doctor.,The professor scolds the student,1
FALSE,2865,"{""Q0"":""The cowboy punches the waitress""}",15380,punch,PC,n,The policeman is punched by the artist.,The cowboy punches the waitress,1
FALSE,2387,"{""Q0"":""The research assistant follows the professor""}",17402,follow,AC,n,The nun follows the cowboy.,The research assistant follows the professor,1
TRUE,2471,"{""Q0"":""The pirate chases the robber""}",13183,chase,PC,y,The monk is chased by the policeman.,The pirate chases the robber,1
TRUE,1911,"{""Q0"":""The robber is chased by the professor""}",14454,chase,AC,y,The nun chases the sailor.,The robber is chased by the professor,0
FALSE,2437,"{""Q0"":""The graduate student is touched by the sailor""}",16259,touch,PI,y,The doctor is touchen by the waitress.,The graduate student is touched by the sailor,0
FALSE,3636,"{""Q0"":""The monk is punched by the artist""}",17992,punch,AC,n,The cowboy punches the nun.,The monk is punched by the artist,0
FALSE,3574,"{""Q0"":""The monk is tickled by the waitress""}",13261,tickle,PI,y,The robber is ticklen by the soldier.,The monk is tickled by the waitress,0
TRUE,1740,"{""Q0"":""The professor is bunched by the nun""}",19429,punch,AC,y,The cowboy punches the swimmer.,The professor is punched by the nun,0
TRUE,2607,"{""Q0"":""The nun is kicked by the waitress""}",14855,kick,PI,n,The clown is kicken by the nun.,The nun is kicked by the waitress,0