resp_iscorrect,verif_rt,responses,descr_rt,T_verb,P_type,verif_ans,P_sentence,clear_responses,isactive
True,8925.0,"{""Q0"":""A waitress kicks a poor person""}",26964.0,kick,AI,y,The policeman kick the boxer.,A waitress kicks a poor person,1
True,5064.0,"{""Q0"":""A pirate is chasing a thief""}",13131.0,chase,PC,y,The monk is chased by the policeman.,A pirate is chasing a thief,1
True,3526.0,"{""Q0"":""A pirate follows a peon""}",17901.0,follow,AC,y,The nun follows the doctor.,A pirate follows a peon,1
True,9003.0,"{""Q0"":""A doctor is punched by a cowboy""}",19254.0,punch,PC,y,The ballerina is punched by the artist.,A doctor is punched by a cowboy,0
True,3855.0,"{""Q0"":""An artist punches the nun""}",11632.0,punch,AC,n,The cowboy punches the nun.,An artist punches the nun,1
True,3750.0,"{""Q0"":""A boxer is scolded by policeman""}",15654.0,scold,PC,y,The doctor is scolded by the professor. ,A boxer is scolded by policeman,0
True,3426.0,"{""Q0"":""A swimmer is chased by policeman""}",16126.0,chase,AC,n,The policeman chases the robber.,A swimmer is chased by policeman,0
True,4212.0,"{""Q0"":""A players is scolded by a professor""}",26483.0,scold,PC,n,The monk is scolded by the swimmer. ,A players is scolded by a professor,0
True,3578.0,"{""Q0"":""Waitress tickles the doctor""}",13450.0,tickle,AI,n,The soldier tickle the boxer.,Waitress tickles the doctor,1
True,3473.0,"{""Q0"":""Boxer pulls the joker""}",12259.0,pull,PI,n,The waitress is pullen by the pirate. ,Boxer pulls the joker,1
True,2168.0,"{""Q0"":""Nun kisses the boxer""}",13168.0,kiss,AC,y,The artist kisses the ballerina.,Nun kisses the boxer,1
False,6248.0,"{""Q0"":""Ballerina is slapped by the cowboy""}",15197.0,slap,PC,n,The nurse is slapped by  the policeman.,Ballerina is slapped by the cowboy,0
True,1980.0,"{""Q0"":""Cop scolds the ballerina""}",21510.0,scold,AC,n,The waitress scolds the boxer.,Cop scolds the ballerina,1
True,3245.0,"{""Q0"":""Cowboy slaps a sailor""}",23283.0,slap,PC,y,The clown is slapped by the policeman.,Cowboy slaps a sailor,1
True,2826.0,"{""Q0"":""Artist kisses soldier""}",93641.0,kiss,AC,n,The pirate kisses the clown.,Artist kisses soldier,1
True,2067.0,"{""Q0"":""Nun follows soldier""}",7697.0,follow,PC,y,The ballerina is followed by the pirate. ,Nun follows soldier,1
True,1692.0,"{""Q0"":""Cop slaps swimmer""}",12147.0,slap,AC,y,The cowboy slaps the professor.,Cop slaps swimmer,1
True,3870.0,"{""Q0"":""Waitress kicks thief""}",10361.0,kick,PI,n,The clown is kicken by the nun. ,Waitress kicks thief,1
True,6292.0,"{""Q0"":""Chef shot the boxer""}",11115.0,shoot,AI,n,The actress shoot the robber. ,Chef shot the boxer,1
False,25795.0,"{""Q0"":""Waitress tickles priest""}",11859.0,tickle,PI,y,The robber is ticklen by the soldier. ,Waitress tickles priest,1
True,2041.0,"{""Q0"":""Professor scolds sailor""}",14444.0,scold,AC,y,The policeman scolds the doctor.,Professor scolds sailor,1
False,4475.0,"{""Q0"":""Chef shoots the swimmer""}",13344.0,shot,PI,y,The ballerina is shooted by the artist. ,Chef shoots the swimmer,1
True,3312.0,"{""Q0"":""Cowboy pushes swimmer""}",14169.0,push,AI,y,The chef push the clown.,Cowboy pushes swimmer,1
True,3882.0,"{""Q0"":""Docter is chased by ballerina""}",14948.0,chase,PC,n,The swimmer is chased by the nun.,Docter is chased by ballerina,0
True,2868.0,"{""Q0"":""Pirate pulls ballerina""}",13304.0,pull,AI,y,The boxer pull the soldier.,Pirate pulls ballerina,1
True,2214.0,"{""Q0"":""Ballerina is punched by cowboy""}",13065.0,punch,PC,n,The policeman is punched by the artist.,Ballerina is punched by cowboy,0
True,16622.0,"{""Q0"":""Artist punched the clown""}",13221.0,punch,AC,y,The cowboy punches the swimmer.,Artist punched the clown,1
True,4832.0,"{""Q0"":""Cowboy pushes ballerina""}",15475.0,push,PI,n,The monk is pushen by the policeman.,Cowboy pushes ballerina,1
True,18556.0,"{""Q0"":""Sailor touches swimmer""}",20479.0,touch,AI,n,The waitress touch the professor.,Sailor touches swimmer,1
True,18496.0,"{""Q0"":""Nun follows boxer""}",104660.0,follow,PC,n,The ballerina is followed by the pirate.,Nun follows boxer,1
True,3432.0,"{""Q0"":""Cop slaps boxer""}",16660.0,slap,AC,n,The cowboy slaps the ballerina.,Cop slaps boxer,1
False,3470.0,"{""Q0"":""Sailer touches clown""}",40847.0,touch,PI,y,The doctor is touchen by the waitress.,Sailer touches clown,1
True,2304.0,"{""Q0"":""Pirate follow doctor""}",8830.0,follow,AC,n,The nun follows the cowboy.,Pirate follow doctor,1
True,149603.0,"{""Q0"":""Jokes is kissed by artist""}",12533.0,kiss,PC,n,The monk is kissed by the swimmer.,Jokes is kissed by artist,0
True,3439.0,"{""Q0"":""cop chases the thief""}",17412.0,chase,AC,y,The nun chases the sailor.,cop chases the thief,1
True,3732.0,"{""Q0"":""Nun kisses the ballerina""}",19308.0,kiss,PC,y,The boxer is kissed by the artist.,Nun kisses the ballerina,1
