resp_iscorrect,verif_rt,responses,descr_rt,T_verb,P_type,verif_ans,P_sentence,clear_responses,isactive
True,6830.0,"{""Q0"":""The police chases the thief.""}",20104.0,chase,AC,y,The nun chases the sailor.,The police chases the thief.,1
False,13498.0,"{""Q0"":""The woman kicks the thief.""}",16845.0,kick,PI,n,The clown is kicken by the nun. ,The woman kicks the thief.,1
False,9575.0,"{""Q0"":""The pirate pulls the woman.""}",40272.0,pull,AI,y,The boxer pull the soldier.,The pirate pulls the woman.,1
True,3482.0,"{""Q0"":""A man slaps a sailor.""}",15991.0,slap,PC,y,The clown is slapped by the policeman.,A man slaps a sailor.,1
True,4415.0,"{""Q0"":""The policeman slaps the swimmer.""}",30717.0,slap,AC,y,The cowboy slaps the professor.,The policeman slaps the swimmer.,1
True,2796.0,"{""Q0"":""The nun will kiss the dancer.""}",17426.0,kiss,PC,y,The boxer is kissed by the artist.,The nun will kiss the dancer.,1
True,4679.0,"{""Q0"":""The nun kisses the boxer.""}",14201.0,kiss,AC,y,The artist kisses the ballerina.,The nun kisses the boxer.,1
False,3333.0,"{""Q0"":""The cowboy punches the dancer.""}",13275.0,punch,PC,n,The policeman is punched by the artist.,The cowboy punches the dancer.,1
True,2950.0,"{""Q0"":""The pirate follows the sailor.""}",15645.0,follow,AC,y,The nun follows the doctor.,The pirate follows the sailor.,1
True,7749.0,"{""Q0"":""The clown is pulled by the boxer""}",36798.0,pull,PI,n,The waitress is pullen by the pirate. ,The clown is pulled by the boxer,0
True,3270.0,"{""Q0"":""The policeman slaps the boxer.""}",14132.0,slap,AC,n,The cowboy slaps the ballerina.,The policeman slaps the boxer.,1
True,13114.0,"{""Q0"":""The man is tickled by the waitress.""}",20992.0,tickle,PI,y,The robber is ticklen by the soldier. ,The man is tickled by the waitress.,0
True,7451.0,"{""Q0"":""The waitress tickles the doctor""}",12399.0,tickle,AI,n,The soldier tickle the boxer.,The waitress tickles the doctor,1
True,2567.0,"{""Q0"":""The swimmer is shot by the cooker""}",34701.0,shot,PI,y,The ballerina is shooted by the artist. ,The swimmer is shot by the cooker,0
True,7470.0,"{""Q0"":""The pirate follows the doctor""}",12937.0,follow,AC,n,The nun follows the cowboy.,The pirate follows the doctor,1
True,3616.0,"{""Q0"":""The cowboy pushes the dancer""}",15702.0,push,PI,n,The monk is pushen by the policeman.,The cowboy pushes the dancer,1
True,6963.0,"{""Q0"":""The artist kisses the soldier""}",22510.0,kiss,AC,n,The pirate kisses the clown.,The artist kisses the soldier,1
True,3078.0,"{""Q0"":""The professor scolds the soldier""}",20408.0,scold,PC,n,The monk is scolded by the swimmer. ,The professor scolds the soldier,1
True,6488.0,"{""Q0"":""The chef shoots the boxer""}",60949.0,shoot,AI,n,The actress shoot the robber. ,The chef shoots the boxer,1
True,4976.0,"{""Q0"":""The soldier touches the clown""}",13477.0,touch,PI,y,The doctor is touchen by the waitress.,The soldier touches the clown,1
True,3106.0,"{""Q0"":""The artist punches the clown""}",11428.0,punch,AC,y,The cowboy punches the swimmer.,The artist punches the clown,1
True,2879.0,"{""Q0"":""The nun follows the boxer""}",10263.0,follow,PC,n,The ballerina is followed by the pirate.,The nun follows the boxer,1
False,8901.0,"{""Q0"":""The cowboy pushes the swimmer""}",19690.0,push,AI,y,The chef push the clown.,The cowboy pushes the swimmer,1
False,6967.0,"{""Q0"":""The cowboy slaps the dancer""}",12092.0,slap,PC,n,The nurse is slapped by  the policeman.,The cowboy slaps the dancer,1
True,3184.0,"{""Q0"":""The sailor touches the swimmer""}",13390.0,touch,AI,n,The waitress touch the professor.,The sailor touches the swimmer,1
True,2308.0,"{""Q0"":""The waitress chases the doctor""}",11413.0,chase,PC,n,The swimmer is chased by the nun.,The waitress chases the doctor,1
True,3924.0,"{""Q0"":""The professor scolds the sailor""}",18993.0,scold,AC,y,The policeman scolds the doctor.,The professor scolds the sailor,1
True,2657.0,"{""Q0"":""The artist kisses the clown""}",14776.0,kiss,PC,n,The monk is kissed by the swimmer.,The artist kisses the clown,1
True,2324.0,"{""Q0"":""The policeman chases the swimmer""}",12583.0,chase,AC,n,The policeman chases the robber.,The policeman chases the swimmer,1
True,3881.0,"{""Q0"":""The nun follows the soldier""}",18982.0,follow,PC,y,The ballerina is followed by the pirate. ,The nun follows the soldier,1
True,2201.0,"{""Q0"":""The artist punches the monk""}",15711.0,punch,AC,n,The cowboy punches the nun.,The artist punches the monk,1
True,4746.0,"{""Q0"":""The cowboy punches the doctor""}",13267.0,punch,PC,y,The ballerina is punched by the artist.,The cowboy punches the doctor,1
True,5261.0,"{""Q0"":""The waitress kicks the clown""}",12536.0,kick,AI,y,The policeman kick the boxer.,The waitress kicks the clown,1
True,3907.0,"{""Q0"":""The pirate chases the thief""}",13654.0,chase,PC,y,The monk is chased by the policeman.,The pirate chases the thief,1
True,6442.0,"{""Q0"":""The policeman scolds the dancer""}",10328.0,scold,AC,n,The waitress scolds the boxer.,The policeman scolds the dancer,1
True,2121.0,"{""Q0"":""The policeman scolds the boxer""}",10876.0,scold,PC,y,The doctor is scolded by the professor. ,The policeman scolds the boxer,1
