resp_iscorrect,verif_rt,responses,descr_rt,T_verb,P_type,verif_ans,P_sentence,clear_responses,isactive
True,2733.0,"{""Q0"":""Soldier slap a lifeguard""}",33501.0,slap,AC,y,The cowboy slaps the professor.,Soldier slap a lifeguard,1
False,12838.0,"{""Q0"":""Pirate is chasing a thief""}",41482.0,chase,PC,y,The monk is chased by the policeman.,Pirate is chasing a thief,1
True,20654.0,"{""Q0"":""Soldier scold a dancer ""}",35856.0,scold,AC,n,The waitress scolds the boxer.,Soldier scold a dancer ,1
True,4164.0,"{""Q0"":""Police scold a fighter""}",17971.0,scold,PC,y,The doctor is scolded by the professor. ,Police scold a fighter,1
True,7695.0,"{""Q0"":""Soilor touch a lifeguilder""}",27361.0,touch,AI,n,The waitress touch the professor.,Soilor touch a lifeguilder,1
True,4640.0,"{""Q0"":""Homeless kissed by a painter""}",37072.0,kiss,PC,n,The monk is kissed by the swimmer.,Homeless kissed by a painter,1
True,2499.0,"{""Q0"":""Policeman chase a lifeguard""}",18512.0,chase,AC,n,The policeman chases the robber.,Policeman chase a lifeguard,1
True,8932.0,"{""Q0"":""A monk is tickled by a waitress""}",55532.0,tickle,PI,y,The robber is ticklen by the soldier. ,A monk is tickled by a waitress,0
True,3677.0,"{""Q0"":""A robber is pulling a dancer""}",26622.0,pull,AI,y,The boxer pull the soldier.,A robber is pulling a dancer,1
True,7473.0,"{""Q0"":""Lifeguard is shooted by a chef""}",35966.0,shot,PI,y,The ballerina is shooted by the artist. ,Lifeguard is shooted by a chef,0
True,5382.0,"{""Q0"":""Painter punchs jocker""}",19288.0,punch,AC,y,The cowboy punches the swimmer.,Painter punchs jocker,1
False,7657.0,"{""Q0"":""Robber is kicked by a waitress""}",15858.0,kick,PI,n,The clown is kicken by the nun. ,Robber is kicked by a waitress,0
True,7692.0,"{""Q0"":""The woman kiss the boxer""}",19058.0,kiss,AC,y,The artist kisses the ballerina.,The woman kiss the boxer,1
True,3876.0,"{""Q0"":""The priest follow a boxer""}",28764.0,follow,PC,n,The ballerina is followed by the pirate.,The priest follow a boxer,1
True,6029.0,"{""Q0"":""The policeman slap a boxer""}",14554.0,slap,AC,n,The cowboy slaps the ballerina.,The policeman slap a boxer,1
True,12403.0,"{""Q0"":""The cowboy slap a dancer ""}",21040.0,slap,PC,n,The nurse is slapped by  the policeman.,The cowboy slap a dancer ,1
True,50549.0,"{""Q0"":""The thief follows a sailor""}",35906.0,follow,AC,y,The nun follows the doctor.,The thief follows a sailor,1
True,2432.0,"{""Q0"":""The cowboy punchs a doctor""}",18075.0,punch,PC,y,The ballerina is punched by the artist.,The cowboy punchs a doctor,1
True,11909.0,"{""Q0"":""The doctor scolds a sailor""}",29701.0,scold,AC,y,The policeman scolds the doctor.,The doctor scolds a sailor,1
False,8903.0,"{""Q0"":""The waitress chase a doctor""}",24229.0,chase,PC,n,The swimmer is chased by the nun.,The waitress chase a doctor,1
True,5045.0,"{""Q0"":""The thief follow a doctor""}",22709.0,follow,AC,n,The nun follows the cowboy.,The thief follow a doctor,1
True,3609.0,"{""Q0"":""A cowboy punch a dancer""}",25905.0,punch,PC,n,The policeman is punched by the artist.,A cowboy punch a dancer,1
False,7280.0,"{""Q0"":""A chef shoot a boxer""}",9820.0,shoot,AI,n,The actress shoot the robber. ,A chef shoot a boxer,1
False,35168.0,"{""Q0"":""A nun is following a policeman""}",28193.0,follow,PC,y,The ballerina is followed by the pirate. ,A nun is following a policeman,1
True,5531.0,"{""Q0"":""A cowboy pushs a swimmer""}",16882.0,push,AI,y,The chef push the clown.,A cowboy pushs a swimmer,1
True,5660.0,"{""Q0"":""A nun kiss a dancer""}",8301.0,kiss,PC,y,The boxer is kissed by the artist.,A nun kiss a dancer,1
True,3479.0,"{""Q0"":""A artist kisses a soldier""}",34246.0,kiss,AC,n,The pirate kisses the clown.,A artist kisses a soldier,1
True,17534.0,"{""Q0"":""The sailor touch a clown""}",27371.0,touch,PI,y,The doctor is touchen by the waitress.,The sailor touch a clown,1
True,7916.0,"{""Q0"":""A waitress kicks a clown""}",28793.0,kick,AI,y,The policeman kick the boxer.,A waitress kicks a clown,1
True,3734.0,"{""Q0"":""A saillor slaped by a cowboy""}",36129.0,slap,PC,y,The clown is slapped by the policeman.,A saillor slaped by a cowboy,1
True,10807.0,"{""Q0"":""A waitress tickle the doctor""}",29922.0,tickle,AI,n,The soldier tickle the boxer.,A waitress tickle the doctor,1
True,6206.0,"{""Q0"":""A cowboy pushs a dancer""}",23489.0,push,PI,n,The monk is pushen by the policeman.,A cowboy pushs a dancer,1
True,9141.0,"{""Q0"":""A policeman chases a thief""}",35817.0,chase,AC,y,The nun chases the sailor.,A policeman chases a thief,1
True,2333.0,"{""Q0"":""The boxer pulls a clown""}",11766.0,pull,PI,n,The waitress is pullen by the pirate. ,The boxer pulls a clown,1
True,4105.0,"{""Q0"":""A artist punchs a monk""}",25505.0,punch,AC,n,The cowboy punches the nun.,A artist punchs a monk,1
True,13868.0,"{""Q0"":""The doctor scold a soldier""}",26925.0,scold,PC,n,The monk is scolded by the swimmer. ,The doctor scold a soldier,1
