resp_iscorrect,verif_rt,responses,descr_rt,T_verb,P_type,verif_ans,P_sentence,clear_responses,isactive
True,6492.0,"{""Q0"":""The nun kisses the boxer""}",9470.0,kiss,AC,y,The artist kisses the ballerina.,The nun kisses the boxer,1
True,5040.0,"{""Q0"":""The graduate scolds the soldier ""}",23967.0,scold,PC,n,The monk is scolded by the swimmer. ,The graduate scolds the soldier ,1
True,2799.0,"{""Q0"":""the painter punches the clown ""}",15821.0,punch,AC,y,The cowboy punches the swimmer.,the painter punches the clown ,1
True,8132.0,"{""Q0"":""The cowboy punches the doctor""}",14920.0,punch,PC,y,The ballerina is punched by the artist.,The cowboy punches the doctor,1
True,3925.0,"{""Q0"":""The pirate follows the doctor ""}",13718.0,follow,AC,n,The nun follows the cowboy.,The pirate follows the doctor ,1
True,2840.0,"{""Q0"":""The waitress kicks the robber""}",16108.0,kick,PI,n,The clown is kicken by the nun. ,The waitress kicks the robber,1
True,2870.0,"{""Q0"":""The waitress tickles the doctor ""}",10833.0,tickle,AI,n,The soldier tickle the boxer.,The waitress tickles the doctor ,1
True,3660.0,"{""Q0"":""The nun kisses the ballerina ""}",9809.0,kiss,PC,y,The boxer is kissed by the artist.,The nun kisses the ballerina ,1
True,2316.0,"{""Q0"":""The painter punches the priest""}",56251.0,punch,AC,n,The cowboy punches the nun.,The painter punches the priest,1
True,7467.0,"{""Q0"":""The cowboy slaps the ballerina ""}",15662.0,slap,PC,n,The nurse is slapped by  the policeman.,The cowboy slaps the ballerina ,1
True,6664.0,"{""Q0"":""The graduate scolds the doctor ""}",9531.0,scold,AC,y,The policeman scolds the doctor.,The graduate scolds the doctor ,1
True,2601.0,"{""Q0"":""The painter kisses the clown ""}",51684.0,kiss,PC,n,The monk is kissed by the swimmer.,The painter kisses the clown ,1
True,7697.0,"{""Q0"":""The pirate pulls the ballerina ""}",11853.0,pull,AI,y,The boxer pull the soldier.,The pirate pulls the ballerina ,1
True,3886.0,"{""Q0"":""The robber is chased by the pirate""}",11636.0,chase,PC,y,The monk is chased by the policeman.,The robber is chased by the pirate,0
True,2744.0,"{""Q0"":"" The sailor is followed by the pirate""}",20316.0,follow,AC,y,The nun follows the doctor., The sailor is followed by the pirate,0
False,26030.0,"{""Q0"":"" The sailor touches the clown ""}",25721.0,touch,PI,y,The doctor is touchen by the waitress., The sailor touches the clown ,1
True,6478.0,"{""Q0"":""The cop slaps the swimmer ""}",19796.0,slap,AC,y,The cowboy slaps the professor.,The cop slaps the swimmer ,1
False,4234.0,"{""Q0"":""The waitress tickles the monk ""}",13810.0,tickle,PI,y,The robber is ticklen by the soldier. ,The waitress tickles the monk ,1
True,3807.0,"{""Q0"":""The sailor touched the swimmer""}",10204.0,touch,AI,n,The waitress touch the professor.,The sailor touched the swimmer,1
True,3403.0,"{""Q0"":""The boxer pulls the clown ""}",32467.0,pull,PI,n,The waitress is pullen by the pirate. ,The boxer pulls the clown ,1
True,2971.0,"{""Q0"":""The cop chases the robber ""}",10766.0,chase,AC,y,The nun chases the sailor.,The cop chases the robber ,1
True,2456.0,"{""Q0"":""The cowboy pushes the ballerina ""}",20899.0,push,PI,n,The monk is pushen by the policeman.,The cowboy pushes the ballerina ,1
True,6663.0,"{""Q0"":""The cowboy pushes the swimmer ""}",14748.0,push,AI,y,The chef push the clown.,The cowboy pushes the swimmer ,1
True,6719.0,"{""Q0"":""The cowboy slapped the sailor ""}",11861.0,slap,PC,y,The clown is slapped by the policeman.,The cowboy slapped the sailor ,1
True,1565.0,"{""Q0"":""The cop scolds the ballerina ""}",13233.0,scold,AC,n,The waitress scolds the boxer.,The cop scolds the ballerina ,1
True,8479.0,"{""Q0"":""The waitress chases the doctor""}",16785.0,chase,PC,n,The swimmer is chased by the nun.,The waitress chases the doctor,1
True,7147.0,"{""Q0"":""The cop chases the swimmer ""}",46405.0,chase,AC,n,The policeman chases the robber.,The cop chases the swimmer ,1
True,19376.0,"{""Q0"":""The soldier is followed by the nun ""}",18969.0,follow,PC,y,The ballerina is followed by the pirate. ,The soldier is followed by the nun ,0
True,12757.0,"{""Q0"":""the cop slapped the boxer ""}",24798.0,slap,AC,n,The cowboy slaps the ballerina.,the cop slapped the boxer ,1
False,50173.0,"{""Q0"":""The cowboy punching a ballerina""}",227175.0,punch,PC,n,The policeman is punched by the artist.,The cowboy punching a ballerina,1
True,990961.0,"{""Q0"":""the painter kisses the soldier ""}",34285.0,kiss,AC,n,The pirate kisses the clown.,the painter kisses the soldier ,1
True,444962.0,"{""Q0"":""the cop scolds the boxer""}",20047.0,scold,PC,y,The doctor is scolded by the professor. ,the cop scolds the boxer,1
True,3457.0,"{""Q0"":""the baker shoots the boxer""}",49683.0,shoot,AI,n,The actress shoot the robber. ,the baker shoots the boxer,1
True,12763.0,"{""Q0"":""the baker shoots the swimmer""}",83234.0,shot,PI,y,The ballerina is shooted by the artist. ,the baker shoots the swimmer,1
True,13577.0,"{""Q0"":""the waitress kicks the clown""}",35021.0,kick,AI,y,The policeman kick the boxer.,the waitress kicks the clown,1
True,12184.0,"{""Q0"":""The nun follows the boxer""}",11683.0,follow,PC,n,The ballerina is followed by the pirate.,The nun follows the boxer,1
