resp_iscorrect,verif_rt,responses,descr_rt,T_verb,P_type,verif_ans,P_sentence,clear_responses,isactive
True,5543.0,"{""Q0"":""The sailor is touching a swimmer.""}",15250.0,touch,AI,n,The waitress touch the professor.,The sailor is touching a swimmer.,1
True,6364.0,"{""Q0"":""A painter is kissing another painter.""}",17579.0,kiss,PC,n,The monk is kissed by the swimmer.,A painter is kissing another painter.,1
False,4768.0,"{""Q0"":""A soldier slapped a boxer.""}",41257.0,slap,AC,n,The cowboy slaps the ballerina.,A soldier slapped a boxer.,1
True,4336.0,"{""Q0"":""A farmer punched a doctor.""}",15127.0,punch,PC,y,The ballerina is punched by the artist.,A farmer punched a doctor.,1
True,6905.0,"{""Q0"":""A pirate is following a sailor.""}",28959.0,follow,AC,y,The nun follows the doctor.,A pirate is following a sailor.,1
True,3383.0,"{""Q0"":""A soldier is scolded by a professor.""}",23587.0,scold,PC,n,The monk is scolded by the swimmer. ,A soldier is scolded by a professor.,0
True,4018.0,"{""Q0"":""A waitress kicked a painter.""}",22613.0,kick,AI,y,The policeman kick the boxer.,A waitress kicked a painter.,1
True,3006.0,"{""Q0"":""A dancer is slapped by a farmer.""}",15016.0,slap,PC,n,The nurse is slapped by  the policeman.,A dancer is slapped by a farmer.,0
True,2168.0,"{""Q0"":""A dancer is scolded by a policeman.""}",16349.0,scold,AC,n,The waitress scolds the boxer.,A dancer is scolded by a policeman.,0
True,3345.0,"{""Q0"":""A prisoner is kicked by a waitress.""}",25781.0,kick,PI,n,The clown is kicken by the nun. ,A prisoner is kicked by a waitress.,0
True,3854.0,"{""Q0"":""A chief shoots a boxer.""}",18281.0,shoot,AI,n,The actress shoot the robber. ,A chief shoots a boxer.,1
True,2553.0,"{""Q0"":""A prayer is following a soldier.""}",20230.0,follow,PC,y,The ballerina is followed by the pirate. ,A prayer is following a soldier.,1
True,2454.0,"{""Q0"":""A painter punched a prayer.""}",20193.0,punch,AC,n,The cowboy punches the nun.,A painter punched a prayer.,1
True,3991.0,"{""Q0"":""A boxer is followed by a prayer.""}",15713.0,follow,PC,n,The ballerina is followed by the pirate.,A boxer is followed by a prayer.,0
False,2626.0,"{""Q0"":""The police slapped the swimmer.""}",15807.0,slap,AC,y,The cowboy slaps the professor.,The police slapped the swimmer.,1
True,13687.0,"{""Q0"":""A dancer is kissed by a prayer.""}",19247.0,kiss,PC,y,The boxer is kissed by the artist.,A dancer is kissed by a prayer.,0
True,5315.0,"{""Q0"":""The police chases the thief.""}",21807.0,chase,AC,y,The nun chases the sailor.,The police chases the thief.,1
True,3854.0,"{""Q0"":""The dancer is punched by a farmer.""}",13362.0,punch,PC,n,The policeman is punched by the artist.,The dancer is punched by a farmer.,0
True,4495.0,"{""Q0"":""The pirate is pulling a dancer.""}",12778.0,pull,AI,y,The boxer pull the soldier.,The pirate is pulling a dancer.,1
True,7502.0,"{""Q0"":""A chief shoots a swimmer.""}",36155.0,shot,PI,y,The ballerina is shooted by the artist. ,A chief shoots a swimmer.,1
True,2105.0,"{""Q0"":""A sailor is scolded by a professor.""}",16598.0,scold,AC,y,The policeman scolds the doctor.,A sailor is scolded by a professor.,0
True,22641.0,"{""Q0"":""A prayer is ticklen by a housewife.""}",21269.0,tickle,PI,y,The robber is ticklen by the soldier. ,A prayer is ticklen by a housewife.,1
True,2549.0,"{""Q0"":""The doctor is followed by a pirate.""}",16289.0,follow,AC,n,The nun follows the cowboy.,The doctor is followed by a pirate.,0
True,14807.0,"{""Q0"":""A painter is pulled by a boxer.""}",16185.0,pull,PI,n,The waitress is pullen by the pirate. ,A painter is pulled by a boxer.,0
False,7986.0,"{""Q0"":""The housewife tickles the doctor.""}",16665.0,tickle,AI,n,The soldier tickle the boxer.,The housewife tickles the doctor.,1
True,5903.0,"{""Q0"":""The thief is chasen by pirate.""}",24765.0,chase,PC,y,The monk is chased by the policeman.,The thief is chasen by pirate.,1
True,3729.0,"{""Q0"":""The nun kisses the boxer.""}",9665.0,kiss,AC,y,The artist kisses the ballerina.,The nun kisses the boxer.,1
False,3052.0,"{""Q0"":""The farmer pushed the ballerina.""}",22275.0,push,PI,n,The monk is pushen by the policeman.,The farmer pushed the ballerina.,1
True,3705.0,"{""Q0"":""The painter punched the clown.""}",12335.0,punch,AC,y,The cowboy punches the swimmer.,The painter punched the clown.,1
True,3223.0,"{""Q0"":""The doctor is chasen by a housewife.""}",21305.0,chase,PC,n,The swimmer is chased by the nun.,The doctor is chasen by a housewife.,1
True,2852.0,"{""Q0"":""The policeman is chasing a swimmer.""}",18526.0,chase,AC,n,The policeman chases the robber.,The policeman is chasing a swimmer.,1
True,7925.0,"{""Q0"":""The sailor is slapped by a farmer.""}",17775.0,slap,PC,y,The clown is slapped by the policeman.,The sailor is slapped by a farmer.,0
True,4009.0,"{""Q0"":""A painter kissed a soldier.""}",14489.0,kiss,AC,n,The pirate kisses the clown.,A painter kissed a soldier.,1
True,3025.0,"{""Q0"":""A boxer is scolded by a police.""}",11276.0,scold,PC,y,The doctor is scolded by the professor. ,A boxer is scolded by a police.,0
True,2941.0,"{""Q0"":""The farmer pushed the swimmer.""}",15045.0,push,AI,y,The chef push the clown.,The farmer pushed the swimmer.,1
True,3212.0,"{""Q0"":""The clown is touched by a sailor.""}",13324.0,touch,PI,y,The doctor is touchen by the waitress.,The clown is touched by a sailor.,0
