resp_iscorrect,verif_rt,responses,descr_rt,T_verb,P_type,verif_ans,P_sentence,clear_responses,isactive
True,3990.0,"{""Q0"":""The soldier slaps the lifeguard""}",37570.0,slap,AC,y,The cowboy slaps the professor.,The soldier slaps the lifeguard,1
True,2425.0,"{""Q0"":""The nun follows the soldier""}",24542.0,follow,PC,y,The ballerina is followed by the pirate. ,The nun follows the soldier,1
True,3557.0,"{""Q0"":""The soldier chases the lifeguard""}",13860.0,chase,AC,n,The policeman chases the robber.,The soldier chases the lifeguard,1
True,3798.0,"{""Q0"":""The cowboy punches the doctor""}",14376.0,punch,PC,y,The ballerina is punched by the artist.,The cowboy punches the doctor,1
True,2059.0,"{""Q0"":""The soldier chases the robber""}",28774.0,chase,AC,y,The nun chases the sailor.,The soldier chases the robber,1
True,3377.0,"{""Q0"":""the pirate chases the robber""}",9761.0,chase,PC,y,The monk is chased by the policeman.,the pirate chases the robber,1
True,3895.0,"{""Q0"":""the waitress tickles the doctor""}",11356.0,tickle,AI,n,The soldier tickle the boxer.,the waitress tickles the doctor,1
True,3921.0,"{""Q0"":""the soldier is scolding the boxer""}",17211.0,scold,PC,y,The doctor is scolded by the professor. ,the soldier is scolding the boxer,1
True,4434.0,"{""Q0"":""the chef shoots the boxer""}",12053.0,shoot,AI,n,The actress shoot the robber. ,the chef shoots the boxer,1
True,5430.0,"{""Q0"":""the waitress is tickling the monk""}",14609.0,tickle,PI,y,The robber is ticklen by the soldier. ,the waitress is tickling the monk,1
True,4810.0,"{""Q0"":""the cowboy pushes the lifeguard""}",12812.0,push,AI,y,The chef push the clown.,the cowboy pushes the lifeguard,1
True,2747.0,"{""Q0"":""the cowboy pushes the ballerina""}",11017.0,push,PI,n,The monk is pushen by the policeman.,the cowboy pushes the ballerina,1
True,2901.0,"{""Q0"":""the pirate is pulling the ballerina""}",11096.0,pull,AI,y,The boxer pull the soldier.,the pirate is pulling the ballerina,1
True,3627.0,"{""Q0"":""the cowboy slaps the ballerina""}",11516.0,slap,PC,n,The nurse is slapped by  the policeman.,the cowboy slaps the ballerina,1
True,2313.0,"{""Q0"":""the pirate is following the sailor""}",12739.0,follow,AC,y,The nun follows the doctor.,the pirate is following the sailor,1
True,2826.0,"{""Q0"":""the nun kisses the ballerina""}",11835.0,kiss,PC,y,The boxer is kissed by the artist.,the nun kisses the ballerina,1
True,3901.0,"{""Q0"":""the painter punches the monk""}",13288.0,punch,AC,n,The cowboy punches the nun.,the painter punches the monk,1
True,5215.0,"{""Q0"":""the waitress is kicking the robber""}",14760.0,kick,PI,n,The clown is kicken by the nun. ,the waitress is kicking the robber,1
True,3130.0,"{""Q0"":""the nun kisses the boxer""}",9869.0,kiss,AC,y,The artist kisses the ballerina.,the nun kisses the boxer,1
True,1999.0,"{""Q0"":""the painter is kissing the clown""}",14168.0,kiss,PC,n,The monk is kissed by the swimmer.,the painter is kissing the clown,1
True,3523.0,"{""Q0"":""the professor scolds the sailor""}",12793.0,scold,AC,y,The policeman scolds the doctor.,the professor scolds the sailor,1
True,6323.0,"{""Q0"":""the doctor is chased by the waitress""}",13813.0,chase,PC,n,The swimmer is chased by the nun.,the doctor is chased by the waitress,0
True,2353.0,"{""Q0"":""the painter kisses the soldier""}",9144.0,kiss,AC,n,The pirate kisses the clown.,the painter kisses the soldier,1
True,4605.0,"{""Q0"":""the boxer is pulling the clown""}",10067.0,pull,PI,n,The waitress is pullen by the pirate. ,the boxer is pulling the clown,1
True,2840.0,"{""Q0"":""the soldier scolds the ballerina""}",11773.0,scold,AC,n,The waitress scolds the boxer.,the soldier scolds the ballerina,1
True,2661.0,"{""Q0"":""the professor scolds the soldier""}",10016.0,scold,PC,n,The monk is scolded by the swimmer. ,the professor scolds the soldier,1
True,4159.0,"{""Q0"":""the waitress kicks the clown""}",13517.0,kick,AI,y,The policeman kick the boxer.,the waitress kicks the clown,1
True,2517.0,"{""Q0"":""the nun is following the boxer""}",11262.0,follow,PC,n,The ballerina is followed by the pirate.,the nun is following the boxer,1
True,2938.0,"{""Q0"":""the pirate follows the doctor""}",9869.0,follow,AC,n,The nun follows the cowboy.,the pirate follows the doctor,1
False,7387.0,"{""Q0"":""the clown is touched by the sailor""}",12578.0,touch,PI,y,The doctor is touchen by the waitress.,the clown is touched by the sailor,0
True,2256.0,"{""Q0"":""the soldier slaps the boxer""}",12813.0,slap,AC,n,The cowboy slaps the ballerina.,the soldier slaps the boxer,1
True,3259.0,"{""Q0"":""the sailor is slapped by the cowboy""}",15428.0,slap,PC,y,The clown is slapped by the policeman.,the sailor is slapped by the cowboy,0
True,3529.0,"{""Q0"":""the painter punches the clown""}",10315.0,punch,AC,y,The cowboy punches the swimmer.,the painter punches the clown,1
True,2454.0,"{""Q0"":""the lifeguard is shot by the chef""}",14971.0,shot,PI,y,The ballerina is shooted by the artist. ,the lifeguard is shot by the chef,0
True,2179.0,"{""Q0"":""the sailor touches the lifeguard""}",11516.0,touch,AI,n,The waitress touch the professor.,the sailor touches the lifeguard,1
True,2542.0,"{""Q0"":""the cowboy punches the ballerina""}",11702.0,punch,PC,n,The policeman is punched by the artist.,the cowboy punches the ballerina,1
