resp_iscorrect,verif_rt,responses,descr_rt,T_verb,P_type,verif_ans,P_sentence,clear_responses,isactive
False,7415.0,"{""Q0"":""the doctor is followed by a scary man""}",54221.0,follow,AC,n,The nun follows the cowboy.,the doctor is followed by a scary man,0
True,12707.0,"{""Q0"":""the cowboy punched the dancer""}",13976.0,punch,PC,n,The policeman is punched by the artist.,the cowboy punched the dancer,1
True,7525.0,"{""Q0"":""the cook shot the boxer""}",15779.0,shoot,AI,n,The actress shoot the robber. ,the cook shot the boxer,1
True,5318.0,"{""Q0"":""the nun is following the solider""}",11639.0,follow,PC,y,The ballerina is followed by the pirate. ,the nun is following the solider,1
True,4242.0,"{""Q0"":""the grad student is scolding the sailor""}",18404.0,scold,AC,y,The policeman scolds the doctor.,the grad student is scolding the sailor,1
True,7733.0,"{""Q0"":""the cowboy slapped the sailor""}",18921.0,slap,PC,y,The clown is slapped by the policeman.,the cowboy slapped the sailor,1
True,6007.0,"{""Q0"":""the policeman slapped the boxer""}",19329.0,slap,AC,n,The cowboy slaps the ballerina.,the policeman slapped the boxer,1
False,8328.0,"{""Q0"":""the sailor is going to touch the clown""}",21855.0,touch,PI,y,The doctor is touchen by the waitress.,the sailor is going to touch the clown,0
True,2991.0,"{""Q0"":""the artist punched the priest""}",17014.0,punch,AC,n,The cowboy punches the nun.,the artist punched the priest,1
True,6153.0,"{""Q0"":""the policeman is scolding the boxer""}",18742.0,scold,PC,y,The doctor is scolded by the professor. ,the policeman is scolding the boxer,1
True,4993.0,"{""Q0"":""the nun is kissing the boxer""}",14036.0,kiss,AC,y,The artist kisses the ballerina.,the nun is kissing the boxer,1
True,2843.0,"{""Q0"":""the cowboy punched the doctor""}",17332.0,punch,PC,y,The ballerina is punched by the artist.,the cowboy punched the doctor,1
True,4813.0,"{""Q0"":""the artist kisses the solider""}",14978.0,kiss,AC,n,The pirate kisses the clown.,the artist kisses the solider,1
True,2919.0,"{""Q0"":""the boxer is followed by the nun""}",15835.0,follow,PC,n,The ballerina is followed by the pirate.,the boxer is followed by the nun,0
True,5420.0,"{""Q0"":""the police officer is scolding the dancer""}",21912.0,scold,AC,n,The waitress scolds the boxer.,the police officer is scolding the dancer,1
True,4382.0,"{""Q0"":""the artist is kissing the clown""}",20080.0,kiss,PC,n,The monk is kissed by the swimmer.,the artist is kissing the clown,1
False,7367.0,"{""Q0"":""the cowboy is pushing the swimmer""}",13880.0,push,AI,y,The chef push the clown.,the cowboy is pushing the swimmer,1
True,4197.0,"{""Q0"":""the robber was kicked by the waitress""}",24519.0,kick,PI,n,The clown is kicken by the nun. ,the robber was kicked by the waitress,0
True,3336.0,"{""Q0"":""the policeman is chasing the robber""}",16817.0,chase,AC,y,The nun chases the sailor.,the policeman is chasing the robber,1
True,4713.0,"{""Q0"":""the cowboy is pushing the dancer""}",19126.0,push,PI,n,The monk is pushen by the policeman.,the cowboy is pushing the dancer,1
False,5038.0,"{""Q0"":""the pirate is pulling the dancer""}",12788.0,pull,AI,y,The boxer pull the soldier.,the pirate is pulling the dancer,1
True,6404.0,"{""Q0"":""the nun is trying to kiss the dancer""}",12414.0,kiss,PC,y,The boxer is kissed by the artist.,the nun is trying to kiss the dancer,0
True,3098.0,"{""Q0"":""the sailor is touching the swimmer""}",12995.0,touch,AI,n,The waitress touch the professor.,the sailor is touching the swimmer,1
True,3012.0,"{""Q0"":""the boxer is pulling the clown""}",14445.0,pull,PI,n,The waitress is pullen by the pirate. ,the boxer is pulling the clown,1
True,7572.0,"{""Q0"":""the artist punched the clown""}",11532.0,punch,AC,y,The cowboy punches the swimmer.,the artist punched the clown,1
True,3613.0,"{""Q0"":""the waitress is chasing the doctor""}",17569.0,chase,PC,n,The swimmer is chased by the nun.,the waitress is chasing the doctor,1
True,3694.0,"{""Q0"":""the pirate is following the sailor ""}",25727.0,follow,AC,y,The nun follows the doctor.,the pirate is following the sailor ,1
True,3551.0,"{""Q0"":""the robber is chased by the pirate""}",15634.0,chase,PC,y,The monk is chased by the policeman.,the robber is chased by the pirate,0
True,4401.0,"{""Q0"":""the policeman is chasing the swimmer""}",14412.0,chase,AC,n,The policeman chases the robber.,the policeman is chasing the swimmer,1
True,3768.0,"{""Q0"":""the professor is scolding the solider""}",21284.0,scold,PC,n,The monk is scolded by the swimmer. ,the professor is scolding the solider,1
False,2918.0,"{""Q0"":""the waitress kicked the clown""}",12191.0,kick,AI,y,The policeman kick the boxer.,the waitress kicked the clown,1
True,5070.0,"{""Q0"":""the cowboy slapped the dancer""}",10959.0,slap,PC,n,The nurse is slapped by  the policeman.,the cowboy slapped the dancer,1
True,3028.0,"{""Q0"":""the police officer slapped the swimmer""}",12618.0,slap,AC,y,The cowboy slaps the professor.,the police officer slapped the swimmer,1
False,4399.0,"{""Q0"":""the waitress is tickling the priest""}",14653.0,tickle,PI,y,The robber is ticklen by the soldier. ,the waitress is tickling the priest,1
True,2478.0,"{""Q0"":""the waitress is tickling the doctor""}",14508.0,tickle,AI,n,The soldier tickle the boxer.,the waitress is tickling the doctor,1
False,3643.0,"{""Q0"":""the swimmer is shot by the cook""}",30454.0,shot,PI,y,The ballerina is shooted by the artist. ,the swimmer is shot by the cook,0
