resp_iscorrect,verif_rt,responses,descr_rt,T_verb,P_type,verif_ans,P_sentence,clear_responses,isactive
True,2196.0,"{""Q0"":""The police scolds the ballerina""}",14854.0,scold,AC,n,The waitress scolds the boxer.,The police scolds the ballerina,1
True,2603.0,"{""Q0"":""The cowboy slaps the ballerina""}",8455.0,slap,PC,n,The nurse is slapped by  the policeman.,The cowboy slaps the ballerina,1
True,2485.0,"{""Q0"":""The pirate pulls the ballerina""}",11681.0,pull,AI,y,The boxer pull the soldier.,The pirate pulls the ballerina,1
True,2431.0,"{""Q0"":""The chef shoot the swimmer""}",9380.0,shot,PI,y,The ballerina is shooted by the artist. ,The chef shoot the swimmer,1
True,1924.0,"{""Q0"":""The waitress tickles the doctor""}",8107.0,tickle,AI,n,The soldier tickle the boxer.,The waitress tickles the doctor,1
True,2201.0,"{""Q0"":""The cowboy slaps the sailor""}",13303.0,slap,PC,y,The clown is slapped by the policeman.,The cowboy slaps the sailor,1
True,2958.0,"{""Q0"":""The policeman slaps the boxer""}",9107.0,slap,AC,n,The cowboy slaps the ballerina.,The policeman slaps the boxer,1
True,4708.0,"{""Q0"":""The cowboy pushes the ballerina""}",9481.0,push,PI,n,The monk is pushen by the policeman.,The cowboy pushes the ballerina,1
True,14981.0,"{""Q0"":""The pirates follows the doctor""}",11325.0,follow,AC,n,The nun follows the cowboy.,The pirates follows the doctor,1
True,8388.0,"{""Q0"":""The clown is kissed by the aritist""}",10846.0,kiss,PC,n,The monk is kissed by the swimmer.,The clown is kissed by the aritist,0
True,2077.0,"{""Q0"":""The swimmer is chased by the police""}",10299.0,chase,AC,n,The policeman chases the robber.,The swimmer is chased by the police,0
True,4077.0,"{""Q0"":""The waitress tickles a monk""}",10808.0,tickle,PI,y,The robber is ticklen by the soldier. ,The waitress tickles a monk,1
True,4672.0,"{""Q0"":""The waitress kicks the clown""}",8291.0,kick,AI,y,The policeman kick the boxer.,The waitress kicks the clown,1
True,8077.0,"{""Q0"":""The sailor touches the clown""}",22111.0,touch,PI,y,The doctor is touchen by the waitress.,The sailor touches the clown,1
True,3007.0,"{""Q0"":""The sailor touches the swimmer""}",9728.0,touch,AI,n,The waitress touch the professor.,The sailor touches the swimmer,1
True,3676.0,"{""Q0"":""The pirate chases the robber""}",10193.0,chase,PC,y,The monk is chased by the policeman.,The pirate chases the robber,1
True,3791.0,"{""Q0"":""The artist kisses the soldier""}",22631.0,kiss,AC,n,The pirate kisses the clown.,The artist kisses the soldier,1
True,11075.0,"{""Q0"":""The professor scolds the soldier""}",19212.0,scold,PC,n,The monk is scolded by the swimmer. ,The professor scolds the soldier,1
True,24356.0,"{""Q0"":""The cowboy pushes the swimmer""}",13428.0,push,AI,y,The chef push the clown.,The cowboy pushes the swimmer,1
True,2739.0,"{""Q0"":""The policeman scolds the boxer""}",11555.0,scold,PC,y,The doctor is scolded by the professor. ,The policeman scolds the boxer,1
True,1989.0,"{""Q0"":""The pirate follows the sailor""}",8251.0,follow,AC,y,The nun follows the doctor.,The pirate follows the sailor,1
True,6296.0,"{""Q0"":""The waitress kicks the robber""}",8323.0,kick,PI,n,The clown is kicken by the nun. ,The waitress kicks the robber,1
True,3527.0,"{""Q0"":""The policeman slaps the swimmer""}",9365.0,slap,AC,y,The cowboy slaps the professor.,The policeman slaps the swimmer,1
True,25469.0,"{""Q0"":""The doctor is chased by a waitress""}",7811.0,chase,PC,n,The swimmer is chased by the nun.,The doctor is chased by a waitress,0
True,5623.0,"{""Q0"":""The boxer is shoot by the chef""}",11259.0,shoot,AI,n,The actress shoot the robber. ,The boxer is shoot by the chef,0
True,2858.0,"{""Q0"":""The cowboy punches the doctor""}",11232.0,punch,PC,y,The ballerina is punched by the artist.,The cowboy punches the doctor,1
True,3846.0,"{""Q0"":""The nun kisses the boxer""}",6907.0,kiss,AC,y,The artist kisses the ballerina.,The nun kisses the boxer,1
False,5751.0,"{""Q0"":""The cowboy punches the ballerina""}",17948.0,punch,PC,n,The policeman is punched by the artist.,The cowboy punches the ballerina,1
True,5447.0,"{""Q0"":""The police chases the robber""}",9805.0,chase,AC,y,The nun chases the sailor.,The police chases the robber,1
True,1798.0,"{""Q0"":""The boxer pulls the clown""}",7545.0,pull,PI,n,The waitress is pullen by the pirate. ,The boxer pulls the clown,1
False,922.0,"{""Q0"":""The artist punches the monk""}",7561.0,punch,AC,n,The cowboy punches the nun.,The artist punches the monk,1
True,1950.0,"{""Q0"":""The nun follows the soldier""}",11487.0,follow,PC,y,The ballerina is followed by the pirate. ,The nun follows the soldier,1
True,4122.0,"{""Q0"":""The artist punches the clown""}",13649.0,punch,AC,y,The cowboy punches the swimmer.,The artist punches the clown,1
True,3577.0,"{""Q0"":""The nun follows the boxer""}",9688.0,follow,PC,n,The ballerina is followed by the pirate.,The nun follows the boxer,1
True,1783.0,"{""Q0"":""The professor scold the sailor""}",9952.0,scold,AC,y,The policeman scolds the doctor.,The professor scold the sailor,1
True,2737.0,"{""Q0"":""The nun kisses the ballerina""}",8498.0,kiss,PC,y,The boxer is kissed by the artist.,The nun kisses the ballerina,1
