resp_iscorrect,verif_rt,responses,descr_rt,T_verb,P_type,verif_ans,P_sentence,clear_responses,isactive
True,16251.0,"{""Q0"":""the woman tickles the doctor""}",11489.0,tickle,AI,n,The soldier tickle the boxer.,the woman tickles the doctor,1
True,5082.0,"{""Q0"":""the boxer is followed by a girl""}",15698.0,follow,PC,n,The ballerina is followed by the pirate.,the boxer is followed by a girl,0
True,2894.0,"{""Q0"":""The police just slapped the swimmer""}",22904.0,slap,AC,y,The cowboy slaps the professor.,The police just slapped the swimmer,1
True,6389.0,"{""Q0"":""the cowboy pushed the girl""}",15318.0,push,PI,n,The monk is pushen by the policeman.,the cowboy pushed the girl,1
True,3188.0,"{""Q0"":""the sailor touched a man""}",12027.0,touch,AI,n,The waitress touch the professor.,the sailor touched a man,1
True,2541.0,"{""Q0"":""the doctor is punched by the cowboy""}",12475.0,punch,PC,y,The ballerina is punched by the artist.,the doctor is punched by the cowboy,0
True,2626.0,"{""Q0"":""The police slapped the boxer""}",9679.0,slap,AC,n,The cowboy slaps the ballerina.,The police slapped the boxer,1
True,4047.0,"{""Q0"":""the solider is followed by a priest""}",21535.0,follow,PC,y,The ballerina is followed by the pirate. ,the solider is followed by a priest,0
True,3089.0,"{""Q0"":""a man pushed another man""}",13751.0,push,AI,y,The chef push the clown.,a man pushed another man,1
True,3461.0,"{""Q0"":""the police is scolding the boxer""}",11684.0,scold,PC,y,The doctor is scolded by the professor. ,the police is scolding the boxer,1
True,2857.0,"{""Q0"":""the graduate scolded the sailor""}",16205.0,scold,AC,y,The policeman scolds the doctor.,the graduate scolded the sailor,1
True,2075.0,"{""Q0"":""the chef started shooting others""}",17837.0,shot,PI,y,The ballerina is shooted by the artist. ,the chef started shooting others,1
False,2498.0,"{""Q0"":""the artist is punching another person""}",26369.0,punch,AC,n,The cowboy punches the nun.,the artist is punching another person,1
True,2809.0,"{""Q0"":""the sailor touches a clown""}",19402.0,touch,PI,y,The doctor is touchen by the waitress.,the sailor touches a clown,1
True,2646.0,"{""Q0"":""the artist punches the clown""}",8038.0,punch,AC,y,The cowboy punches the swimmer.,the artist punches the clown,1
True,2778.0,"{""Q0"":""the solider is scolded""}",6158.0,scold,PC,n,The monk is scolded by the swimmer. ,the solider is scolded,0
True,4103.0,"{""Q0"":""the police is scolding a poor girl""}",13711.0,scold,AC,n,The waitress scolds the boxer.,the police is scolding a poor girl,1
True,6759.0,"{""Q0"":""the ballerina is punched by the cowboy""}",20643.0,punch,PC,n,The policeman is punched by the artist.,the ballerina is punched by the cowboy,0
False,8283.0,"{""Q0"":""the police is chasing the thief""}",9104.0,chase,AC,y,The nun chases the sailor.,the police is chasing the thief,1
True,2908.0,"{""Q0"":""the waitress just kicked the thief""}",14096.0,kick,PI,n,The clown is kicken by the nun. ,the waitress just kicked the thief,1
True,2016.0,"{""Q0"":""the clown is kicked by a nun""}",17812.0,kick,AI,y,The policeman kick the boxer.,the clown is kicked by a nun,0
False,2668.0,"{""Q0"":""the thief is chased by the pirate""}",15000.0,chase,PC,y,The monk is chased by the policeman.,the thief is chased by the pirate,0
True,2072.0,"{""Q0"":""they kissed....""}",9004.0,kiss,AC,y,The artist kisses the ballerina.,they kissed....,1
True,2776.0,"{""Q0"":""the boxer is trying to pull the clown""}",10675.0,pull,PI,n,The waitress is pullen by the pirate. ,the boxer is trying to pull the clown,0
True,3003.0,"{""Q0"":""the policemen is chasing another man""}",14759.0,chase,AC,n,The policeman chases the robber.,the policemen is chasing another man,1
True,1984.0,"{""Q0"":""the artist kissed the clown""}",16593.0,kiss,PC,n,The monk is kissed by the swimmer.,the artist kissed the clown,1
True,5640.0,"{""Q0"":""the pirate follows the sailor""}",11685.0,follow,AC,y,The nun follows the doctor.,the pirate follows the sailor,1
True,2149.0,"{""Q0"":""the waitress tickles the monk""}",10916.0,tickle,PI,y,The robber is ticklen by the soldier. ,the waitress tickles the monk,1
True,2044.0,"{""Q0"":""the ballerina is pulled by a pirate""}",18466.0,pull,AI,y,The boxer pull the soldier.,the ballerina is pulled by a pirate,0
True,2899.0,"{""Q0"":""the doctor is chased by the waitress""}",11522.0,chase,PC,n,The swimmer is chased by the nun.,the doctor is chased by the waitress,0
True,4602.0,"{""Q0"":""the chef shoots the boxer""}",18235.0,shoot,AI,n,The actress shoot the robber. ,the chef shoots the boxer,1
True,1763.0,"{""Q0"":""the priest is trying to kiss the ballerina ""}",12433.0,kiss,PC,y,The boxer is kissed by the artist.,the priest is trying to kiss the ballerina ,0
True,1987.0,"{""Q0"":""the artist is kissing the soldier ""}",15472.0,kiss,AC,n,The pirate kisses the clown.,the artist is kissing the soldier ,1
True,7830.0,"{""Q0"":""the cowboy slapped the sailor""}",8297.0,slap,PC,y,The clown is slapped by the policeman.,the cowboy slapped the sailor,1
True,3007.0,"{""Q0"":""the doctor is followed by the pirate""}",11751.0,follow,AC,n,The nun follows the cowboy.,the doctor is followed by the pirate,0
True,2340.0,"{""Q0"":""the cowboy slapped the ballerina""}",10389.0,slap,PC,n,The nurse is slapped by  the policeman.,the cowboy slapped the ballerina,1
