resp_iscorrect,verif_rt,responses,descr_rt,T_verb,P_type,verif_ans,P_sentence,clear_responses,isactive
True,4281.0,"{""Q0"":""The pirate follows the doctor. ""}",12834.0,follow,AC,n,The nun follows the cowboy.,The pirate follows the doctor. ,1
True,6799.0,"{""Q0"":""The waitress is chasing the doctor. ""}",11176.0,chase,PC,n,The swimmer is chased by the nun.,The waitress is chasing the doctor. ,1
True,2216.0,"{""Q0"":""The sailor touch the swimmer. ""}",10039.0,touch,AI,n,The waitress touch the professor.,The sailor touch the swimmer. ,1
True,3428.0,"{""Q0"":""The artist punch the dancer. ""}",19987.0,punch,PC,n,The policeman is punched by the artist.,The artist punch the dancer. ,1
True,7658.0,"{""Q0"":""The police slap the swimmer. ""}",13453.0,slap,AC,y,The cowboy slaps the professor.,The police slap the swimmer. ,1
True,3383.0,"{""Q0"":""The cowboy push the dancer. ""}",11166.0,push,PI,n,The monk is pushen by the policeman.,The cowboy push the dancer. ,1
True,13520.0,"{""Q0"":""The police scold the dancer. ""}",19492.0,scold,AC,n,The waitress scolds the boxer.,The police scold the dancer. ,1
True,2945.0,"{""Q0"":""The nun follow the soldier. ""}",22300.0,follow,PC,y,The ballerina is followed by the pirate. ,The nun follow the soldier. ,1
True,10063.0,"{""Q0"":""The painter kiss the soldier. ""}",14476.0,kiss,AC,n,The pirate kisses the clown.,The painter kiss the soldier. ,1
True,2801.0,"{""Q0"":""The chef shoot the swimmer. ""}",9576.0,shot,PI,y,The ballerina is shooted by the artist. ,The chef shoot the swimmer. ,1
True,4323.0,"{""Q0"":""The pirate follow the sailor. ""}",25301.0,follow,AC,y,The nun follows the doctor.,The pirate follow the sailor. ,1
True,10538.0,"{""Q0"":""The waitress tickle the monk. ""}",14103.0,tickle,PI,y,The robber is ticklen by the soldier. ,The waitress tickle the monk. ,1
True,3314.0,"{""Q0"":""The waitress tickle the doctor. ""}",30676.0,tickle,AI,n,The soldier tickle the boxer.,The waitress tickle the doctor. ,1
True,3035.0,"{""Q0"":""The painter is kiss the clown. ""}",13175.0,kiss,PC,n,The monk is kissed by the swimmer.,The painter is kiss the clown. ,0
False,4063.0,"{""Q0"":""The chef shoot the boxer. ""}",18053.0,shoot,AI,n,The actress shoot the robber. ,The chef shoot the boxer. ,1
True,3160.0,"{""Q0"":""The professor scold the soldier. ""}",15571.0,scold,PC,n,The monk is scolded by the swimmer. ,The professor scold the soldier. ,1
True,8618.0,"{""Q0"":""The pirate pull the dancer. ""}",34667.0,pull,AI,y,The boxer pull the soldier.,The pirate pull the dancer. ,1
True,2268.0,"{""Q0"":""The waitress kick the robber. ""}",16498.0,kick,PI,n,The clown is kicken by the nun. ,The waitress kick the robber. ,1
True,5824.0,"{""Q0"":""The police slap the boxer. ""}",16974.0,slap,AC,n,The cowboy slaps the ballerina.,The police slap the boxer. ,1
True,9050.0,"{""Q0"":""The soldier slap the sailor. ""}",10176.0,slap,PC,y,The clown is slapped by the policeman.,The soldier slap the sailor. ,1
True,16544.0,"{""Q0"":""The police chase the swimmer. ""}",11318.0,chase,AC,n,The policeman chases the robber.,The police chase the swimmer. ,1
True,11295.0,"{""Q0"":""The cowboy punch the doctor. ""}",12036.0,punch,PC,y,The ballerina is punched by the artist.,The cowboy punch the doctor. ,1
True,4951.0,"{""Q0"":""The nun kiss the boxer. ""}",21504.0,kiss,AC,y,The artist kisses the ballerina.,The nun kiss the boxer. ,1
False,27879.0,"{""Q0"":""The pirate chase the robber. ""}",13238.0,chase,PC,y,The monk is chased by the policeman.,The pirate chase the robber. ,1
True,15347.0,"{""Q0"":""The cowboy push the swimmer. ""}",13766.0,push,AI,y,The chef push the clown.,The cowboy push the swimmer. ,1
True,8455.0,"{""Q0"":""The nun want to kiss the dancer. ""}",27009.0,kiss,PC,y,The boxer is kissed by the artist.,The nun want to kiss the dancer. ,1
True,2785.0,"{""Q0"":""The painter punch the clown. ""}",12406.0,punch,AC,y,The cowboy punches the swimmer.,The painter punch the clown. ,1
True,1741.0,"{""Q0"":""The cowboy slap the dancer. ""}",17366.0,slap,PC,n,The nurse is slapped by  the policeman.,The cowboy slap the dancer. ,1
True,6110.0,"{""Q0"":""The police chase the robber. ""}",16107.0,chase,AC,y,The nun chases the sailor.,The police chase the robber. ,1
True,5785.0,"{""Q0"":""The nun follow the boxer. ""}",17511.0,follow,PC,n,The ballerina is followed by the pirate.,The nun follow the boxer. ,1
True,2336.0,"{""Q0"":""The professor scold the sailor. ""}",18021.0,scold,AC,y,The policeman scolds the doctor.,The professor scold the sailor. ,1
True,3941.0,"{""Q0"":""The police scold the boxer. ""}",19152.0,scold,PC,y,The doctor is scolded by the professor. ,The police scold the boxer. ,1
False,3592.0,"{""Q0"":""The painter punch the mock. ""}",19665.0,punch,AC,n,The cowboy punches the nun.,The painter punch the mock. ,1
True,17355.0,"{""Q0"":""The sailor touch clown. ""}",25190.0,touch,PI,y,The doctor is touchen by the waitress.,The sailor touch clown. ,1
True,3987.0,"{""Q0"":""The waitress kick the clown. ""}",18194.0,kick,AI,y,The policeman kick the boxer.,The waitress kick the clown. ,1
False,1711.0,"{""Q0"":""The boxer pull the clown. ""}",14749.0,pull,PI,n,The waitress is pullen by the pirate. ,The boxer pull the clown. ,1
