resp_iscorrect,verif_rt,responses,descr_rt,T_verb,P_type,verif_ans,P_sentence,clear_responses,isactive
True,7364.0,"{""Q0"":""the man scolds a solider""}",24465.0,scold,AC,y,The policeman scolds the doctor.,the man scolds a solider,1
True,15681.0,"{""Q0"":""the man punches a dancer""}",19587.0,punch,PC,n,The policeman is punched by the artist.,the man punches a dancer,1
True,7853.0,"{""Q0"":""the solider touches a swimmer""}",25403.0,touch,AI,n,The waitress touch the professor.,the solider touches a swimmer,1
True,24176.0,"{""Q0"":""a man follows a boxer""}",28388.0,follow,PC,n,The ballerina is followed by the pirate.,a man follows a boxer,1
True,12647.0,"{""Q0"":""the pirate pulls the dancer""}",31221.0,pull,AI,y,The boxer pull the soldier.,the pirate pulls the dancer,1
True,9494.0,"{""Q0"":""the boxer pulls a dead man""}",34691.0,pull,PI,n,The waitress is pullen by the pirate. ,the boxer pulls a dead man,1
True,6116.0,"{""Q0"":""a woman tickles the man""}",30625.0,tickle,AI,n,The soldier tickle the boxer.,a woman tickles the man,1
True,11718.0,"{""Q0"":""the artist kisses the man ""}",24035.0,kiss,PC,n,The monk is kissed by the swimmer.,the artist kisses the man ,1
True,20809.0,"{""Q0"":""the artist punches the monk""}",27409.0,punch,AC,n,The cowboy punches the nun.,the artist punches the monk,1
True,8733.0,"{""Q0"":""a woman tickles the man""}",21986.0,tickle,PI,y,The robber is ticklen by the soldier. ,a woman tickles the man,1
True,10193.0,"{""Q0"":""the man kisses the pirate""}",20908.0,kiss,AC,n,The pirate kisses the clown.,the man kisses the pirate,1
True,6091.0,"{""Q0"":""the man slaps the woman""}",13308.0,slap,PC,n,The nurse is slapped by  the policeman.,the man slaps the woman,1
False,5074.0,"{""Q0"":""the man punches another man ""}",23197.0,punch,AC,y,The cowboy punches the swimmer.,the man punches another man ,1
True,7806.0,"{""Q0"":""the policeman scolds the soldier""}",25258.0,scold,PC,y,The doctor is scolded by the professor. ,the policeman scolds the soldier,1
True,11783.0,"{""Q0"":""a man shoots another man""}",18129.0,shoot,AI,n,The actress shoot the robber. ,a man shoots another man,1
True,5481.0,"{""Q0"":""the cowboy punches the doctor""}",29217.0,punch,PC,y,The ballerina is punched by the artist.,the cowboy punches the doctor,1
False,6153.0,"{""Q0"":""the pirate follows the doctor""}",15858.0,follow,AC,n,The nun follows the cowboy.,the pirate follows the doctor,1
True,9279.0,"{""Q0"":""the cowboy pushes the dancer""}",19124.0,push,PI,n,The monk is pushen by the policeman.,the cowboy pushes the dancer,1
True,5529.0,"{""Q0"":""the gestapo scolds the dancer""}",106244.0,scold,AC,n,The waitress scolds the boxer.,the gestapo scolds the dancer,1
False,7439.0,"{""Q0"":""the woman kicks the robber ""}",30441.0,kick,PI,n,The clown is kicken by the nun. ,the woman kicks the robber ,1
True,8231.0,"{""Q0"":""the police man slaps the swimmer ""}",30188.0,slap,AC,y,The cowboy slaps the professor.,the police man slaps the swimmer ,1
True,11641.0,"{""Q0"":""the professor scolds the soldier ""}",21146.0,scold,PC,n,The monk is scolded by the swimmer. ,the professor scolds the soldier ,1
True,5811.0,"{""Q0"":""the pirate follows the sailor""}",24797.0,follow,AC,y,The nun follows the doctor.,the pirate follows the sailor,1
False,16447.0,"{""Q0"":""why do you always use passive""}",101830.0,chase,PC,n,The swimmer is chased by the nun.,why do you always use passive,1
True,8467.0,"{""Q0"":""the monk kisses the boxer""}",21387.0,kiss,AC,y,The artist kisses the ballerina.,the monk kisses the boxer,1
True,7417.0,"{""Q0"":""a chief shoots the swimmer""}",18977.0,shot,PI,y,The ballerina is shooted by the artist. ,a chief shoots the swimmer,1
True,9576.0,"{""Q0"":""the woman kicks the man""}",65616.0,kick,AI,y,The policeman kick the boxer.,the woman kicks the man,1
True,8387.0,"{""Q0"":""the monk kicks air ""}",43171.0,kiss,PC,y,The boxer is kissed by the artist.,the monk kicks air ,1
True,5865.0,"{""Q0"":""the cowboy pushes the swimmer""}",22469.0,push,AI,y,The chef push the clown.,the cowboy pushes the swimmer,1
True,17685.0,"{""Q0"":""the sailor touches the clown""}",18212.0,touch,PI,y,The doctor is touchen by the waitress.,the sailor touches the clown,1
True,6828.0,"{""Q0"":""the policeman chases the robber""}",23210.0,chase,AC,y,The nun chases the sailor.,the policeman chases the robber,1
True,9830.0,"{""Q0"":""the cowboy slaps the sailor""}",22964.0,slap,PC,y,The clown is slapped by the policeman.,the cowboy slaps the sailor,1
True,9773.0,"{""Q0"":""the policeman chases the swimmer ""}",31018.0,chase,AC,n,The policeman chases the robber.,the policeman chases the swimmer ,1
True,9096.0,"{""Q0"":""the pirates chases the robber""}",18379.0,chase,PC,y,The monk is chased by the policeman.,the pirates chases the robber,1
True,6763.0,"{""Q0"":""the policeman slaps the boxer ""}",21914.0,slap,AC,n,The cowboy slaps the ballerina.,the policeman slaps the boxer ,1
True,5504.0,"{""Q0"":""the monk follows the soldier ""}",17578.0,follow,PC,y,The ballerina is followed by the pirate. ,the monk follows the soldier ,1
