resp_iscorrect,verif_rt,responses,descr_rt,T_verb,P_type,verif_ans,P_sentence,clear_responses,isactive
False,5201.0,"{""Q0"":""The soldier slaps the fighter.  ""}",52420.0,slap,AC,n,The cowboy slaps the ballerina.,The soldier slaps the fighter.  ,1
False,14038.0,"{""Q0"":""Sailor tries to touch the joker. ""}",35288.0,touch,PI,y,The doctor is touchen by the waitress.,Sailor tries to touch the joker. ,1
True,2873.0,"{""Q0"":""Joker is punched by the painter. ""}",21181.0,punch,AC,y,The cowboy punches the swimmer.,Joker is punched by the painter. ,0
True,8904.0,"{""Q0"":""Policeman scolds the boxer. ""}",29484.0,scold,PC,y,The doctor is scolded by the professor. ,Policeman scolds the boxer. ,1
True,2668.0,"{""Q0"":""Cowboy pushes the swimmer. ""}",19357.0,push,AI,y,The chef push the clown.,Cowboy pushes the swimmer. ,1
False,7165.0,"{""Q0"":""The boxer is followed by the nun. ""}",19493.0,follow,PC,n,The ballerina is followed by the pirate.,The boxer is followed by the nun. ,0
True,5414.0,"{""Q0"":""Waitress kicks the man.""}",37090.0,kick,AI,y,The policeman kick the boxer.,Waitress kicks the man.,1
True,4432.0,"{""Q0"":""Cowboy is slapping the sailor.""}",21213.0,slap,PC,y,The clown is slapped by the policeman.,Cowboy is slapping the sailor.,1
True,3349.0,"{""Q0"":""Professor is scolding the sailor. ""}",31366.0,scold,AC,y,The policeman scolds the doctor.,Professor is scolding the sailor. ,1
True,7399.0,"{""Q0"":""Chief is shooting the swimmer.""}",18466.0,shot,PI,y,The ballerina is shooted by the artist. ,Chief is shooting the swimmer.,1
True,5735.0,"{""Q0"":""Pirate follows the sailor. ""}",26301.0,follow,AC,y,The nun follows the doctor.,Pirate follows the sailor. ,1
False,6767.0,"{""Q0"":""Cowboy is pushing the dancer. ""}",12782.0,push,PI,n,The monk is pushen by the policeman.,Cowboy is pushing the dancer. ,1
False,3380.0,"{""Q0"":""Doctor is follow by the pirate.  ""}",30837.0,follow,AC,n,The nun follows the cowboy.,Doctor is follow by the pirate.  ,0
True,10044.0,"{""Q0"":""Boxer is pulling the joker. ""}",14208.0,pull,PI,n,The waitress is pullen by the pirate. ,Boxer is pulling the joker. ,1
False,3268.0,"{""Q0"":""Waitress is tickling the doctor. ""}",28227.0,tickle,AI,n,The soldier tickle the boxer.,Waitress is tickling the doctor. ,1
False,2671.0,"{""Q0"":""Woman is chasing the doctor. ""}",20927.0,chase,PC,n,The swimmer is chased by the nun.,Woman is chasing the doctor. ,1
False,5289.0,"{""Q0"":""Policeman is chasing the swimmer. ""}",20678.0,chase,AC,n,The policeman chases the robber.,Policeman is chasing the swimmer. ,1
False,4611.0,"{""Q0"":""Joker and painter are kissing.""}",16179.0,kiss,PC,n,The monk is kissed by the swimmer.,Joker and painter are kissing.,1
False,4549.0,"{""Q0"":""Sailor is touching the swimmer.""}",28256.0,touch,AI,n,The waitress touch the professor.,Sailor is touching the swimmer.,1
True,3419.0,"{""Q0"":""Solider is followed by the nun. ""}",15529.0,follow,PC,y,The ballerina is followed by the pirate. ,Solider is followed by the nun. ,0
False,4750.0,"{""Q0"":""Printer is punching the man.""}",16067.0,punch,AC,n,The cowboy punches the nun.,Printer is punching the man.,1
False,8490.0,"{""Q0"":""Cowboy is punching the dancer. ""}",12875.0,punch,PC,n,The policeman is punched by the artist.,Cowboy is punching the dancer. ,1
True,2179.0,"{""Q0"":""Thief is chased by policeman.""}",22383.0,chase,AC,y,The nun chases the sailor.,Thief is chased by policeman.,0
False,8172.0,"{""Q0"":""Waitress is kicking the thief.""}",17217.0,kick,PI,n,The clown is kicken by the nun. ,Waitress is kicking the thief.,1
False,5808.0,"{""Q0"":""Chief is shooting the boxer. ""}",11071.0,shoot,AI,n,The actress shoot the robber. ,Chief is shooting the boxer. ,1
False,4562.0,"{""Q0"":""Cowboy is slapping the dancer. ""}",10418.0,slap,PC,n,The nurse is slapped by  the policeman.,Cowboy is slapping the dancer. ,1
True,6174.0,"{""Q0"":""Pirate is pulling the dancer. ""}",13670.0,pull,AI,y,The boxer pull the soldier.,Pirate is pulling the dancer. ,1
True,2220.0,"{""Q0"":""Nun kisses the dancer. ""}",13305.0,kiss,PC,y,The boxer is kissed by the artist.,Nun kisses the dancer. ,1
True,3169.0,"{""Q0"":""Policeman is slapping the swimmer. ""}",20189.0,slap,AC,y,The cowboy slaps the professor.,Policeman is slapping the swimmer. ,1
True,5658.0,"{""Q0"":""nun is tickled by woman.""}",18050.0,tickle,PI,y,The robber is ticklen by the soldier. ,nun is tickled by woman.,0
True,7863.0,"{""Q0"":""Policeman scolds the dancer. ""}",15871.0,scold,AC,n,The waitress scolds the boxer.,Policeman scolds the dancer. ,1
True,3805.0,"{""Q0"":""Robber is chased by pirate.""}",24529.0,chase,PC,y,The monk is chased by the policeman.,Robber is chased by pirate.,0
True,11552.0,"{""Q0"":""They are kissing.""}",8036.0,kiss,AC,y,The artist kisses the ballerina.,They are kissing.,1
True,5479.0,"{""Q0"":""Cowboy is punching the doctor.""}",20730.0,punch,PC,y,The ballerina is punched by the artist.,Cowboy is punching the doctor.,1
False,4039.0,"{""Q0"":""Artist is kissing soldier.""}",20524.0,kiss,AC,n,The pirate kisses the clown.,Artist is kissing soldier.,1
False,12116.0,"{""Q0"":""Teacher scolds the soldier.""}",16590.0,scold,PC,n,The monk is scolded by the swimmer. ,Teacher scolds the soldier.,1
