resp_iscorrect,verif_rt,responses,descr_rt,T_verb,P_type,verif_ans,P_sentence,clear_responses,isactive
True,5430.0,"{""Q0"":""the cop chases the robber""}",7031.0,chase,AC,y,The nun chases the sailor.,the cop chases the robber,1
True,3973.0,"{""Q0"":""the cowboy punches the doctor""}",8100.0,punch,PC,y,The ballerina is punched by the artist.,the cowboy punches the doctor,1
True,2291.0,"{""Q0"":""the artist punches the nun""}",8757.0,punch,AC,n,The cowboy punches the nun.,the artist punches the nun,1
True,9139.0,"{""Q0"":""the boxer pulls the clown""}",11657.0,pull,PI,n,The waitress is pullen by the pirate. ,the boxer pulls the clown,1
True,3774.0,"{""Q0"":""the guard slaps the boxer""}",14136.0,slap,AC,n,The cowboy slaps the ballerina.,the guard slaps the boxer,1
True,6955.0,"{""Q0"":""the pirate chases the robber""}",7140.0,chase,PC,y,The monk is chased by the policeman.,the pirate chases the robber,1
True,3662.0,"{""Q0"":""the pirate pulls the ballerina""}",511217.0,pull,AI,y,The boxer pull the soldier.,the pirate pulls the ballerina,1
True,8543.0,"{""Q0"":""the nun follows the boxer""}",35050.0,follow,PC,n,The ballerina is followed by the pirate.,the nun follows the boxer,1
True,18003.0,"{""Q0"":""the guard scolds the ballerina""}",14698.0,scold,AC,n,The waitress scolds the boxer.,the guard scolds the ballerina,1
True,3675.0,"{""Q0"":""the cowboy slaps the sailor""}",8736.0,slap,PC,y,The clown is slapped by the policeman.,the cowboy slaps the sailor,1
True,1119.0,"{""Q0"":""the policeman chases the swimmer""}",6676.0,chase,AC,n,The policeman chases the robber.,the policeman chases the swimmer,1
True,10399.0,"{""Q0"":""the nun follows the soldier""}",5989.0,follow,PC,y,The ballerina is followed by the pirate. ,the nun follows the soldier,1
True,3131.0,"{""Q0"":""the pirate follows the sailor""}",8127.0,follow,AC,y,The nun follows the doctor.,the pirate follows the sailor,1
False,3153.0,"{""Q0"":""the sailor touches the clown""}",15317.0,touch,PI,y,The doctor is touchen by the waitress.,the sailor touches the clown,1
True,2557.0,"{""Q0"":""the scholar scolds the sailor""}",8483.0,scold,AC,y,The policeman scolds the doctor.,the scholar scolds the sailor,1
False,2153.0,"{""Q0"":""the waitress tries to tickle the pastor""}",20184.0,tickle,PI,y,The robber is ticklen by the soldier. ,the waitress tries to tickle the pastor,1
True,1865.0,"{""Q0"":""the pirate follows the doctor""}",10704.0,follow,AC,n,The nun follows the cowboy.,the pirate follows the doctor,1
True,8314.0,"{""Q0"":""the robber is kicked by the waitress""}",7639.0,kick,PI,n,The clown is kicken by the nun. ,the robber is kicked by the waitress,0
True,30098.0,"{""Q0"":""the waitress kicked the clown""}",9461.0,kick,AI,y,The policeman kick the boxer.,the waitress kicked the clown,1
True,2955.0,"{""Q0"":""the boxer is scolded by the policeman""}",7650.0,scold,PC,y,The doctor is scolded by the professor. ,the boxer is scolded by the policeman,0
True,4052.0,"{""Q0"":""the painter kisses the soldier""}",26013.0,kiss,AC,n,The pirate kisses the clown.,the painter kisses the soldier,1
True,6451.0,"{""Q0"":""the clown is kissed by the artist""}",9800.0,kiss,PC,n,The monk is kissed by the swimmer.,the clown is kissed by the artist,0
True,2415.0,"{""Q0"":""the artist punches the clown""}",8326.0,punch,AC,y,The cowboy punches the swimmer.,the artist punches the clown,1
True,2284.0,"{""Q0"":""the ballerina is kissed by the nun""}",19112.0,kiss,PC,y,The boxer is kissed by the artist.,the ballerina is kissed by the nun,0
True,4215.0,"{""Q0"":""the policeman slaps the swimmer""}",7828.0,slap,AC,y,The cowboy slaps the professor.,the policeman slaps the swimmer,1
True,2048.0,"{""Q0"":""the professor scolds the soldier""}",1672567.0,scold,PC,n,The monk is scolded by the swimmer. ,the professor scolds the soldier,1
True,1231.0,"{""Q0"":""the chef shoots the boxer""}",6606.0,shoot,AI,n,The actress shoot the robber. ,the chef shoots the boxer,1
True,2883.0,"{""Q0"":""the cowboy slaps the ballerina""}",2015807.0,slap,PC,n,The nurse is slapped by  the policeman.,the cowboy slaps the ballerina,1
True,2868.0,"{""Q0"":""the waitress tickles the doctor""}",8617.0,tickle,AI,n,The soldier tickle the boxer.,the waitress tickles the doctor,1
False,5756.0,"{""Q0"":""the chef shoots the swimmer""}",156634.0,shot,PI,y,The ballerina is shooted by the artist. ,the chef shoots the swimmer,1
True,3732.0,"{""Q0"":""the cowboy pushes the swimmer""}",7726.0,push,AI,y,The chef push the clown.,the cowboy pushes the swimmer,1
True,2916.0,"{""Q0"":""the cowboy punches the ballerina""}",13204.0,punch,PC,n,The policeman is punched by the artist.,the cowboy punches the ballerina,1
True,14375.0,"{""Q0"":""the nun kisses the boxer""}",26716.0,kiss,AC,y,The artist kisses the ballerina.,the nun kisses the boxer,1
True,3889.0,"{""Q0"":""the cowboy pushes the ballerina""}",24112.0,push,PI,n,The monk is pushen by the policeman.,the cowboy pushes the ballerina,1
True,15723.0,"{""Q0"":""the sailor touches the swimmer""}",12331.0,touch,AI,n,The waitress touch the professor.,the sailor touches the swimmer,1
True,5521.0,"{""Q0"":""the doctor is chased by the waitress""}",38070.0,chase,PC,n,The swimmer is chased by the nun.,the doctor is chased by the waitress,0
