resp_iscorrect,verif_rt,responses,descr_rt,T_verb,P_type,verif_ans,P_sentence,clear_responses,isactive
True,2966.0,"{""Q0"":""The waitress kicks the customer.""}",15098.0,kick,AI,y,The policeman kick the boxer.,The waitress kicks the customer.,1
True,3226.0,"{""Q0"":""The man punches his doctor.""}",14862.0,punch,PC,y,The ballerina is punched by the artist.,The man punches his doctor.,1
False,2387.0,"{""Q0"":""The pirate follows the doctor.""}",21201.0,follow,AC,n,The nun follows the cowboy.,The pirate follows the doctor.,1
True,3539.0,"{""Q0"":""The nun wants to kiss the dancer.""}",12652.0,kiss,PC,y,The boxer is kissed by the artist.,The nun wants to kiss the dancer.,1
True,4745.0,"{""Q0"":""The police slaps the swimmer.""}",13516.0,slap,AC,y,The cowboy slaps the professor.,The police slaps the swimmer.,1
False,4860.0,"{""Q0"":""The boxer doesn't want the nun to follow him.""}",16787.0,follow,PC,n,The ballerina is followed by the pirate.,The boxer doesn't want the nun to follow him.,1
True,3219.0,"{""Q0"":""The boxer likes the nun to kiss him.""}",13147.0,kiss,AC,y,The artist kisses the ballerina.,The boxer likes the nun to kiss him.,1
True,8051.0,"{""Q0"":""The sailor touches the jocker.""}",23712.0,touch,PI,y,The doctor is touchen by the waitress.,The sailor touches the jocker.,1
False,3843.0,"{""Q0"":""The police slaps the boxer.""}",9277.0,slap,AC,n,The cowboy slaps the ballerina.,The police slaps the boxer.,1
False,2026.0,"{""Q0"":""The dancer is punched by the cowboy.""}",16038.0,punch,PC,n,The policeman is punched by the artist.,The dancer is punched by the cowboy.,0
False,3081.0,"{""Q0"":""The police scolds the dancer.""}",11404.0,scold,AC,n,The waitress scolds the boxer.,The police scolds the dancer.,1
False,1438.0,"{""Q0"":""The cowboy slaps the dancer.""}",9336.0,slap,PC,n,The nurse is slapped by  the policeman.,The cowboy slaps the dancer.,1
False,756.0,"{""Q0"":""The artist kisses the soilder.""}",15117.0,kiss,AC,n,The pirate kisses the clown.,The artist kisses the soilder.,1
False,877.0,"{""Q0"":""The maid is chasing the doctor.""}",19780.0,chase,PC,n,The swimmer is chased by the nun.,The maid is chasing the doctor.,1
False,1360.0,"{""Q0"":""The maid tickles the doctor.""}",8992.0,tickle,AI,n,The soldier tickle the boxer.,The maid tickles the doctor.,1
False,452.0,"{""Q0"":""The cowboy pushes the dancer.""}",11949.0,push,PI,n,The monk is pushen by the policeman.,The cowboy pushes the dancer.,1
True,3954.0,"{""Q0"":""The dancer is pulled by the thief.""}",42210.0,pull,AI,y,The boxer pull the soldier.,The dancer is pulled by the thief.,0
False,1995.0,"{""Q0"":""The soldier is scolded by the professor.""}",17807.0,scold,PC,n,The monk is scolded by the swimmer. ,The soldier is scolded by the professor.,0
True,2481.0,"{""Q0"":""The swimmer is touched by the sailor.""}",11447.0,touch,AI,n,The waitress touch the professor.,The swimmer is touched by the sailor.,0
True,2952.0,"{""Q0"":""The sailor is slapped by the cowboy.""}",14958.0,slap,PC,y,The clown is slapped by the policeman.,The sailor is slapped by the cowboy.,0
True,1890.0,"{""Q0"":""The cowboy pushes the swimmer.""}",11503.0,push,AI,y,The chef push the clown.,The cowboy pushes the swimmer.,1
True,1730.0,"{""Q0"":""The clown is pulled by the boxer.""}",12948.0,pull,PI,n,The waitress is pullen by the pirate. ,The clown is pulled by the boxer.,0
True,2545.0,"{""Q0"":""The thief follows the salior.""}",10785.0,follow,AC,y,The nun follows the doctor.,The thief follows the salior.,1
True,1793.0,"{""Q0"":""The thief is kicked by the maid.""}",9382.0,kick,PI,n,The clown is kicken by the nun. ,The thief is kicked by the maid.,0
True,2497.0,"{""Q0"":""The chef shoots the boxer.""}",14456.0,shoot,AI,n,The actress shoot the robber. ,The chef shoots the boxer.,1
True,3916.0,"{""Q0"":""The thief is chased by the pirate.""}",11934.0,chase,PC,y,The monk is chased by the policeman.,The thief is chased by the pirate.,0
True,1932.0,"{""Q0"":""The artist punches the clown.""}",10645.0,punch,AC,y,The cowboy punches the swimmer.,The artist punches the clown.,1
True,5189.0,"{""Q0"":""The chef shoots the swimmer.""}",11755.0,shot,PI,y,The ballerina is shooted by the artist. ,The chef shoots the swimmer.,1
True,2510.0,"{""Q0"":""The policeman chased the swimmer.""}",10484.0,chase,AC,n,The policeman chases the robber.,The policeman chased the swimmer.,1
True,2011.0,"{""Q0"":""The artist kissed the clown.""}",10143.0,kiss,PC,n,The monk is kissed by the swimmer.,The artist kissed the clown.,1
True,1792.0,"{""Q0"":""The professor scolds the sailor.""}",10268.0,scold,AC,y,The policeman scolds the doctor.,The professor scolds the sailor.,1
True,1460.0,"{""Q0"":""The monk is tickled by the maid.""}",8277.0,tickle,PI,y,The robber is ticklen by the soldier. ,The monk is tickled by the maid.,0
False,2028.0,"{""Q0"":""The artist punches the monk.""}",10479.0,punch,AC,n,The cowboy punches the nun.,The artist punches the monk.,1
True,3825.0,"{""Q0"":""The boxer is scolded by the police.""}",15052.0,scold,PC,y,The doctor is scolded by the professor. ,The boxer is scolded by the police.,0
True,2212.0,"{""Q0"":""The robber is chased by the police.""}",9922.0,chase,AC,y,The nun chases the sailor.,The robber is chased by the police.,0
True,2135.0,"{""Q0"":""The soldier is followed by the nun.""}",17563.0,follow,PC,y,The ballerina is followed by the pirate. ,The soldier is followed by the nun.,0
