resp_iscorrect,verif_rt,responses,descr_rt,T_verb,P_type,verif_ans,P_sentence,clear_responses,isactive
True,6357.0,"{""Q0"":""The cook shoots a boxer""}",14186.0,shoot,AI,n,The actress shoot the robber. ,The cook shoots a boxer,1
True,5724.0,"{""Q0"":""The sailor touchs a man without shirt ""}",36100.0,touch,PI,y,The doctor is touchen by the waitress.,The sailor touchs a man without shirt ,1
True,4010.0,"{""Q0"":""The soldier slaps the swimmer""}",35010.0,slap,AC,y,The cowboy slaps the professor.,The soldier slaps the swimmer,1
True,4325.0,"{""Q0"":""The painter kisses a homeless man""}",61292.0,kiss,PC,n,The monk is kissed by the swimmer.,The painter kisses a homeless man,1
True,5728.0,"{""Q0"":""The painter punches a man""}",36123.0,punch,AC,y,The cowboy punches the swimmer.,The painter punches a man,1
True,9206.0,"{""Q0"":""The cowboy punches a doctor""}",23606.0,punch,PC,y,The ballerina is punched by the artist.,The cowboy punches a doctor,1
True,2772.0,"{""Q0"":""The waitress tickles the doctor""}",20432.0,tickle,AI,n,The soldier tickle the boxer.,The waitress tickles the doctor,1
True,10201.0,"{""Q0"":""The sailor is clapped by the cowboy""}",21351.0,slap,PC,y,The clown is slapped by the policeman.,The sailor is clapped by the cowboy,0
True,3279.0,"{""Q0"":""The solder scolds the dancer""}",24060.0,scold,AC,n,The waitress scolds the boxer.,The solder scolds the dancer,1
True,2392.0,"{""Q0"":""The dancer is kissed by the monk""}",13011.0,kiss,PC,y,The boxer is kissed by the artist.,The dancer is kissed by the monk,0
True,10621.0,"{""Q0"":""The aritist punchs the nun""}",24259.0,punch,AC,n,The cowboy punches the nun.,The aritist punchs the nun,1
True,2498.0,"{""Q0"":""The waitress kicks the thief""}",38406.0,kick,PI,n,The clown is kicken by the nun. ,The waitress kicks the thief,1
True,2030.0,"{""Q0"":""The waitress kicks the clown""}",15254.0,kick,AI,y,The policeman kick the boxer.,The waitress kicks the clown,1
True,15092.0,"{""Q0"":""The soldier is followed by the nun""}",24633.0,follow,PC,y,The ballerina is followed by the pirate. ,The soldier is followed by the nun,0
True,6065.0,"{""Q0"":""The pirate pulls the ballerina""}",25822.0,pull,AI,y,The boxer pull the soldier.,The pirate pulls the ballerina,1
True,15564.0,"{""Q0"":""The monk is tickled by the waitress""}",23810.0,tickle,PI,y,The robber is ticklen by the soldier. ,The monk is tickled by the waitress,0
True,2094.0,"{""Q0"":""The soldier slaps the boxer""}",10270.0,slap,AC,n,The cowboy slaps the ballerina.,The soldier slaps the boxer,1
True,1778.0,"{""Q0"":""The boxer is followed by the monk""}",17513.0,follow,PC,n,The ballerina is followed by the pirate.,The boxer is followed by the monk,0
True,5132.0,"{""Q0"":""The cowboy pushes the visitor""}",41962.0,push,AI,y,The chef push the clown.,The cowboy pushes the visitor,1
True,5944.0,"{""Q0"":""The ballerina is punched by the cowboy""}",35335.0,punch,PC,n,The policeman is punched by the artist.,The ballerina is punched by the cowboy,0
True,26024.0,"{""Q0"":""The pirate follows the doctor""}",29274.0,follow,AC,n,The nun follows the cowboy.,The pirate follows the doctor,1
True,3224.0,"{""Q0"":""The soldier is scolded by the teacher""}",23789.0,scold,PC,n,The monk is scolded by the swimmer. ,The soldier is scolded by the teacher,0
True,6995.0,"{""Q0"":""The artists kisses the soldier""}",49232.0,kiss,AC,n,The pirate kisses the clown.,The artists kisses the soldier,1
True,23777.0,"{""Q0"":""The pirate chases the thief""}",12225.0,chase,PC,y,The monk is chased by the policeman.,The pirate chases the thief,1
True,2105.0,"{""Q0"":""The soldier chases the thief""}",13116.0,chase,AC,y,The nun chases the sailor.,The soldier chases the thief,1
True,3550.0,"{""Q0"":""The ballerina is slapped by the cowboy""}",13438.0,slap,PC,n,The nurse is slapped by  the policeman.,The ballerina is slapped by the cowboy,0
True,4359.0,"{""Q0"":""The teacher scolds the sailor""}",9597.0,scold,AC,y,The policeman scolds the doctor.,The teacher scolds the sailor,1
True,4177.0,"{""Q0"":""The cowboy pushes the ballerina""}",15522.0,push,PI,n,The monk is pushen by the policeman.,The cowboy pushes the ballerina,1
True,2469.0,"{""Q0"":""The sailer touches the swimmer""}",18608.0,touch,AI,n,The waitress touch the professor.,The sailer touches the swimmer,1
True,5383.0,"{""Q0"":""The boxer is scolded by the soldier""}",19746.0,scold,PC,y,The doctor is scolded by the professor. ,The boxer is scolded by the soldier,0
True,2345.0,"{""Q0"":""The soldier chases the swimmer""}",13121.0,chase,AC,n,The policeman chases the robber.,The soldier chases the swimmer,1
True,1734.0,"{""Q0"":""The clown is pulled by the boxer""}",14050.0,pull,PI,n,The waitress is pullen by the pirate. ,The clown is pulled by the boxer,0
True,2705.0,"{""Q0"":""The pirate follows the sailer""}",14612.0,follow,AC,y,The nun follows the doctor.,The pirate follows the sailer,1
False,2480.0,"{""Q0"":""The patient is shooted by the cook""}",25473.0,shot,PI,y,The ballerina is shooted by the artist. ,The patient is shooted by the cook,0
True,1790.0,"{""Q0"":""The nun kisses the boxer""}",14106.0,kiss,AC,y,The artist kisses the ballerina.,The nun kisses the boxer,1
True,2438.0,"{""Q0"":""The doctor is chased by the waitress""}",14080.0,chase,PC,n,The swimmer is chased by the nun.,The doctor is chased by the waitress,0
