resp_iscorrect,verif_rt,responses,descr_rt,T_verb,P_type,verif_ans,P_sentence,clear_responses,isactive
True,4352.0,"{""Q0"":""the boxer and the jesus are kissing""}",35949.0,kiss,AC,y,The artist kisses the ballerina.,the boxer and the jesus are kissing,1
True,4904.0,"{""Q0"":""the dentist is punched by the cowboy.""}",20284.0,punch,PC,y,The ballerina is punched by the artist.,the dentist is punched by the cowboy.,0
False,3383.0,"{""Q0"":""the swimmer is chased by the firefighter.""}",23848.0,chase,AC,n,The policeman chases the robber.,the swimmer is chased by the firefighter.,0
False,5465.0,"{""Q0"":""the thief is kicked by the waitress.""}",18531.0,kick,PI,n,The clown is kicken by the nun. ,the thief is kicked by the waitress.,0
False,5326.0,"{""Q0"":""the swimmer is touched by the sailor. ""}",15445.0,touch,AI,n,The waitress touch the professor.,the swimmer is touched by the sailor. ,0
True,3494.0,"{""Q0"":""the boxer is scolded by the fireman.""}",13358.0,scold,PC,y,The doctor is scolded by the professor. ,the boxer is scolded by the fireman.,0
True,4231.0,"{""Q0"":""The waitress kick the clown. ""}",13002.0,kick,AI,y,The policeman kick the boxer.,The waitress kick the clown. ,1
True,15245.0,"{""Q0"":""The boxer is followed by jesus. ""}",17033.0,follow,PC,n,The ballerina is followed by the pirate.,The boxer is followed by jesus. ,0
False,5005.0,"{""Q0"":""The chef is shooting the boxer. ""}",13712.0,shoot,AI,n,The actress shoot the robber. ,The chef is shooting the boxer. ,1
False,3877.0,"{""Q0"":""The clown was pulled by the boxer. ""}",18229.0,pull,PI,n,The waitress is pullen by the pirate. ,The clown was pulled by the boxer. ,0
False,6380.0,"{""Q0"":""The waitress is tickled the dentist. ""}",19545.0,tickle,AI,n,The soldier tickle the boxer.,The waitress is tickled the dentist. ,0
True,12407.0,"{""Q0"":""The thief is chased by pirate. ""}",21106.0,chase,PC,y,The monk is chased by the policeman.,The thief is chased by pirate. ,0
True,8757.0,"{""Q0"":""The sailor is followed by the pirate. ""}",18990.0,follow,AC,y,The nun follows the doctor.,The sailor is followed by the pirate. ,0
True,9342.0,"{""Q0"":""The waitress is tickled the man. ""}",16938.0,tickle,PI,y,The robber is ticklen by the soldier. ,The waitress is tickled the man. ,0
True,2453.0,"{""Q0"":""The police slapped the swimmer. ""}",16445.0,slap,AC,y,The cowboy slaps the professor.,The police slapped the swimmer. ,1
False,2193.0,"{""Q0"":""The dentist is chased by the waitress. ""}",11029.0,chase,PC,n,The swimmer is chased by the nun.,The dentist is chased by the waitress. ,0
True,5617.0,"{""Q0"":""The police slapped the boxer. ""}",11812.0,slap,AC,n,The cowboy slaps the ballerina.,The police slapped the boxer. ,1
True,2587.0,"{""Q0"":""The painter is kissing the clown. ""}",12091.0,kiss,PC,n,The monk is kissed by the swimmer.,The painter is kissing the clown. ,1
True,4706.0,"{""Q0"":""The police is scolding the dancer. ""}",19287.0,scold,AC,n,The waitress scolds the boxer.,The police is scolding the dancer. ,1
True,2637.0,"{""Q0"":""The nun wants to kiss the dancer. ""}",22204.0,kiss,PC,y,The boxer is kissed by the artist.,The nun wants to kiss the dancer. ,1
True,2805.0,"{""Q0"":""The pirate is pulled the dancer. ""}",11629.0,pull,AI,y,The boxer pull the soldier.,The pirate is pulled the dancer. ,0
False,3371.0,"{""Q0"":""The dancer is slapped by the cowboy. ""}",13708.0,slap,PC,n,The nurse is slapped by  the policeman.,The dancer is slapped by the cowboy. ,0
True,2969.0,"{""Q0"":""The soldier is kissed by the painter. ""}",15200.0,kiss,AC,n,The pirate kisses the clown.,The soldier is kissed by the painter. ,0
True,6594.0,"{""Q0"":""The soldier is scolded by the professor. ""}",16763.0,scold,PC,n,The monk is scolded by the swimmer. ,The soldier is scolded by the professor. ,0
True,2458.0,"{""Q0"":""The cowboy push the swimmer. ""}",12952.0,push,AI,y,The chef push the clown.,The cowboy push the swimmer. ,1
True,3487.0,"{""Q0"":""The chef shoot the swimmer. ""}",8484.0,shot,PI,y,The ballerina is shooted by the artist. ,The chef shoot the swimmer. ,1
True,2054.0,"{""Q0"":""The pirate follow the doctor. ""}",10856.0,follow,AC,n,The nun follows the cowboy.,The pirate follow the doctor. ,1
True,2389.0,"{""Q0"":""The ballerina is pushed by the cowboy. ""}",12749.0,push,PI,n,The monk is pushen by the policeman.,The ballerina is pushed by the cowboy. ,0
True,4518.0,"{""Q0"":""The artist punch the monk. ""}",12535.0,punch,AC,n,The cowboy punches the nun.,The artist punch the monk. ,1
True,1864.0,"{""Q0"":""The cowboy slap the sailor. ""}",9699.0,slap,PC,y,The clown is slapped by the policeman.,The cowboy slap the sailor. ,1
True,3417.0,"{""Q0"":""The professor scold the sailor. ""}",9862.0,scold,AC,y,The policeman scolds the doctor.,The professor scold the sailor. ,1
True,5355.0,"{""Q0"":""The sailor touch the clown. ""}",9209.0,touch,PI,y,The doctor is touchen by the waitress.,The sailor touch the clown. ,1
True,2909.0,"{""Q0"":""The police chase the robber. ""}",14546.0,chase,AC,y,The nun chases the sailor.,The police chase the robber. ,1
True,2811.0,"{""Q0"":""The cowboy punch the dancer. ""}",14719.0,punch,PC,n,The policeman is punched by the artist.,The cowboy punch the dancer. ,1
True,2897.0,"{""Q0"":""The artist punch the clown. ""}",13363.0,punch,AC,y,The cowboy punches the swimmer.,The artist punch the clown. ,1
True,5605.0,"{""Q0"":""The nun follows the soldier. ""}",23470.0,follow,PC,y,The ballerina is followed by the pirate. ,The nun follows the soldier. ,1
