resp_iscorrect,verif_rt,responses,descr_rt,T_verb,P_type,verif_ans,P_sentence,clear_responses,isactive
True,4100.0,"{""Q0"":""The police slaps the swimmer.""}",19832.0,slap,AC,y,The cowboy slaps the professor.,The police slaps the swimmer.,1
True,4002.0,"{""Q0"":""The pirate chases the robber.""}",13808.0,chase,PC,y,The monk is chased by the policeman.,The pirate chases the robber.,1
True,1556.0,"{""Q0"":""The pirate follows the sailor.""}",10180.0,follow,AC,y,The nun follows the doctor.,The pirate follows the sailor.,1
True,4775.0,"{""Q0"":""The boxer is scolded by the police officer. ""}",22475.0,scold,PC,y,The doctor is scolded by the professor. ,The boxer is scolded by the police officer. ,0
True,6444.0,"{""Q0"":""The sailor touches the swimmer.""}",14709.0,touch,AI,n,The waitress touch the professor.,The sailor touches the swimmer.,1
True,4646.0,"{""Q0"":""The sailor is slapped by the cowboy.""}",15602.0,slap,PC,y,The clown is slapped by the policeman.,The sailor is slapped by the cowboy.,0
True,3064.0,"{""Q0"":""The police officer is chasing the robber.""}",14430.0,chase,AC,y,The nun chases the sailor.,The police officer is chasing the robber.,1
True,30036.0,"{""Q0"":""The clown is touched by the sailor.""}",13701.0,touch,PI,y,The doctor is touchen by the waitress.,The clown is touched by the sailor.,0
True,2857.0,"{""Q0"":""The officer slaps the boxer.""}",14431.0,slap,AC,n,The cowboy slaps the ballerina.,The officer slaps the boxer.,1
True,4516.0,"{""Q0"":""The soldier is followed by the nun.""}",13735.0,follow,PC,y,The ballerina is followed by the pirate. ,The soldier is followed by the nun.,0
True,3339.0,"{""Q0"":""The painter punches the clown.""}",19822.0,punch,AC,y,The cowboy punches the swimmer.,The painter punches the clown.,1
True,4302.0,"{""Q0"":""The waitress kicked the robber.""}",20502.0,kick,PI,n,The clown is kicken by the nun. ,The waitress kicked the robber.,1
True,2999.0,"{""Q0"":""The nun kisses the boxer.""}",13312.0,kiss,AC,y,The artist kisses the ballerina.,The nun kisses the boxer.,1
True,2127.0,"{""Q0"":""The clown is kissed by the artist.""}",14299.0,kiss,PC,n,The monk is kissed by the swimmer.,The clown is kissed by the artist.,0
True,8886.0,"{""Q0"":""The swimmer was pushed by the cowboy.""}",11722.0,push,AI,y,The chef push the clown.,The swimmer was pushed by the cowboy.,0
True,7255.0,"{""Q0"":""The cowboy had punched the doctor.""}",18837.0,punch,PC,y,The ballerina is punched by the artist.,The cowboy had punched the doctor.,1
False,3852.0,"{""Q0"":""The pirate follows the doctor.""}",13155.0,follow,AC,n,The nun follows the cowboy.,The pirate follows the doctor.,1
True,17183.0,"{""Q0"":""The dancer was punched by the cowboy.""}",25024.0,punch,PC,n,The policeman is punched by the artist.,The dancer was punched by the cowboy.,0
True,3720.0,"{""Q0"":""The monk was punched by the artist.""}",15120.0,punch,AC,n,The cowboy punches the nun.,The monk was punched by the artist.,0
True,1842.0,"{""Q0"":""The graduate is scolding the soldier.""}",28443.0,scold,PC,n,The monk is scolded by the swimmer. ,The graduate is scolding the soldier.,1
True,13043.0,"{""Q0"":""An officer scolds his daughter.""}",17138.0,scold,AC,n,The waitress scolds the boxer.,An officer scolds his daughter.,1
True,6434.0,"{""Q0"":""A religious figure follows a man with gloves.""}",17975.0,follow,PC,n,The ballerina is followed by the pirate.,A religious figure follows a man with gloves.,1
True,7018.0,"{""Q0"":""The pirate pulls the ballerina.""}",14782.0,pull,AI,y,The boxer pull the soldier.,The pirate pulls the ballerina.,1
True,3693.0,"{""Q0"":""A waitress is chasing a man in a lab coat.""}",24231.0,chase,PC,n,The swimmer is chased by the nun.,A waitress is chasing a man in a lab coat.,1
True,3023.0,"{""Q0"":""A person tickles another.""}",23908.0,tickle,AI,n,The soldier tickle the boxer.,A person tickles another.,1
False,34738.0,"{""Q0"":""A monk is tickled by a waitress.""}",23721.0,tickle,PI,y,The robber is ticklen by the soldier. ,A monk is tickled by a waitress.,0
False,5909.0,"{""Q0"":""A person chases another.""}",18089.0,chase,AC,n,The policeman chases the robber.,A person chases another.,1
True,4221.0,"{""Q0"":""A nun is about to kiss a dancer.""}",14813.0,kiss,PC,y,The boxer is kissed by the artist.,A nun is about to kiss a dancer.,0
True,8752.0,"{""Q0"":""A person with a cane is scolding a sailor.""}",36796.0,scold,AC,y,The policeman scolds the doctor.,A person with a cane is scolding a sailor.,1
True,4665.0,"{""Q0"":""A clown is being pulled by a boxer.""}",16399.0,pull,PI,n,The waitress is pullen by the pirate. ,A clown is being pulled by a boxer.,0
True,16672.0,"{""Q0"":""The clown was kicked by a waitress.""}",21827.0,kick,AI,y,The policeman kick the boxer.,The clown was kicked by a waitress.,0
True,2940.0,"{""Q0"":""The person in a cowboy hat is about to push the dancer.""}",28906.0,push,PI,n,The monk is pushen by the policeman.,The person in a cowboy hat is about to push the dancer.,0
True,1730.0,"{""Q0"":""The soldier gets a kiss from the painter.""}",13947.0,kiss,AC,n,The pirate kisses the clown.,The soldier gets a kiss from the painter.,1
True,8119.0,"{""Q0"":""The cook shoots the swimmer.""}",13353.0,shot,PI,y,The ballerina is shooted by the artist. ,The cook shoots the swimmer.,1
False,6164.0,"{""Q0"":""Person A shoots Person B.""}",13833.0,shoot,AI,n,The actress shoot the robber. ,Person A shoots Person B.,1
True,14204.0,"{""Q0"":""The dancer is slapped by the cowboy.""}",10881.0,slap,PC,n,The nurse is slapped by  the policeman.,The dancer is slapped by the cowboy.,0
