resp_iscorrect,verif_rt,responses,descr_rt,T_verb,P_type,verif_ans,P_sentence,clear_responses,isactive
False,16496.0,"{""Q0"":""the doctor is running away from a pirate""}",53076.0,follow,AC,n,The nun follows the cowboy.,the doctor is running away from a pirate,1
True,11445.0,"{""Q0"":""the solider is being scold by his teacher""}",33761.0,scold,PC,n,The monk is scolded by the swimmer. ,the solider is being scold by his teacher,1
True,4532.0,"{""Q0"":""the sailor is being scold by the teacher""}",21091.0,scold,AC,y,The policeman scolds the doctor.,the sailor is being scold by the teacher,1
True,12712.0,"{""Q0"":""the doctor is being punched by the cowboy ""}",17659.0,punch,PC,y,The ballerina is punched by the artist.,the doctor is being punched by the cowboy ,0
True,2020.0,"{""Q0"":""the swimmer is being pushed by the cowboy""}",25411.0,push,AI,y,The chef push the clown.,the swimmer is being pushed by the cowboy,0
True,6527.0,"{""Q0"":""the ballerina is being slapped by the cowboy""}",54493.0,slap,PC,n,The nurse is slapped by  the policeman.,the ballerina is being slapped by the cowboy,0
True,5123.0,"{""Q0"":""the ballerina is being scold by the police man ""}",46409.0,scold,AC,n,The waitress scolds the boxer.,the ballerina is being scold by the police man ,0
True,5908.0,"{""Q0"":""the chef shoots the swimmer""}",11521.0,shot,PI,y,The ballerina is shooted by the artist. ,the chef shoots the swimmer,1
True,4652.0,"{""Q0"":""the police man slaps the boxer""}",15560.0,slap,AC,n,The cowboy slaps the ballerina.,the police man slaps the boxer,1
True,4389.0,"{""Q0"":""the clown is being pulled by the boxer""}",17619.0,pull,PI,n,The waitress is pullen by the pirate. ,the clown is being pulled by the boxer,0
False,5155.0,"{""Q0"":""the pirate pulls the ballerina ""}",14360.0,pull,AI,y,The boxer pull the soldier.,the pirate pulls the ballerina ,1
True,7292.0,"{""Q0"":""the pirate is chasing a bad guy ""}",37658.0,chase,PC,y,The monk is chased by the policeman.,the pirate is chasing a bad guy ,1
True,3907.0,"{""Q0"":""the police man slaps the swimmer""}",13920.0,slap,AC,y,The cowboy slaps the professor.,the police man slaps the swimmer,1
True,3620.0,"{""Q0"":""the cowboy punches the ballerina""}",10119.0,punch,PC,n,The policeman is punched by the artist.,the cowboy punches the ballerina,1
True,7956.0,"{""Q0"":""the policeman chases the swimmer""}",12472.0,chase,AC,n,The policeman chases the robber.,the policeman chases the swimmer,1
True,5749.0,"{""Q0"":""the waitress is tickling the monk ""}",14545.0,tickle,PI,y,The robber is ticklen by the soldier. ,the waitress is tickling the monk ,1
True,4421.0,"{""Q0"":""the artist punches the clown ""}",23187.0,punch,AC,y,The cowboy punches the swimmer.,the artist punches the clown ,1
True,3802.0,"{""Q0"":""the boxer is being scold by the policeman ""}",10518.0,scold,PC,y,The doctor is scolded by the professor. ,the boxer is being scold by the policeman ,1
True,4979.0,"{""Q0"":""the doctor is being tickled by the waitress ""}",19510.0,tickle,AI,n,The soldier tickle the boxer.,the doctor is being tickled by the waitress ,0
True,4788.0,"{""Q0"":""the solider is touching the clown ""}",9373.0,touch,PI,y,The doctor is touchen by the waitress.,the solider is touching the clown ,1
True,11107.0,"{""Q0"":""the artist kisses the solider""}",11006.0,kiss,AC,n,The pirate kisses the clown.,the artist kisses the solider,1
True,2948.0,"{""Q0"":""the waitress kicks the bad guy""}",14537.0,kick,PI,n,The clown is kicken by the nun. ,the waitress kicks the bad guy,1
False,4889.0,"{""Q0"":""the boxer is shot by the chief ""}",19092.0,shoot,AI,n,The actress shoot the robber. ,the boxer is shot by the chief ,0
True,2606.0,"{""Q0"":""the monk is kissing the ballerina""}",14335.0,kiss,PC,y,The boxer is kissed by the artist.,the monk is kissing the ballerina,1
True,4984.0,"{""Q0"":""the monk kisses the boxer""}",7856.0,kiss,AC,y,The artist kisses the ballerina.,the monk kisses the boxer,1
False,2979.0,"{""Q0"":""the cowboy pushes the ballerina ""}",13037.0,push,PI,n,The monk is pushen by the policeman.,the cowboy pushes the ballerina ,1
True,2189.0,"{""Q0"":""the policeman chases the bad guy""}",12185.0,chase,AC,y,The nun chases the sailor.,the policeman chases the bad guy,1
True,7100.0,"{""Q0"":""the artist kisses the clown""}",16876.0,kiss,PC,n,The monk is kissed by the swimmer.,the artist kisses the clown,1
True,2469.0,"{""Q0"":""the pirate is following the sailor ""}",15605.0,follow,AC,y,The nun follows the doctor.,the pirate is following the sailor ,1
True,1654.0,"{""Q0"":""the nun follows the boxer""}",7804.0,follow,PC,n,The ballerina is followed by the pirate.,the nun follows the boxer,1
True,1456.0,"{""Q0"":""the clown is kicked but the maid  ""}",23637.0,kick,AI,y,The policeman kick the boxer.,the clown is kicked but the maid  ,0
True,3012.0,"{""Q0"":""the cow boy slaps the sailor ""}",14711.0,slap,PC,y,The clown is slapped by the policeman.,the cow boy slaps the sailor ,1
True,2309.0,"{""Q0"":""the artist punches the monk""}",10041.0,punch,AC,n,The cowboy punches the nun.,the artist punches the monk,1
True,3618.0,"{""Q0"":""the doctor is being chased by the maid ""}",11369.0,chase,PC,n,The swimmer is chased by the nun.,the doctor is being chased by the maid ,0
True,2989.0,"{""Q0"":""the sailor touches the swimmer ""}",10136.0,touch,AI,n,The waitress touch the professor.,the sailor touches the swimmer ,1
True,3409.0,"{""Q0"":""the solider is being followed by the nun""}",12269.0,follow,PC,y,The ballerina is followed by the pirate. ,the solider is being followed by the nun,0
