resp_iscorrect,verif_rt,responses,descr_rt,T_verb,P_type,verif_ans,P_sentence,clear_responses,isactive
True,4455.0,"{""Q0"":""The sailor touches a swimmer ""}",21003.0,touch,AI,n,The waitress touch the professor.,The sailor touches a swimmer ,1
True,4026.0,"{""Q0"":""The cow boy is punching a dancer.""}",18862.0,punch,PC,n,The policeman is punched by the artist.,The cow boy is punching a dancer.,1
True,4154.0,"{""Q0"":""the cowboy pushes the swimmer ""}",12321.0,push,AI,y,The chef push the clown.,the cowboy pushes the swimmer ,1
True,4006.0,"{""Q0"":""The boxer is scolded by the police man ""}",14458.0,scold,PC,y,The doctor is scolded by the professor. ,The boxer is scolded by the police man ,0
True,10022.0,"{""Q0"":""The women is kissing the boxer""}",19644.0,kiss,AC,y,The artist kisses the ballerina.,The women is kissing the boxer,1
False,8691.0,"{""Q0"":""the crown is pulled by the boxer""}",14219.0,pull,PI,n,The waitress is pullen by the pirate. ,the crown is pulled by the boxer,0
True,10052.0,"{""Q0"":""The piraits pulls the ballerina""}",16209.0,pull,AI,y,The boxer pull the soldier.,The piraits pulls the ballerina,1
True,2851.0,"{""Q0"":""the soldier is followed by the women""}",20632.0,follow,PC,y,The ballerina is followed by the pirate. ,the soldier is followed by the women,0
True,3722.0,"{""Q0"":""the painter kisses the solider""}",11926.0,kiss,AC,n,The pirate kisses the clown.,the painter kisses the solider,1
True,7095.0,"{""Q0"":""The doctors is punched by the cowboy""}",15115.0,punch,PC,y,The ballerina is punched by the artist.,The doctors is punched by the cowboy,0
True,5193.0,"{""Q0"":""the waitress kick the crown ""}",16935.0,kick,AI,y,The policeman kick the boxer.,the waitress kick the crown ,1
True,5418.0,"{""Q0"":""The cowboy is slapping the ballerina""}",14370.0,slap,PC,n,The nurse is slapped by  the policeman.,The cowboy is slapping the ballerina,1
True,4018.0,"{""Q0"":""the artiest punches the crown ""}",10182.0,punch,AC,y,The cowboy punches the swimmer.,the artiest punches the crown ,1
True,6603.0,"{""Q0"":""the chef shoot the swimmer""}",16732.0,shot,PI,y,The ballerina is shooted by the artist. ,the chef shoot the swimmer,1
True,6386.0,"{""Q0"":""the waitress tickled the doctor""}",13143.0,tickle,AI,n,The soldier tickle the boxer.,the waitress tickled the doctor,1
True,4887.0,"{""Q0"":""the soldier is scolded by the professor ""}",18392.0,scold,PC,n,The monk is scolded by the swimmer. ,the soldier is scolded by the professor ,0
True,5560.0,"{""Q0"":""the chef shoot the boxer""}",7880.0,shoot,AI,n,The actress shoot the robber. ,the chef shoot the boxer,1
True,8864.0,"{""Q0"":""the ballerina was kissed by the women""}",13086.0,kiss,PC,y,The boxer is kissed by the artist.,the ballerina was kissed by the women,0
True,2380.0,"{""Q0"":""the policemen slap the boxer""}",11337.0,slap,AC,n,The cowboy slaps the ballerina.,the policemen slap the boxer,1
True,6251.0,"{""Q0"":""the crown is kissed by the artist ""}",10567.0,kiss,PC,n,The monk is kissed by the swimmer.,the crown is kissed by the artist ,0
False,8070.0,"{""Q0"":""the artist is punching monk ""}",15059.0,punch,AC,n,The cowboy punches the nun.,the artist is punching monk ,1
True,4738.0,"{""Q0"":""the sailor is slapped by the cowboy""}",11570.0,slap,PC,y,The clown is slapped by the policeman.,the sailor is slapped by the cowboy,0
True,3662.0,"{""Q0"":""the ballerina was scold by the policemen""}",16816.0,scold,AC,n,The waitress scolds the boxer.,the ballerina was scold by the policemen,1
True,6422.0,"{""Q0"":""the ballerina was pushed by cowboy""}",11150.0,push,PI,n,The monk is pushen by the policeman.,the ballerina was pushed by cowboy,0
True,2250.0,"{""Q0"":""the swimmer as chased by the policemen""}",20382.0,chase,AC,n,The policeman chases the robber.,the swimmer as chased by the policemen,1
True,3073.0,"{""Q0"":""the waitress is chasing doctor""}",19724.0,chase,PC,n,The swimmer is chased by the nun.,the waitress is chasing doctor,1
True,11031.0,"{""Q0"":""the swimmer""}",28231.0,slap,AC,y,The cowboy slaps the professor.,the swimmer,1
True,2596.0,"{""Q0"":""the thief is chased by the piriates ""}",19988.0,chase,PC,y,The monk is chased by the policeman.,the thief is chased by the piriates ,0
True,17576.0,"{""Q0"":""the professor scold the sailor""}",12320.0,scold,AC,y,The policeman scolds the doctor.,the professor scold the sailor,1
True,12756.0,"{""Q0"":""the crown is touched by the sailor""}",18375.0,touch,PI,y,The doctor is touchen by the waitress.,the crown is touched by the sailor,0
True,14013.0,"{""Q0"":""the pirate follows the sailor""}",39547.0,follow,AC,y,The nun follows the doctor.,the pirate follows the sailor,1
True,11729.0,"{""Q0"":""the monk is ticked by waitress""}",40859.0,tickle,PI,y,The robber is ticklen by the soldier. ,the monk is ticked by waitress,0
True,4495.0,"{""Q0"":""the parites follows the doctor""}",13632.0,follow,AC,n,The nun follows the cowboy.,the parites follows the doctor,1
True,8972.0,"{""Q0"":""the thif is kicked by the waitress""}",25311.0,kick,PI,n,The clown is kicken by the nun. ,the thif is kicked by the waitress,0
True,5413.0,"{""Q0"":""the theif was chased by the police""}",13103.0,chase,AC,y,The nun chases the sailor.,the theif was chased by the police,0
True,2994.0,"{""Q0"":""the boxer is followed by the nun""}",25614.0,follow,PC,n,The ballerina is followed by the pirate.,the boxer is followed by the nun,0
