resp_iscorrect,verif_rt,responses,descr_rt,T_verb,P_type,verif_ans,P_sentence,clear_responses,isactive
True,4637.0,"{""Q0"":""The policeman slaps the swimmer""}",31093.0,slap,AC,y,The cowboy slaps the professor.,The policeman slaps the swimmer,1
True,6408.0,"{""Q0"":""The waitress chases the doctor""}",16177.0,chase,PC,n,The swimmer is chased by the nun.,The waitress chases the doctor,1
True,2569.0,"{""Q0"":""The professor scold the sailor""}",19352.0,scold,AC,y,The policeman scolds the doctor.,The professor scold the sailor,1
False,4356.0,"{""Q0"":""The cowboy slaps the ballerina""}",22663.0,slap,PC,n,The nurse is slapped by  the policeman.,The cowboy slaps the ballerina,1
True,4414.0,"{""Q0"":""The nun kisses the boxer""}",19179.0,kiss,AC,y,The artist kisses the ballerina.,The nun kisses the boxer,1
True,1780.0,"{""Q0"":""The nun and the boxer kiss""}",14908.0,kiss,PC,y,The boxer is kissed by the artist.,The nun and the boxer kiss,1
True,2209.0,"{""Q0"":""The artist punches the nun""}",23591.0,punch,AC,n,The cowboy punches the nun.,The artist punches the nun,1
False,5808.0,"{""Q0"":""The cowboy pushes the ballerina""}",17477.0,push,PI,n,The monk is pushen by the policeman.,The cowboy pushes the ballerina,1
True,2244.0,"{""Q0"":""The cowboy pushes the swimmer""}",15425.0,push,AI,y,The chef push the clown.,The cowboy pushes the swimmer,1
True,7139.0,"{""Q0"":""The pirate chases the thief""}",23315.0,chase,PC,y,The monk is chased by the policeman.,The pirate chases the thief,1
True,8943.0,"{""Q0"":""The policeman scolds the ballerina""}",22067.0,scold,AC,n,The waitress scolds the boxer.,The policeman scolds the ballerina,1
True,3339.0,"{""Q0"":""The nun follows the soldier""}",13172.0,follow,PC,y,The ballerina is followed by the pirate. ,The nun follows the soldier,1
True,2105.0,"{""Q0"":""The waitress kicks the clown""}",22584.0,kick,AI,y,The policeman kick the boxer.,The waitress kicks the clown,1
True,3390.0,"{""Q0"":""The sailor touches the clown""}",19098.0,touch,PI,y,The doctor is touchen by the waitress.,The sailor touches the clown,1
True,2942.0,"{""Q0"":""The waitress tickles the doctor""}",32636.0,tickle,AI,n,The soldier tickle the boxer.,The waitress tickles the doctor,1
False,1164.0,"{""Q0"":""The cowboy punches the ballerina""}",15659.0,punch,PC,n,The policeman is punched by the artist.,The cowboy punches the ballerina,1
False,5270.0,"{""Q0"":""The sailor touches the swimmer""}",17806.0,touch,AI,n,The waitress touch the professor.,The sailor touches the swimmer,1
True,8923.0,"{""Q0"":""The waitress kicked the thief""}",19745.0,kick,PI,n,The clown is kicken by the nun. ,The waitress kicked the thief,1
False,5041.0,"{""Q0"":""The artist kisses the soldier""}",14070.0,kiss,AC,n,The pirate kisses the clown.,The artist kisses the soldier,1
True,1001.0,"{""Q0"":""The policeman scolds the boxer""}",37693.0,scold,PC,y,The doctor is scolded by the professor. ,The policeman scolds the boxer,1
True,3697.0,"{""Q0"":""The pirate pulls the ballerina""}",20571.0,pull,AI,y,The boxer pull the soldier.,The pirate pulls the ballerina,1
True,2780.0,"{""Q0"":""The boxer pulls the clown""}",24438.0,pull,PI,n,The waitress is pullen by the pirate. ,The boxer pulls the clown,1
True,3880.0,"{""Q0"":""The policeman chases the thief""}",23165.0,chase,AC,y,The nun chases the sailor.,The policeman chases the thief,1
True,3713.0,"{""Q0"":""The nun follows the boxer""}",21111.0,follow,PC,n,The ballerina is followed by the pirate.,The nun follows the boxer,1
True,22301.0,"{""Q0"":""The policeman chases the swimmer""}",40510.0,chase,AC,n,The policeman chases the robber.,The policeman chases the swimmer,1
True,5333.0,"{""Q0"":""The cowboy slaps the sailor""}",15832.0,slap,PC,y,The clown is slapped by the policeman.,The cowboy slaps the sailor,1
False,3129.0,"{""Q0"":""The chef shoots the boxer""}",34553.0,shoot,AI,n,The actress shoot the robber. ,The chef shoots the boxer,1
False,13472.0,"{""Q0"":""The professor scolds the soldier""}",20373.0,scold,PC,n,The monk is scolded by the swimmer. ,The professor scolds the soldier,1
True,3986.0,"{""Q0"":""The artist punches the clown""}",15650.0,punch,AC,y,The cowboy punches the swimmer.,The artist punches the clown,1
True,20342.0,"{""Q0"":""The swimmer is shot by the chef""}",22526.0,shot,PI,y,The ballerina is shooted by the artist. ,The swimmer is shot by the chef,0
False,7242.0,"{""Q0"":""The pirate follows the doctor""}",22026.0,follow,AC,n,The nun follows the cowboy.,The pirate follows the doctor,1
True,15531.0,"{""Q0"":""The priest is tickled by the waitress""}",22133.0,tickle,PI,y,The robber is ticklen by the soldier. ,The priest is tickled by the waitress,0
False,10066.0,"{""Q0"":""The soldier slaps the boxer""}",18472.0,slap,AC,n,The cowboy slaps the ballerina.,The soldier slaps the boxer,1
True,2109.0,"{""Q0"":""THe cowboy punches the doctor""}",14367.0,punch,PC,y,The ballerina is punched by the artist.,THe cowboy punches the doctor,1
True,2563.0,"{""Q0"":""The pirate follows the sailor""}",18945.0,follow,AC,y,The nun follows the doctor.,The pirate follows the sailor,1
False,1857.0,"{""Q0"":""The artist kisses the clown""}",12012.0,kiss,PC,n,The monk is kissed by the swimmer.,The artist kisses the clown,1
