resp_iscorrect,verif_rt,responses,descr_rt,T_verb,P_type,verif_ans,P_sentence,clear_responses,isactive
True,9040.0,"{""Q0"":""the angry lady kicked the man in the knee""}",20122.0,kick,AI,y,The policeman kick the boxer.,the angry lady kicked the man in the knee,1
False,10806.0,"{""Q0"":""The cowboy slaps the ballerina in the face""}",21456.0,slap,PC,n,The nurse is slapped by  the policeman.,The cowboy slaps the ballerina in the face,1
True,5462.0,"{""Q0"":""The art man punches a random guy""}",22916.0,punch,AC,y,The cowboy punches the swimmer.,The art man punches a random guy,1
True,14108.0,"{""Q0"":""The cowboy punches the ballerina""}",19464.0,punch,PC,n,The policeman is punched by the artist.,The cowboy punches the ballerina,1
True,9155.0,"{""Q0"":""The church lady kisses the boxer on the cheek""}",20386.0,kiss,AC,y,The artist kisses the ballerina.,The church lady kisses the boxer on the cheek,1
True,8245.0,"{""Q0"":""The church lady tries to kiss the ballerina""}",36194.0,kiss,PC,y,The boxer is kissed by the artist.,The church lady tries to kiss the ballerina,1
True,18919.0,"{""Q0"":""The waitress touched the sailor""}",36701.0,touch,AI,n,The waitress touch the professor.,The waitress touched the sailor,1
True,7885.0,"{""Q0"":""The bad guy is being chased by a pirate""}",30628.0,chase,PC,y,The monk is chased by the policeman.,The bad guy is being chased by a pirate,0
False,7349.0,"{""Q0"":""The waitress tickles the Doctor""}",12985.0,tickle,AI,n,The soldier tickle the boxer.,The waitress tickles the Doctor,1
True,5707.0,"{""Q0"":""The artist kisses the jokester ""}",33021.0,kiss,PC,n,The monk is kissed by the swimmer.,The artist kisses the jokester ,1
True,2882.0,"{""Q0"":""The policeman slaps the simmer ""}",20228.0,slap,AC,y,The cowboy slaps the professor.,The policeman slaps the simmer ,1
True,7536.0,"{""Q0"":""The waitress chases the Doctor""}",17368.0,chase,PC,n,The swimmer is chased by the nun.,The waitress chases the Doctor,1
True,10102.0,"{""Q0"":""The artist punches the nun""}",21587.0,punch,AC,n,The cowboy punches the nun.,The artist punches the nun,1
False,11893.0,"{""Q0"":""The waitress tickles the monk""}",21038.0,tickle,PI,y,The robber is ticklen by the soldier. ,The waitress tickles the monk,1
True,7612.0,"{""Q0"":""The chief shot the boxer in the stomach""}",18877.0,shoot,AI,n,The actress shoot the robber. ,The chief shot the boxer in the stomach,1
False,12359.0,"{""Q0"":""The nun follows the boxer""}",13105.0,follow,PC,n,The ballerina is followed by the pirate.,The nun follows the boxer,1
True,3017.0,"{""Q0"":""The professor scolds the sailor""}",24448.0,scold,AC,y,The policeman scolds the doctor.,The professor scolds the sailor,1
True,7035.0,"{""Q0"":""The waitress kicks the robber""}",16322.0,kick,PI,n,The clown is kicken by the nun. ,The waitress kicks the robber,1
True,11520.0,"{""Q0"":""The artist kisses the soldier""}",16919.0,kiss,AC,n,The pirate kisses the clown.,The artist kisses the soldier,1
True,5081.0,"{""Q0"":""The picture is not loading so I can not write a response""}",39046.0,follow,PC,y,The ballerina is followed by the pirate. ,The picture is not loading so I can not write a response,0
True,3770.0,"{""Q0"":""The policeman slaps the boxer""}",29377.0,slap,AC,n,The cowboy slaps the ballerina.,The policeman slaps the boxer,1
False,8895.0,"{""Q0"":""The sailor touches the clown""}",51578.0,touch,PI,y,The doctor is touchen by the waitress.,The sailor touches the clown,1
False,19192.0,"{""Q0"":""The pirate pulls the ballerina""}",28511.0,pull,AI,y,The boxer pull the soldier.,The pirate pulls the ballerina,1
True,6430.0,"{""Q0"":""The cowboy slaps the sailor""}",23622.0,slap,PC,y,The clown is slapped by the policeman.,The cowboy slaps the sailor,1
True,4602.0,"{""Q0"":""The policeman chases the robber""}",71440.0,chase,AC,y,The nun chases the sailor.,The policeman chases the robber,1
False,27554.0,"{""Q0"":""The chief shoots the swimmer""}",35372.0,shot,PI,y,The ballerina is shooted by the artist. ,The chief shoots the swimmer,1
True,24639.0,"{""Q0"":""The pirate follows the sailor""}",16428.0,follow,AC,y,The nun follows the doctor.,The pirate follows the sailor,1
True,10797.0,"{""Q0"":""The soldier is scolded by the professor""}",30675.0,scold,PC,n,The monk is scolded by the swimmer. ,The soldier is scolded by the professor,0
True,4297.0,"{""Q0"":""The policeman chases the swimmer""}",21801.0,chase,AC,n,The policeman chases the robber.,The policeman chases the swimmer,1
True,4048.0,"{""Q0"":""The boxer pulls the clown""}",13900.0,pull,PI,n,The waitress is pullen by the pirate. ,The boxer pulls the clown,1
True,4856.0,"{""Q0"":""The pirate follows the Doctor""}",17255.0,follow,AC,n,The nun follows the cowboy.,The pirate follows the Doctor,1
True,24670.0,"{""Q0"":""The cowboy punches the Doctor""}",18751.0,punch,PC,y,The ballerina is punched by the artist.,The cowboy punches the Doctor,1
True,38297.0,"{""Q0"":""The policeman scolds the ballerina""}",20676.0,scold,AC,n,The waitress scolds the boxer.,The policeman scolds the ballerina,1
True,2742.0,"{""Q0"":""The policeman scolds the boxer""}",14683.0,scold,PC,y,The doctor is scolded by the professor. ,The policeman scolds the boxer,1
True,5823.0,"{""Q0"":""The cowboy pushes the swimmer""}",13288.0,push,AI,y,The chef push the clown.,The cowboy pushes the swimmer,1
True,4345.0,"{""Q0"":""The cowboy pushes the ballerina""}",13200.0,push,PI,n,The monk is pushen by the policeman.,The cowboy pushes the ballerina,1
