resp_iscorrect,verif_rt,responses,descr_rt,T_verb,P_type,verif_ans,P_sentence,clear_responses,isactive
False,4434.0,"{""Q0"":""He is pulling her""}",18841.0,pull,AI,y,The boxer pull the soldier.,He is pulling her,1
False,256558.0,"{""Q0"":""The soldier is followed by the nun""}",22272.0,follow,PC,y,The ballerina is followed by the pirate. ,The soldier is followed by the nun,0
False,5388.0,"{""Q0"":""The lady kicked the man""}",19302.0,kick,AI,y,The policeman kick the boxer.,The lady kicked the man,1
True,12331.0,"{""Q0"":""The nun wants to kiss the ballerina""}",22421.0,kiss,PC,y,The boxer is kissed by the artist.,The nun wants to kiss the ballerina,1
False,5783.0,"{""Q0"":""The cowboy pushes the swimmer""}",19204.0,push,AI,y,The chef push the clown.,The cowboy pushes the swimmer,1
True,8301.0,"{""Q0"":""the ballerina is punched by the cowboy""}",14756.0,punch,PC,n,The policeman is punched by the artist.,the ballerina is punched by the cowboy,0
True,4226.0,"{""Q0"":""the artist kisses the soldier""}",17428.0,kiss,AC,n,The pirate kisses the clown.,the artist kisses the soldier,1
False,4229.0,"{""Q0"":""the clown is touched by the sailor""}",12871.0,touch,PI,y,The doctor is touchen by the waitress.,the clown is touched by the sailor,0
True,5407.0,"{""Q0"":""the waitress tickles the doctor""}",18328.0,tickle,AI,n,The soldier tickle the boxer.,the waitress tickles the doctor,1
True,3859.0,"{""Q0"":""the ballerina is pushed by the cowboy""}",15493.0,push,PI,n,The monk is pushen by the policeman.,the ballerina is pushed by the cowboy,0
True,6485.0,"{""Q0"":""the chef shots the boxer""}",34445.0,shoot,AI,n,The actress shoot the robber. ,the chef shots the boxer,1
False,18187.0,"{""Q0"":""the monk is tickled by the waitress""}",16897.0,tickle,PI,y,The robber is ticklen by the soldier. ,the monk is tickled by the waitress,0
True,4812.0,"{""Q0"":""the policeman slaps the boxer""}",18105.0,slap,AC,n,The cowboy slaps the ballerina.,the policeman slaps the boxer,1
True,3358.0,"{""Q0"":""the soldier is scolded by the professor""}",15500.0,scold,PC,n,The monk is scolded by the swimmer. ,the soldier is scolded by the professor,0
True,5197.0,"{""Q0"":""the professor scolds the sailor""}",11744.0,scold,AC,y,The policeman scolds the doctor.,the professor scolds the sailor,1
True,3718.0,"{""Q0"":""the ballerina is slapped by the cowboy""}",13433.0,slap,PC,n,The nurse is slapped by  the policeman.,the ballerina is slapped by the cowboy,0
True,2183.0,"{""Q0"":""the sailor touches the swimmer""}",10477.0,touch,AI,n,The waitress touch the professor.,the sailor touches the swimmer,1
True,5075.0,"{""Q0"":""the sailor is slapped by the cowboy""}",11712.0,slap,PC,y,The clown is slapped by the policeman.,the sailor is slapped by the cowboy,0
True,3544.0,"{""Q0"":""the pirate follows the doctor""}",18209.0,follow,AC,n,The nun follows the cowboy.,the pirate follows the doctor,1
True,4281.0,"{""Q0"":""the boxer is followed by the nun""}",13312.0,follow,PC,n,The ballerina is followed by the pirate.,the boxer is followed by the nun,0
True,6192.0,"{""Q0"":""the policeman slaps the swimmer""}",14318.0,slap,AC,y,The cowboy slaps the professor.,the policeman slaps the swimmer,1
False,5107.0,"{""Q0"":""the swimmer is shot by the chef""}",13609.0,shot,PI,y,The ballerina is shooted by the artist. ,the swimmer is shot by the chef,0
True,5819.0,"{""Q0"":""the police chases the thief""}",11912.0,chase,AC,y,The nun chases the sailor.,the police chases the thief,1
True,3168.0,"{""Q0"":""the clown is kissed by the artist""}",15042.0,kiss,PC,n,The monk is kissed by the swimmer.,the clown is kissed by the artist,0
True,5685.0,"{""Q0"":""the nun kisses the boxer""}",10922.0,kiss,AC,y,The artist kisses the ballerina.,the nun kisses the boxer,1
True,9775.0,"{""Q0"":""the doctor is punched by the cowboy""}",12454.0,punch,PC,y,The ballerina is punched by the artist.,the doctor is punched by the cowboy,0
True,2918.0,"{""Q0"":""the artist punches the clown""}",14749.0,punch,AC,y,The cowboy punches the swimmer.,the artist punches the clown,1
True,9457.0,"{""Q0"":""the clown is being pulled by the boxer""}",14618.0,pull,PI,n,The waitress is pullen by the pirate. ,the clown is being pulled by the boxer,0
True,5231.0,"{""Q0"":""the artist punches the monk""}",11089.0,punch,AC,n,The cowboy punches the nun.,the artist punches the monk,1
True,2416.0,"{""Q0"":""the thief is kicked by the waitress""}",12513.0,kick,PI,n,The clown is kicken by the nun. ,the thief is kicked by the waitress,0
True,1441.0,"{""Q0"":""the policeman chases the swimmer""}",17100.0,chase,AC,n,The policeman chases the robber.,the policeman chases the swimmer,1
True,5591.0,"{""Q0"":""the doctor is chased by the waitress""}",20621.0,chase,PC,n,The swimmer is chased by the nun.,the doctor is chased by the waitress,0
True,4623.0,"{""Q0"":""the pirate follows the sailor""}",20162.0,follow,AC,y,The nun follows the doctor.,the pirate follows the sailor,1
True,10203.0,"{""Q0"":""the thief is chased by the pirate""}",12850.0,chase,PC,y,The monk is chased by the policeman.,the thief is chased by the pirate,0
True,2716.0,"{""Q0"":""the policeman scolds the ballerina""}",13245.0,scold,AC,n,The waitress scolds the boxer.,the policeman scolds the ballerina,1
True,4082.0,"{""Q0"":""the boxer is scolded by the policeman""}",12553.0,scold,PC,y,The doctor is scolded by the professor. ,the boxer is scolded by the policeman,0
