resp_iscorrect,verif_rt,responses,descr_rt,T_verb,P_type,verif_ans,P_sentence,clear_responses,isactive
True,10779.0,"{""Q0"":""The chef shoots the boxer.""}",20396.0,shoot,AI,n,The actress shoot the robber. ,The chef shoots the boxer.,1
True,14337.0,"{""Q0"":""The waitress kicks the thief.""}",28214.0,kick,PI,n,The clown is kicken by the nun. ,The waitress kicks the thief.,1
True,2297.0,"{""Q0"":""The painter punches the clown.""}",33605.0,punch,AC,y,The cowboy punches the swimmer.,The painter punches the clown.,1
True,6287.0,"{""Q0"":""The policeman scolds the boxer.""}",11962.0,scold,PC,y,The doctor is scolded by the professor. ,The policeman scolds the boxer.,1
True,3081.0,"{""Q0"":""The professor scolds the sailor.""}",31647.0,scold,AC,y,The policeman scolds the doctor.,The professor scolds the sailor.,1
True,4713.0,"{""Q0"":""The sister follows the soldier.""}",19057.0,follow,PC,y,The ballerina is followed by the pirate. ,The sister follows the soldier.,1
False,5158.0,"{""Q0"":""The sailor touches swimmer.""}",18829.0,touch,AI,n,The waitress touch the professor.,The sailor touches swimmer.,1
True,2904.0,"{""Q0"":""The boxer is pulling a joker.""}",16800.0,pull,PI,n,The waitress is pullen by the pirate. ,The boxer is pulling a joker.,1
True,10921.0,"{""Q0"":""The painter kisses the soldier.""}",21949.0,kiss,AC,n,The pirate kisses the clown.,The painter kisses the soldier.,1
False,5428.0,"{""Q0"":""The cowboy slaps a dancer.""}",13182.0,slap,PC,n,The nurse is slapped by  the policeman.,The cowboy slaps a dancer.,1
True,7879.0,"{""Q0"":""The pirate follows the doctor.""}",15363.0,follow,AC,n,The nun follows the cowboy.,The pirate follows the doctor.,1
True,12248.0,"{""Q0"":""The pirate chases a thief.""}",20761.0,chase,PC,y,The monk is chased by the policeman.,The pirate chases a thief.,1
True,20898.0,"{""Q0"":""The policeman chases the thief.""}",13116.0,chase,AC,y,The nun chases the sailor.,The policeman chases the thief.,1
True,7987.0,"{""Q0"":""The nun follows the boxer.""}",16875.0,follow,PC,n,The ballerina is followed by the pirate.,The nun follows the boxer.,1
True,11018.0,"{""Q0"":""The policeman scolds the dancer.""}",10872.0,scold,AC,n,The waitress scolds the boxer.,The policeman scolds the dancer.,1
True,6062.0,"{""Q0"":""The chef shoots the swimmer.""}",14560.0,shot,PI,y,The ballerina is shooted by the artist. ,The chef shoots the swimmer.,1
True,19105.0,"{""Q0"":""The policeman slaps the boxer.""}",9492.0,slap,AC,n,The cowboy slaps the ballerina.,The policeman slaps the boxer.,1
True,21531.0,"{""Q0"":""The painter kisses the clown.""}",35087.0,kiss,PC,n,The monk is kissed by the swimmer.,The painter kisses the clown.,1
True,4685.0,"{""Q0"":""The policemen chases the swimmer.""}",13972.0,chase,AC,n,The policeman chases the robber.,The policemen chases the swimmer.,1
True,7193.0,"{""Q0"":""The cowboy punches the dancer,""}",14180.0,punch,PC,n,The policeman is punched by the artist.,"The cowboy punches the dancer,",1
True,3058.0,"{""Q0"":""The pirate pulls the dancer. ""}",21184.0,pull,AI,y,The boxer pull the soldier.,The pirate pulls the dancer. ,1
True,12485.0,"{""Q0"":""The cowboy punches the docter.""}",11046.0,punch,PC,y,The ballerina is punched by the artist.,The cowboy punches the docter.,1
True,1825.0,"{""Q0"":""The waitress kicks the clown""}",15598.0,kick,AI,y,The policeman kick the boxer.,The waitress kicks the clown,1
True,9465.0,"{""Q0"":""The waitress tickles the friar.""}",40515.0,tickle,PI,y,The robber is ticklen by the soldier. ,The waitress tickles the friar.,1
True,5051.0,"{""Q0"":""The nun kisses the boxer.""}",8431.0,kiss,AC,y,The artist kisses the ballerina.,The nun kisses the boxer.,1
True,3196.0,"{""Q0"":""The nun kisses the dancer.""}",17200.0,kiss,PC,y,The boxer is kissed by the artist.,The nun kisses the dancer.,1
True,2201.0,"{""Q0"":""The pirate follow the sailor.""}",13131.0,follow,AC,y,The nun follows the doctor.,The pirate follow the sailor.,1
False,4323.0,"{""Q0"":""""}",1890.0,chase,PC,n,The swimmer is chased by the nun.,,1
True,5885.0,"{""Q0"":""The waitress tickles the doctor.""}",13325.0,tickle,AI,n,The soldier tickle the boxer.,The waitress tickles the doctor.,1
True,4971.0,"{""Q0"":""The cowboy slaps the sailor.""}",20333.0,slap,PC,y,The clown is slapped by the policeman.,The cowboy slaps the sailor.,1
True,3964.0,"{""Q0"":""The painter punches the nun.""}",24379.0,punch,AC,n,The cowboy punches the nun.,The painter punches the nun.,1
False,20679.0,"{""Q0"":""The cowboy pushes the dancer.""}",10765.0,push,PI,n,The monk is pushen by the policeman.,The cowboy pushes the dancer.,1
True,3172.0,"{""Q0"":""The cowboy pushes the swimmer.""}",13663.0,push,AI,y,The chef push the clown.,The cowboy pushes the swimmer.,1
True,3866.0,"{""Q0"":""The sailor touches the clown.""}",11853.0,touch,PI,y,The doctor is touchen by the waitress.,The sailor touches the clown.,1
True,4909.0,"{""Q0"":""""}",968.0,slap,AC,y,The cowboy slaps the professor.,,1
True,3133.0,"{""Q0"":""""}",1631.0,scold,PC,n,The monk is scolded by the swimmer. ,,1
