resp_iscorrect,verif_rt,responses,descr_rt,T_verb,P_type,verif_ans,P_sentence,clear_responses,isactive
True,4346.0,"{""Q0"":""The professor scolds the sailor""}",33952.0,scold,AC,y,The policeman scolds the doctor.,The professor scolds the sailor,1
True,10406.0,"{""Q0"":""The cowboy punches the ballet dancer""}",16318.0,punch,PC,n,The policeman is punched by the artist.,The cowboy punches the ballet dancer,1
True,2039.0,"{""Q0"":""The policeman slaps the swimmer""}",14050.0,slap,AC,y,The cowboy slaps the professor.,The policeman slaps the swimmer,1
True,2443.0,"{""Q0"":""The priest tries to kiss the ballet dancer""}",46250.0,kiss,PC,y,The boxer is kissed by the artist.,The priest tries to kiss the ballet dancer,1
True,4233.0,"{""Q0"":""The artist punches the nun""}",11667.0,punch,AC,n,The cowboy punches the nun.,The artist punches the nun,1
True,2211.0,"{""Q0"":""The professor scolds the soldier""}",16219.0,scold,PC,n,The monk is scolded by the swimmer. ,The professor scolds the soldier,1
True,1621.0,"{""Q0"":""The waitress kicks the man""}",42340.0,kick,AI,y,The policeman kick the boxer.,The waitress kicks the man,1
True,6131.0,"{""Q0"":""The clown is pulled by the boxer""}",10349.0,pull,PI,n,The waitress is pullen by the pirate. ,The clown is pulled by the boxer,0
True,1653.0,"{""Q0"":""The policeman scolds the ballet dancer""}",12936.0,scold,AC,n,The waitress scolds the boxer.,The policeman scolds the ballet dancer,1
True,4829.0,"{""Q0"":""The policeman scolds the boxer""}",17490.0,scold,PC,y,The doctor is scolded by the professor. ,The policeman scolds the boxer,1
True,2269.0,"{""Q0"":""The sailor is followed by a pirate""}",11243.0,follow,AC,y,The nun follows the doctor.,The sailor is followed by a pirate,0
True,6222.0,"{""Q0"":""The soldier is followed by a nun""}",7920.0,follow,PC,y,The ballerina is followed by the pirate. ,The soldier is followed by a nun,0
True,2360.0,"{""Q0"":""The policeman chases the swimmer""}",9437.0,chase,AC,n,The policeman chases the robber.,The policeman chases the swimmer,1
True,3101.0,"{""Q0"":""The robber is chased by the pirate""}",12739.0,chase,PC,y,The monk is chased by the policeman.,The robber is chased by the pirate,0
True,7626.0,"{""Q0"":""The nun kisses the boxer""}",10874.0,kiss,AC,y,The artist kisses the ballerina.,The nun kisses the boxer,1
False,2771.0,"{""Q0"":""The chef shoots the swimmer""}",22577.0,shot,PI,y,The ballerina is shooted by the artist. ,The chef shoots the swimmer,1
False,3247.0,"{""Q0"":""The pirate pulls the ballerina""}",11778.0,pull,AI,y,The boxer pull the soldier.,The pirate pulls the ballerina,1
False,2142.0,"{""Q0"":""The nurse tickles the monk""}",9133.0,tickle,PI,y,The robber is ticklen by the soldier. ,The nurse tickles the monk,1
True,3179.0,"{""Q0"":""The policeman slaps the boxer""}",8351.0,slap,AC,n,The cowboy slaps the ballerina.,The policeman slaps the boxer,1
True,3592.0,"{""Q0"":""The cowboy slaps the sailor""}",10702.0,slap,PC,y,The clown is slapped by the policeman.,The cowboy slaps the sailor,1
True,5008.0,"{""Q0"":""The artist kisses the soldier""}",8685.0,kiss,AC,n,The pirate kisses the clown.,The artist kisses the soldier,1
True,9683.0,"{""Q0"":""The cowboy slaps the ballerina""}",10795.0,slap,PC,n,The nurse is slapped by  the policeman.,The cowboy slaps the ballerina,1
True,1819.0,"{""Q0"":""The sailor touches the swimmer""}",6821.0,touch,AI,n,The waitress touch the professor.,The sailor touches the swimmer,1
True,2358.0,"{""Q0"":""The cowboy pushes the ballerina""}",8126.0,push,PI,n,The monk is pushen by the policeman.,The cowboy pushes the ballerina,1
True,1879.0,"{""Q0"":""The artist punches the clown""}",9535.0,punch,AC,y,The cowboy punches the swimmer.,The artist punches the clown,1
True,1900.0,"{""Q0"":""The waitress kicks the robber""}",8780.0,kick,PI,n,The clown is kicken by the nun. ,The waitress kicks the robber,1
True,3004.0,"{""Q0"":""The cowboy pushes the swimmer""}",7962.0,push,AI,y,The chef push the clown.,The cowboy pushes the swimmer,1
False,2004.0,"{""Q0"":""The sailor touches the clown""}",7751.0,touch,PI,y,The doctor is touchen by the waitress.,The sailor touches the clown,1
True,1747.0,"{""Q0"":""The pirate follows the doctor""}",14112.0,follow,AC,n,The nun follows the cowboy.,The pirate follows the doctor,1
True,1270.0,"{""Q0"":""The boxer is followed by a nun""}",8653.0,follow,PC,n,The ballerina is followed by the pirate.,The boxer is followed by a nun,0
True,2190.0,"{""Q0"":""The chef shoots the boxer""}",8116.0,shoot,AI,n,The actress shoot the robber. ,The chef shoots the boxer,1
True,2027.0,"{""Q0"":""The cowboy punches the doctor""}",8851.0,punch,PC,y,The ballerina is punched by the artist.,The cowboy punches the doctor,1
True,2194.0,"{""Q0"":""The policeman chases the robber""}",8111.0,chase,AC,y,The nun chases the sailor.,The policeman chases the robber,1
True,1730.0,"{""Q0"":""The artist kisses the clown""}",8559.0,kiss,PC,n,The monk is kissed by the swimmer.,The artist kisses the clown,1
True,3286.0,"{""Q0"":""The waitress tickles the doctor""}",7300.0,tickle,AI,n,The soldier tickle the boxer.,The waitress tickles the doctor,1
True,1751.0,"{""Q0"":""The doctor is chased by the waitress""}",10212.0,chase,PC,n,The swimmer is chased by the nun.,The doctor is chased by the waitress,0
