resp_iscorrect,verif_rt,responses,descr_rt,T_verb,P_type,verif_ans,P_sentence,clear_responses,isactive
True,2227.0,"{""Q0"":""the priest kissed the boxer""}",8711.0,kiss,AC,y,The artist kisses the ballerina.,the priest kissed the boxer,1
True,3594.0,"{""Q0"":""the waitress is chasing the doctor""}",12718.0,chase,PC,n,The swimmer is chased by the nun.,the waitress is chasing the doctor,1
True,4181.0,"{""Q0"":""the cowboy pushed the swimmer""}",8384.0,push,AI,y,The chef push the clown.,the cowboy pushed the swimmer,1
True,2899.0,"{""Q0"":""the boxer is scolded by the police""}",13142.0,scold,PC,y,The doctor is scolded by the professor. ,the boxer is scolded by the police,0
True,2190.0,"{""Q0"":""the artist punches the monk""}",8029.0,punch,AC,n,The cowboy punches the nun.,the artist punches the monk,1
True,2144.0,"{""Q0"":""the sailor touched the clown.""}",14053.0,touch,PI,y,The doctor is touchen by the waitress.,the sailor touched the clown.,1
True,1678.0,"{""Q0"":""the waitress kicked the clown""}",9497.0,kick,AI,y,The policeman kick the boxer.,the waitress kicked the clown,1
True,1911.0,"{""Q0"":""the cowboy punched the doctor""}",7754.0,punch,PC,y,The ballerina is punched by the artist.,the cowboy punched the doctor,1
True,1963.0,"{""Q0"":""the sailor touched the swimmer""}",7887.0,touch,AI,n,The waitress touch the professor.,the sailor touched the swimmer,1
True,1693.0,"{""Q0"":""the cowboy slapped the ballerina""}",10703.0,slap,PC,n,The nurse is slapped by  the policeman.,the cowboy slapped the ballerina,1
True,1841.0,"{""Q0"":""the police scolded the ballerina. ""}",14998.0,scold,AC,n,The waitress scolds the boxer.,the police scolded the ballerina. ,1
True,3729.0,"{""Q0"":""the boxer is trying to pull the clown""}",8096.0,pull,PI,n,The waitress is pullen by the pirate. ,the boxer is trying to pull the clown,0
True,2192.0,"{""Q0"":""the swimmer is chased by the police""}",11116.0,chase,AC,n,The policeman chases the robber.,the swimmer is chased by the police,0
True,4281.0,"{""Q0"":""the boxer is chased by the priest""}",12504.0,follow,PC,n,The ballerina is followed by the pirate.,the boxer is chased by the priest,0
True,1860.0,"{""Q0"":""the solider is kissed by the artist""}",10952.0,kiss,AC,n,The pirate kisses the clown.,the solider is kissed by the artist,0
True,3625.0,"{""Q0"":""the chef started shooting on the swimmer""}",11627.0,shot,PI,y,The ballerina is shooted by the artist. ,the chef started shooting on the swimmer,1
True,4881.0,"{""Q0"":""the police slapped the swimmer""}",7169.0,slap,AC,y,The cowboy slaps the professor.,the police slapped the swimmer,1
True,2936.0,"{""Q0"":""the cowboy slapped the sailor""}",7001.0,slap,PC,y,The clown is slapped by the policeman.,the cowboy slapped the sailor,1
True,2750.0,"{""Q0"":""the artist punched the clown""}",13110.0,punch,AC,y,The cowboy punches the swimmer.,the artist punched the clown,1
True,4216.0,"{""Q0"":""the women is tickling the bold headed man""}",20359.0,tickle,PI,y,The robber is ticklen by the soldier. ,the women is tickling the bold headed man,0
True,1950.0,"{""Q0"":""the pirate follows the sailor""}",9461.0,follow,AC,y,The nun follows the doctor.,the pirate follows the sailor,1
True,2017.0,"{""Q0"":""the artist kisses the clown""}",15582.0,kiss,PC,n,The monk is kissed by the swimmer.,the artist kisses the clown,1
True,2662.0,"{""Q0"":""the chef shoots the boxer""}",6264.0,shoot,AI,n,The actress shoot the robber. ,the chef shoots the boxer,1
True,4067.0,"{""Q0"":""the nun is trying to kisses the ballerina""}",13166.0,kiss,PC,y,The boxer is kissed by the artist.,the nun is trying to kisses the ballerina,1
True,1636.0,"{""Q0"":""the professor is scolding a sailor""}",10209.0,scold,AC,y,The policeman scolds the doctor.,the professor is scolding a sailor,1
True,3072.0,"{""Q0"":""the waitress kicked a theif""}",10783.0,kick,PI,n,The clown is kicken by the nun. ,the waitress kicked a theif,1
True,3009.0,"{""Q0"":""the police is chasing the theif""}",9097.0,chase,AC,y,The nun chases the sailor.,the police is chasing the theif,1
True,2294.0,"{""Q0"":""the ballerina is punched by the cowboy.""}",11136.0,punch,PC,n,The policeman is punched by the artist.,the ballerina is punched by the cowboy.,0
True,3191.0,"{""Q0"":""The pirate follows the doctor.""}",7531.0,follow,AC,n,The nun follows the cowboy.,The pirate follows the doctor.,1
True,2513.0,"{""Q0"":""the solider is followed by the nun""}",12802.0,follow,PC,y,The ballerina is followed by the pirate. ,the solider is followed by the nun,0
True,1823.0,"{""Q0"":""the police slapped the boxer""}",8275.0,slap,AC,n,The cowboy slaps the ballerina.,the police slapped the boxer,1
True,2556.0,"{""Q0"":""the cowboy pushed the ballerina""}",6521.0,push,PI,n,The monk is pushen by the policeman.,the cowboy pushed the ballerina,1
True,1662.0,"{""Q0"":""the waitress tickles the doctor""}",10408.0,tickle,AI,n,The soldier tickle the boxer.,the waitress tickles the doctor,1
True,1619.0,"{""Q0"":""the theif is chased by the pirate""}",10820.0,chase,PC,y,The monk is chased by the policeman.,the theif is chased by the pirate,0
True,2761.0,"{""Q0"":""the pirate pulls the ballerina""}",8221.0,pull,AI,y,The boxer pull the soldier.,the pirate pulls the ballerina,1
True,3953.0,"{""Q0"":""the professor is scolding the soldier""}",11997.0,scold,PC,n,The monk is scolded by the swimmer. ,the professor is scolding the soldier,1
