resp_iscorrect,verif_rt,responses,descr_rt,T_verb,P_type,verif_ans,P_sentence,clear_responses,isactive
False,20810.0,"{""Q0"":""pirate follows doctor""}",9832.0,follow,AC,n,The nun follows the cowboy.,pirate follows doctor,1
True,5938.0,"{""Q0"":""pirate chasing thief""}",14062.0,chase,PC,y,The monk is chased by the policeman.,pirate chasing thief,1
True,6312.0,"{""Q0"":""waitress tickling doctor""}",10830.0,tickle,AI,n,The soldier tickle the boxer.,waitress tickling doctor,1
True,4703.0,"{""Q0"":""waitress tickling mook""}",9738.0,tickle,PI,y,The robber is ticklen by the soldier. ,waitress tickling mook,1
True,3607.0,"{""Q0"":""waitress kick customer""}",12638.0,kick,AI,y,The policeman kick the boxer.,waitress kick customer,1
True,3127.0,"{""Q0"":""doctor scolding solider""}",9428.0,scold,PC,n,The monk is scolded by the swimmer. ,doctor scolding solider,1
True,2997.0,"{""Q0"":""painter punching another painter""}",13826.0,punch,AC,y,The cowboy punches the swimmer.,painter punching another painter,1
True,4977.0,"{""Q0"":""cowboy punching dancer""}",16942.0,punch,PC,n,The policeman is punched by the artist.,cowboy punching dancer,1
True,4999.0,"{""Q0"":""pirate pulls dancer""}",13792.0,pull,AI,y,The boxer pull the soldier.,pirate pulls dancer,1
True,3154.0,"{""Q0"":""a kissed b""}",6878.0,kiss,PC,n,The monk is kissed by the swimmer.,a kissed b,1
True,1544.0,"{""Q0"":""solider slap swimmer""}",11256.0,slap,AC,y,The cowboy slaps the professor.,solider slap swimmer,1
True,12264.0,"{""Q0"":""mook following the solider""}",13218.0,follow,PC,y,The ballerina is followed by the pirate. ,mook following the solider,1
True,4342.0,"{""Q0"":""sailer touches swimmer""}",12352.0,touch,AI,n,The waitress touch the professor.,sailer touches swimmer,1
True,100.0,"{""Q0"":""cook shoot swimmer""}",27703.0,shot,PI,y,The ballerina is shooted by the artist. ,cook shoot swimmer,1
False,2196.0,"{""Q0"":""cook shoot boxer""}",7760.0,shoot,AI,n,The actress shoot the robber. ,cook shoot boxer,1
True,2593.0,"{""Q0"":""sailer touch man""}",10562.0,touch,PI,y,The doctor is touchen by the waitress.,sailer touch man,1
True,7241.0,"{""Q0"":""chase '1=1;DROP TABLE'""}",83172.0,chase,AC,y,The nun chases the sailor.,chase '1=1;DROP TABLE',1
True,3685.0,"{""Q0"":""solider scold boxer""}",8075.0,scold,PC,y,The doctor is scolded by the professor. ,solider scold boxer,1
True,2792.0,"{""Q0"":""solider chase swimmer""}",21235.0,chase,AC,n,The policeman chases the robber.,solider chase swimmer,1
True,2467.0,"{""Q0"":""boxer pulls man""}",19359.0,pull,PI,n,The waitress is pullen by the pirate. ,boxer pulls man,1
True,4663.0,"{""Q0"":""police scolds dancer""}",6552.0,scold,AC,n,The waitress scolds the boxer.,police scolds dancer,1
True,6396.0,"{""Q0"":""waitress kick thief""}",15660.0,kick,PI,n,The clown is kicken by the nun. ,waitress kick thief,1
True,1708.0,"{""Q0"":""pirate follows sailer""}",18706.0,follow,AC,y,The nun follows the doctor.,pirate follows sailer,1
False,23.0,"{""Q0"":""num follows boxer""}",20364.0,follow,PC,n,The ballerina is followed by the pirate.,num follows boxer,1
True,3422.0,"{""Q0"":""police slaps boxer""}",9273.0,slap,AC,n,The cowboy slaps the ballerina.,police slaps boxer,1
True,139.0,"{""Q0"":""waitress chase doctor""}",7038.0,chase,PC,n,The swimmer is chased by the nun.,waitress chase doctor,1
True,2918.0,"{""Q0"":""nun kiss boxer""}",21750.0,kiss,AC,y,The artist kisses the ballerina.,nun kiss boxer,1
True,519.0,"{""Q0"":""can't see a thing""}",8327.0,kiss,PC,y,The boxer is kissed by the artist.,can't see a thing,1
True,2508.0,"{""Q0"":""painter kiss solider""}",8174.0,kiss,AC,n,The pirate kisses the clown.,painter kiss solider,1
False,28.0,"{""Q0"":""solider slaps dancer""}",7511.0,slap,PC,n,The nurse is slapped by  the policeman.,solider slaps dancer,1
True,411.0,"{""Q0"":""artiest punch nun""}",7749.0,punch,AC,n,The cowboy punches the nun.,artiest punch nun,1
False,4925.0,"{""Q0"":""cowboy pushes dancer""}",10344.0,push,PI,n,The monk is pushen by the policeman.,cowboy pushes dancer,1
True,2589.0,"{""Q0"":""doctor scold sailer""}",7826.0,scold,AC,y,The policeman scolds the doctor.,doctor scold sailer,1
False,79.0,"{""Q0"":""cowboy punches doctor""}",7759.0,punch,PC,y,The ballerina is punched by the artist.,cowboy punches doctor,1
True,3567.0,"{""Q0"":""solider pushes swimmer""}",9233.0,push,AI,y,The chef push the clown.,solider pushes swimmer,1
True,3139.0,"{""Q0"":""cowboy slaps sailer""}",10875.0,slap,PC,y,The clown is slapped by the policeman.,cowboy slaps sailer,1
