resp_iscorrect,verif_rt,responses,descr_rt,T_verb,P_type,verif_ans,P_sentence,clear_responses,isactive
False,9639.0,"{""Q0"":""the pastor kisses the boxer""}",45793.0,kiss,AC,y,The artist kisses the ballerina.,the pastor kisses the boxer,1
True,6947.0,"{""Q0"":""the swimmer is shot by the cook""}",33133.0,shot,PI,y,The ballerina is shooted by the artist. ,the swimmer is shot by the cook,0
False,10920.0,"{""Q0"":""the rob pull the ballerina ""}",45879.0,pull,AI,y,The boxer pull the soldier.,the rob pull the ballerina ,1
True,7063.0,"{""Q0"":""the ballerina is kissed by the pastor""}",28471.0,kiss,PC,y,The boxer is kissed by the artist.,the ballerina is kissed by the pastor,0
True,3242.0,"{""Q0"":""the joker is punched by the artist""}",13283.0,punch,AC,y,The cowboy punches the swimmer.,the joker is punched by the artist,0
True,4562.0,"{""Q0"":""the ballerina is pushed by the cowboy""}",16766.0,push,PI,n,The monk is pushen by the policeman.,the ballerina is pushed by the cowboy,0
False,7033.0,"{""Q0"":""the waitress kicks the joker""}",17594.0,kick,AI,y,The policeman kick the boxer.,the waitress kicks the joker,1
True,3941.0,"{""Q0"":""the boxer is followed by the pastor""}",13341.0,follow,PC,n,The ballerina is followed by the pirate.,the boxer is followed by the pastor,0
True,12769.0,"{""Q0"":""the policeman scolds the ballerina""}",11318.0,scold,AC,n,The waitress scolds the boxer.,the policeman scolds the ballerina,1
True,15112.0,"{""Q0"":""the pastor is tickled by the the waitress""}",17942.0,tickle,PI,y,The robber is ticklen by the soldier. ,the pastor is tickled by the the waitress,0
True,19980.0,"{""Q0"":""the policeman chases the rob""}",9531.0,chase,AC,y,The nun chases the sailor.,the policeman chases the rob,1
True,3873.0,"{""Q0"":""the soldier is followed by the nun""}",17270.0,follow,PC,y,The ballerina is followed by the pirate. ,the soldier is followed by the nun,0
True,6905.0,"{""Q0"":""the waitress tickles the doctor""}",14434.0,tickle,AI,n,The soldier tickle the boxer.,the waitress tickles the doctor,1
True,2871.0,"{""Q0"":""the ballerina is slapped by the cowboy""}",15396.0,slap,PC,n,The nurse is slapped by  the policeman.,the ballerina is slapped by the cowboy,0
True,26276.0,"{""Q0"":""the cowboy pushes the swimmer""}",9798.0,push,AI,y,The chef push the clown.,the cowboy pushes the swimmer,1
True,2912.0,"{""Q0"":""the doctor is punched by the cowboy""}",8791.0,punch,PC,y,The ballerina is punched by the artist.,the doctor is punched by the cowboy,0
False,4903.0,"{""Q0"":""the pirate follows the doctor""}",14357.0,follow,AC,n,The nun follows the cowboy.,the pirate follows the doctor,1
True,3811.0,"{""Q0"":""the clown is touched by the soldier""}",16054.0,touch,PI,y,The doctor is touchen by the waitress.,the clown is touched by the soldier,0
True,2251.0,"{""Q0"":""the pirate follows the sodier""}",13917.0,follow,AC,y,The nun follows the doctor.,the pirate follows the sodier,1
True,3752.0,"{""Q0"":""the boxer is scolded by the policeman""}",10921.0,scold,PC,y,The doctor is scolded by the professor. ,the boxer is scolded by the policeman,0
True,3378.0,"{""Q0"":""the soldier slaps the boxer""}",9814.0,slap,AC,n,The cowboy slaps the ballerina.,the soldier slaps the boxer,1
False,6351.0,"{""Q0"":""the thief is chased by the pirate""}",43165.0,chase,PC,y,The monk is chased by the policeman.,the thief is chased by the pirate,0
True,2297.0,"{""Q0"":""the soldier chases the swimmer""}",9018.0,chase,AC,n,The policeman chases the robber.,the soldier chases the swimmer,1
True,4512.0,"{""Q0"":""the doctor is chased by the waitress""}",8933.0,chase,PC,n,The swimmer is chased by the nun.,the doctor is chased by the waitress,0
True,3028.0,"{""Q0"":""the artist punches the monk""}",16460.0,punch,AC,n,The cowboy punches the nun.,the artist punches the monk,1
True,2474.0,"{""Q0"":""the thief is kicked by the waitress""}",11235.0,kick,PI,n,The clown is kicken by the nun. ,the thief is kicked by the waitress,0
True,3980.0,"{""Q0"":""the soldier slaps the swimmer""}",9382.0,slap,AC,y,The cowboy slaps the professor.,the soldier slaps the swimmer,1
True,2428.0,"{""Q0"":""the clown is kissed by the artist""}",9419.0,kiss,PC,n,The monk is kissed by the swimmer.,the clown is kissed by the artist,0
True,8904.0,"{""Q0"":""the cook shoot the boxer""}",8051.0,shoot,AI,n,The actress shoot the robber. ,the cook shoot the boxer,1
True,2360.0,"{""Q0"":""the soldier is scolded by the professor""}",11292.0,scold,PC,n,The monk is scolded by the swimmer. ,the soldier is scolded by the professor,0
True,3440.0,"{""Q0"":""the professor scolds the soldier""}",11116.0,scold,AC,y,The policeman scolds the doctor.,the professor scolds the soldier,1
True,14327.0,"{""Q0"":""the sailor is slapped by the cowboy""}",15573.0,slap,PC,y,The clown is slapped by the policeman.,the sailor is slapped by the cowboy,0
True,4663.0,"{""Q0"":""the sailor touches the swimmer""}",9917.0,touch,AI,n,The waitress touch the professor.,the sailor touches the swimmer,1
True,2557.0,"{""Q0"":""the clown is pulled by the boxer""}",22608.0,pull,PI,n,The waitress is pullen by the pirate. ,the clown is pulled by the boxer,0
True,3223.0,"{""Q0"":""the artist kisses the soldier""}",13075.0,kiss,AC,n,The pirate kisses the clown.,the artist kisses the soldier,1
True,2176.0,"{""Q0"":""the ballerina is punched by the cowboy""}",14064.0,punch,PC,n,The policeman is punched by the artist.,the ballerina is punched by the cowboy,0
