resp_iscorrect,verif_rt,responses,descr_rt,T_verb,P_type,verif_ans,P_sentence,clear_responses,isactive
True,14643.0,"{""Q0"":""the cook shots the boxer""}",16028.0,shoot,AI,n,The actress shoot the robber. ,the cook shots the boxer,1
False,21528.0,"{""Q0"":""the cowboy hits a dancer""}",25175.0,punch,PC,n,The policeman is punched by the artist.,the cowboy hits a dancer,1
True,5695.0,"{""Q0"":""the artist kisses the soldier""}",20972.0,kiss,AC,n,The pirate kisses the clown.,the artist kisses the soldier,1
False,15593.0,"{""Q0"":""the soldier wants to touch a clown""}",26038.0,touch,PI,y,The doctor is touchen by the waitress.,the soldier wants to touch a clown,1
True,4608.0,"{""Q0"":""the teacher scolds the soldier""}",22172.0,scold,AC,y,The policeman scolds the doctor.,the teacher scolds the soldier,1
False,8178.0,"{""Q0"":""the boxer is scolded by the policeman""}",19066.0,scold,PC,y,The doctor is scolded by the professor. ,the boxer is scolded by the policeman,0
True,3278.0,"{""Q0"":""the artist punches the clown""}",16127.0,punch,AC,y,The cowboy punches the swimmer.,the artist punches the clown,1
True,4847.0,"{""Q0"":""the thief is chased by the pirate""}",16220.0,chase,PC,y,The monk is chased by the policeman.,the thief is chased by the pirate,0
True,3486.0,"{""Q0"":""the swimmer is chased by the policeman""}",13291.0,chase,AC,n,The policeman chases the robber.,the swimmer is chased by the policeman,0
True,6200.0,"{""Q0"":""the non is following a soldier""}",28752.0,follow,PC,y,The ballerina is followed by the pirate. ,the non is following a soldier,1
True,10208.0,"{""Q0"":""the artist punches the man""}",38083.0,punch,AC,n,The cowboy punches the nun.,the artist punches the man,1
True,3415.0,"{""Q0"":""the doctor is punched by the cowboy""}",14961.0,punch,PC,y,The ballerina is punched by the artist.,the doctor is punched by the cowboy,0
True,4725.0,"{""Q0"":""policeman chases the thief""}",15503.0,chase,AC,y,The nun chases the sailor.,policeman chases the thief,1
True,2916.0,"{""Q0"":""the sailor is slapped by the cowboy""}",16843.0,slap,PC,y,The clown is slapped by the policeman.,the sailor is slapped by the cowboy,0
True,8077.0,"{""Q0"":""the cowboy pushes the swimmer""}",19569.0,push,AI,y,The chef push the clown.,the cowboy pushes the swimmer,1
True,9672.0,"{""Q0"":""the waitress is tickling a man""}",28439.0,tickle,PI,y,The robber is ticklen by the soldier. ,the waitress is tickling a man,1
True,5452.0,"{""Q0"":""the pirate is following a doctor""}",15552.0,follow,AC,n,The nun follows the cowboy.,the pirate is following a doctor,1
True,5978.0,"{""Q0"":""the chef shots a swimmer""}",11570.0,shot,PI,y,The ballerina is shooted by the artist. ,the chef shots a swimmer,1
True,4618.0,"{""Q0"":""the soldier is followed by a pirate""}",16617.0,follow,AC,y,The nun follows the doctor.,the soldier is followed by a pirate,0
True,3840.0,"{""Q0"":""the nun is following a boxer""}",14377.0,follow,PC,n,The ballerina is followed by the pirate.,the nun is following a boxer,1
True,5984.0,"{""Q0"":""the waitress kicks a clown""}",16120.0,kick,AI,y,The policeman kick the boxer.,the waitress kicks a clown,1
True,6012.0,"{""Q0"":""the nun kisses a dancer""}",14551.0,kiss,PC,y,The boxer is kissed by the artist.,the nun kisses a dancer,1
False,4469.0,"{""Q0"":""the pirate pulls the dancer""}",14306.0,pull,AI,y,The boxer pull the soldier.,the pirate pulls the dancer,1
True,4096.0,"{""Q0"":""the clown is kissed by the artist""}",15703.0,kiss,PC,n,The monk is kissed by the swimmer.,the clown is kissed by the artist,0
True,3085.0,"{""Q0"":""policeman touches a swimmer""}",10741.0,touch,AI,n,The waitress touch the professor.,policeman touches a swimmer,1
True,4846.0,"{""Q0"":""the doctor is chased by a waitress""}",18079.0,chase,PC,n,The swimmer is chased by the nun.,the doctor is chased by a waitress,0
True,3241.0,"{""Q0"":""the boxer is slapped by the policeman""}",17805.0,slap,AC,n,The cowboy slaps the ballerina.,the boxer is slapped by the policeman,0
True,7925.0,"{""Q0"":""the cowboy pushes the dancer""}",16569.0,push,PI,n,The monk is pushen by the policeman.,the cowboy pushes the dancer,1
True,3051.0,"{""Q0"":""the nun kisses the boxer""}",14726.0,kiss,AC,y,The artist kisses the ballerina.,the nun kisses the boxer,1
True,2978.0,"{""Q0"":""the clown is pulled by the boxer""}",13755.0,pull,PI,n,The waitress is pullen by the pirate. ,the clown is pulled by the boxer,0
True,6451.0,"{""Q0"":""the waitress tickles the doctor""}",17435.0,tickle,AI,n,The soldier tickle the boxer.,the waitress tickles the doctor,1
True,4920.0,"{""Q0"":""the dancer is slapped by the cowboy""}",12774.0,slap,PC,n,The nurse is slapped by  the policeman.,the dancer is slapped by the cowboy,0
True,5524.0,"{""Q0"":""the policeman scolds the dancer""}",12809.0,scold,AC,n,The waitress scolds the boxer.,the policeman scolds the dancer,1
True,6161.0,"{""Q0"":""the teacher scolds the soldier""}",18977.0,scold,PC,n,The monk is scolded by the swimmer. ,the teacher scolds the soldier,1
True,3336.0,"{""Q0"":""the policeman slaps the swimmer""}",13205.0,slap,AC,y,The cowboy slaps the professor.,the policeman slaps the swimmer,1
True,4172.0,"{""Q0"":""the thief is kicked by the waitress""}",13904.0,kick,PI,n,The clown is kicken by the nun. ,the thief is kicked by the waitress,0
