resp_iscorrect,verif_rt,responses,descr_rt,T_verb,P_type,verif_ans,P_sentence,clear_responses,isactive
True,4532.0,"{""Q0"":""the cop is scolding the ballerina ""}",11058.0,scold,AC,n,The waitress scolds the boxer.,the cop is scolding the ballerina ,1
True,4084.0,"{""Q0"":""the cowboy is punching the ballerina ""}",13914.0,punch,PC,n,The policeman is punched by the artist.,the cowboy is punching the ballerina ,1
True,1915.0,"{""Q0"":""the policeman slaps the boxer ""}",10406.0,slap,AC,n,The cowboy slaps the ballerina.,the policeman slaps the boxer ,1
True,5960.0,"{""Q0"":""the sailor touches the clown ""}",7347.0,touch,PI,y,The doctor is touchen by the waitress.,the sailor touches the clown ,1
True,1683.0,"{""Q0"":""the waitress kicks the clown ""}",8003.0,kick,AI,y,The policeman kick the boxer.,the waitress kicks the clown ,1
True,2788.0,"{""Q0"":""the policeman scolds the boxer""}",8222.0,scold,PC,y,The doctor is scolded by the professor. ,the policeman scolds the boxer,1
True,2154.0,"{""Q0"":""the policeman chases the burglar ""}",9452.0,chase,AC,y,The nun chases the sailor.,the policeman chases the burglar ,1
False,2542.0,"{""Q0"":""the cowboy pushes the ballerina ""}",8757.0,push,PI,n,The monk is pushen by the policeman.,the cowboy pushes the ballerina ,1
True,3952.0,"{""Q0"":""the pirate follows the doctor""}",10336.0,follow,AC,n,The nun follows the cowboy.,the pirate follows the doctor,1
True,2072.0,"{""Q0"":""the nun kisses the ballerina ""}",7516.0,kiss,PC,y,The boxer is kissed by the artist.,the nun kisses the ballerina ,1
True,2713.0,"{""Q0"":""the policeman chases the swimmer""}",10215.0,chase,AC,n,The policeman chases the robber.,the policeman chases the swimmer,1
True,2168.0,"{""Q0"":""the waitress kicks the burglar""}",11519.0,kick,PI,n,The clown is kicken by the nun. ,the waitress kicks the burglar,1
True,2047.0,"{""Q0"":""the artist punches the clown ""}",8980.0,punch,AC,y,The cowboy punches the swimmer.,the artist punches the clown ,1
True,2345.0,"{""Q0"":""the nun follows the boxer""}",7884.0,follow,PC,n,The ballerina is followed by the pirate.,the nun follows the boxer,1
True,2366.0,"{""Q0"":""the sailor touches the swimmer""}",7165.0,touch,AI,n,The waitress touch the professor.,the sailor touches the swimmer,1
True,1930.0,"{""Q0"":""the cowboy slaps the sailor""}",8889.0,slap,PC,y,The clown is slapped by the policeman.,the cowboy slaps the sailor,1
True,2966.0,"{""Q0"":""the policeman slaps the swimmer""}",6448.0,slap,AC,y,The cowboy slaps the professor.,the policeman slaps the swimmer,1
True,6589.0,"{""Q0"":""the monk is ticklen by the waitress ""}",9104.0,tickle,PI,y,The robber is ticklen by the soldier. ,the monk is ticklen by the waitress ,1
True,1623.0,"{""Q0"":""the pirate pulls the ballerina ""}",8839.0,pull,AI,y,The boxer pull the soldier.,the pirate pulls the ballerina ,1
True,24848.0,"{""Q0"":""the chef shooted the swimmer""}",16024.0,shot,PI,y,The ballerina is shooted by the artist. ,the chef shooted the swimmer,1
True,12632.0,"{""Q0"":""the cowboy push the swimmer""}",7999.0,push,AI,y,The chef push the clown.,the cowboy push the swimmer,1
True,2453.0,"{""Q0"":""the ballerina is slapped by the cowboy""}",11559.0,slap,PC,n,The nurse is slapped by  the policeman.,the ballerina is slapped by the cowboy,0
True,2007.0,"{""Q0"":""the artist punches the monk""}",8014.0,punch,AC,n,The cowboy punches the nun.,the artist punches the monk,1
True,2283.0,"{""Q0"":""the doctor is punched by the cowboy""}",10129.0,punch,PC,y,The ballerina is punched by the artist.,the doctor is punched by the cowboy,0
True,2385.0,"{""Q0"":""the waitress tickle doctor ""}",9940.0,tickle,AI,n,The soldier tickle the boxer.,the waitress tickle doctor ,1
True,3420.0,"{""Q0"":""the soldier is scolded by professor ""}",11896.0,scold,PC,n,The monk is scolded by the swimmer. ,the soldier is scolded by professor ,0
True,2631.0,"{""Q0"":""the pirate follows the sailor ""}",9808.0,follow,AC,y,The nun follows the doctor.,the pirate follows the sailor ,1
True,2052.0,"{""Q0"":""the waitress chases the doctor ""}",10271.0,chase,PC,n,The swimmer is chased by the nun.,the waitress chases the doctor ,1
True,3180.0,"{""Q0"":""the professor scolds the sailor ""}",7737.0,scold,AC,y,The policeman scolds the doctor.,the professor scolds the sailor ,1
True,2875.0,"{""Q0"":""the soldier is followed by the nun""}",8406.0,follow,PC,y,The ballerina is followed by the pirate. ,the soldier is followed by the nun,0
True,3338.0,"{""Q0"":""the artist kisses the soldier""}",7115.0,kiss,AC,n,The pirate kisses the clown.,the artist kisses the soldier,1
True,2383.0,"{""Q0"":""the burglar is chased by the pirate""}",9806.0,chase,PC,y,The monk is chased by the policeman.,the burglar is chased by the pirate,0
True,2930.0,"{""Q0"":""the nun kisses the boxer""}",7774.0,kiss,AC,y,The artist kisses the ballerina.,the nun kisses the boxer,1
True,2312.0,"{""Q0"":""the artist kisses the clown ""}",8908.0,kiss,PC,n,The monk is kissed by the swimmer.,the artist kisses the clown ,1
True,1657.0,"{""Q0"":""the chef shoots the boxer""}",10608.0,shoot,AI,n,The actress shoot the robber. ,the chef shoots the boxer,1
True,1953.0,"{""Q0"":""the boxer pulls the clown ""}",11779.0,pull,PI,n,The waitress is pullen by the pirate. ,the boxer pulls the clown ,1
