resp_iscorrect,verif_rt,responses,descr_rt,T_verb,P_type,verif_ans,P_sentence,clear_responses,isactive
True,9488.0,"{""Q0"":""the artist kisses the soldier""}",14624.0,kiss,AC,n,The pirate kisses the clown.,the artist kisses the soldier,1
True,6858.0,"{""Q0"":""the cowboy punches the ballerina""}",17142.0,punch,PC,n,The policeman is punched by the artist.,the cowboy punches the ballerina,1
True,4788.0,"{""Q0"":""the waitress tickles the doctor""}",23099.0,tickle,AI,n,The soldier tickle the boxer.,the waitress tickles the doctor,1
True,3690.0,"{""Q0"":""the boxer is pulling the clown""}",16764.0,pull,PI,n,The waitress is pullen by the pirate. ,the boxer is pulling the clown,1
True,3335.0,"{""Q0"":""the artist punches the clown""}",27829.0,punch,AC,y,The cowboy punches the swimmer.,the artist punches the clown,1
True,3645.0,"{""Q0"":""the doctor is chased by the waitress""}",22333.0,chase,PC,n,The swimmer is chased by the nun.,the doctor is chased by the waitress,0
True,2956.0,"{""Q0"":""the waitress kicked the clown""}",15093.0,kick,AI,y,The policeman kick the boxer.,the waitress kicked the clown,1
True,4834.0,"{""Q0"":""the priest is tickled by the waitress""}",27741.0,tickle,PI,y,The robber is ticklen by the soldier. ,the priest is tickled by the waitress,0
True,2508.0,"{""Q0"":""the cowboy pushes the swimmer""}",20208.0,push,AI,y,The chef push the clown.,the cowboy pushes the swimmer,1
True,3897.0,"{""Q0"":""the nun is following the soldier""}",17763.0,follow,PC,y,The ballerina is followed by the pirate. ,the nun is following the soldier,1
True,7023.0,"{""Q0"":""the police chases the robber""}",16347.0,chase,AC,y,The nun chases the sailor.,the police chases the robber,1
True,5787.0,"{""Q0"":""the sailor touches the clown""}",17372.0,touch,PI,y,The doctor is touchen by the waitress.,the sailor touches the clown,1
True,3697.0,"{""Q0"":""the chef shoots the boxer""}",12182.0,shoot,AI,n,The actress shoot the robber. ,the chef shoots the boxer,1
True,3075.0,"{""Q0"":""the nun follows the boxer""}",20651.0,follow,PC,n,The ballerina is followed by the pirate.,the nun follows the boxer,1
True,15028.0,"{""Q0"":""the nun is kissing the boxer""}",22944.0,kiss,AC,y,The artist kisses the ballerina.,the nun is kissing the boxer,1
True,6653.0,"{""Q0"":""the cowboy pushes the ballerina""}",20984.0,push,PI,n,The monk is pushen by the policeman.,the cowboy pushes the ballerina,1
True,4257.0,"{""Q0"":""the policeman slaps the swimmer""}",13247.0,slap,AC,y,The cowboy slaps the professor.,the policeman slaps the swimmer,1
True,2403.0,"{""Q0"":""the doctor gets punched by the cowboy""}",18581.0,punch,PC,y,The ballerina is punched by the artist.,the doctor gets punched by the cowboy,1
True,3853.0,"{""Q0"":""the sailor touches the swimmer""}",18372.0,touch,AI,n,The waitress touch the professor.,the sailor touches the swimmer,1
True,6502.0,"{""Q0"":""the nun is going to kiss the ballerina""}",22267.0,kiss,PC,y,The boxer is kissed by the artist.,the nun is going to kiss the ballerina,0
True,9045.0,"{""Q0"":""the pirate pulls the ballerina""}",13328.0,pull,AI,y,The boxer pull the soldier.,the pirate pulls the ballerina,1
True,3527.0,"{""Q0"":""the cowboy slaps the ballerina""}",20246.0,slap,PC,n,The nurse is slapped by  the policeman.,the cowboy slaps the ballerina,1
True,4012.0,"{""Q0"":""the pirate follows the doctor""}",21579.0,follow,AC,n,The nun follows the cowboy.,the pirate follows the doctor,1
True,4864.0,"{""Q0"":""the policeman scolds the boxer""}",16027.0,scold,PC,y,The doctor is scolded by the professor. ,the policeman scolds the boxer,1
True,3282.0,"{""Q0"":""the pirate follows the sailor""}",15277.0,follow,AC,y,The nun follows the doctor.,the pirate follows the sailor,1
True,3474.0,"{""Q0"":""the sailor is slapped by the cowboy""}",13370.0,slap,PC,y,The clown is slapped by the policeman.,the sailor is slapped by the cowboy,0
True,16837.0,"{""Q0"":""the professor scolds the sailor""}",17851.0,scold,AC,y,The policeman scolds the doctor.,the professor scolds the sailor,1
False,10628.0,"{""Q0"":""the swimmer is shot by the chef""}",18002.0,shot,PI,y,The ballerina is shooted by the artist. ,the swimmer is shot by the chef,0
True,3565.0,"{""Q0"":""the policeman chases the swimmer""}",15788.0,chase,AC,n,The policeman chases the robber.,the policeman chases the swimmer,1
True,3109.0,"{""Q0"":""the clown is kissed by the artist""}",13219.0,kiss,PC,n,The monk is kissed by the swimmer.,the clown is kissed by the artist,0
True,3548.0,"{""Q0"":""the policeman slaps the boxer""}",14204.0,slap,AC,n,The cowboy slaps the ballerina.,the policeman slaps the boxer,1
True,3838.0,"{""Q0"":""the robber is chased by the pirate""}",12935.0,chase,PC,y,The monk is chased by the policeman.,the robber is chased by the pirate,0
True,10141.0,"{""Q0"":""the artist punches the monk""}",16369.0,punch,AC,n,The cowboy punches the nun.,the artist punches the monk,1
True,4999.0,"{""Q0"":""the waitress kicks the robber""}",30147.0,kick,PI,n,The clown is kicken by the nun. ,the waitress kicks the robber,1
True,2054.0,"{""Q0"":""the policeman scolds the ballerina""}",11679.0,scold,AC,n,The waitress scolds the boxer.,the policeman scolds the ballerina,1
True,8559.0,"{""Q0"":""the picture didn't load""}",106467.0,scold,PC,n,The monk is scolded by the swimmer. ,the picture didn't load,1
