resp_iscorrect,verif_rt,responses,descr_rt,T_verb,P_type,verif_ans,P_sentence,clear_responses,isactive
True,5527.0,"{""Q0"":""the police man chase a person""}",24949.0,chase,AC,n,The policeman chases the robber.,the police man chase a person,1
True,4540.0,"{""Q0"":""the cowboy slap the dancer""}",14806.0,slap,PC,n,The nurse is slapped by  the policeman.,the cowboy slap the dancer,1
True,2845.0,"{""Q0"":""the women kiss the boxer""}",24145.0,kiss,AC,y,The artist kisses the ballerina.,the women kiss the boxer,1
True,4327.0,"{""Q0"":""the waitress tickle the priest ""}",21652.0,tickle,PI,y,The robber is ticklen by the soldier. ,the waitress tickle the priest ,1
True,6953.0,"{""Q0"":""the artist punch the priest""}",19772.0,punch,AC,n,The cowboy punches the nun.,the artist punch the priest,1
True,2704.0,"{""Q0"":""the police scold the boxer""}",14812.0,scold,PC,y,The doctor is scolded by the professor. ,the police scold the boxer,1
False,7106.0,"{""Q0"":""the artist kiss the soldier""}",20938.0,kiss,AC,n,The pirate kisses the clown.,the artist kiss the soldier,1
True,4376.0,"{""Q0"":""the cowboy punch the ballet dancer""}",31643.0,punch,PC,n,The policeman is punched by the artist.,the cowboy punch the ballet dancer,1
True,9988.0,"{""Q0"":""the pirate pull the dancer""}",24094.0,pull,AI,y,The boxer pull the soldier.,the pirate pull the dancer,1
True,4902.0,"{""Q0"":""the cowboy punch the doctor""}",12267.0,punch,PC,y,The ballerina is punched by the artist.,the cowboy punch the doctor,1
True,1864.0,"{""Q0"":""the cowboy push the swimmer""}",15832.0,push,AI,y,The chef push the clown.,the cowboy push the swimmer,1
True,7329.0,"{""Q0"":""the priest following the boxer""}",18009.0,follow,PC,n,The ballerina is followed by the pirate.,the priest following the boxer,1
True,2935.0,"{""Q0"":""the waitress tickle the doctor""}",18843.0,tickle,AI,n,The soldier tickle the boxer.,the waitress tickle the doctor,1
True,5255.0,"{""Q0"":""the waitress kick the robber""}",15520.0,kick,PI,n,The clown is kicken by the nun. ,the waitress kick the robber,1
True,3138.0,"{""Q0"":""the police chase the robber""}",17293.0,chase,AC,y,The nun chases the sailor.,the police chase the robber,1
True,2834.0,"{""Q0"":""the waitress chase the doctor""}",13238.0,chase,PC,n,The swimmer is chased by the nun.,the waitress chase the doctor,1
True,4258.0,"{""Q0"":""the artist punch the clown ""}",15560.0,punch,AC,y,The cowboy punches the swimmer.,the artist punch the clown ,1
True,2889.0,"{""Q0"":""the chef is shooting the swimmer""}",17099.0,shot,PI,y,The ballerina is shooted by the artist. ,the chef is shooting the swimmer,1
True,3308.0,"{""Q0"":""the police slap the swimmer""}",13200.0,slap,AC,y,The cowboy slaps the professor.,the police slap the swimmer,1
True,3188.0,"{""Q0"":""the professor scold the solider ""}",25288.0,scold,PC,n,The monk is scolded by the swimmer. ,the professor scold the solider ,1
True,3203.0,"{""Q0"":""the police scold the dancer""}",22333.0,scold,AC,n,The waitress scolds the boxer.,the police scold the dancer,1
True,5043.0,"{""Q0"":""the clown is touched by the sailor ""}",18372.0,touch,PI,y,The doctor is touchen by the waitress.,the clown is touched by the sailor ,0
True,11112.0,"{""Q0"":""the chef shoot the boxer""}",11550.0,shoot,AI,n,The actress shoot the robber. ,the chef shoot the boxer,1
True,2552.0,"{""Q0"":""the sailor is slapped by the cowboy ""}",26633.0,slap,PC,y,The clown is slapped by the policeman.,the sailor is slapped by the cowboy ,0
True,2240.0,"{""Q0"":""the private follow the doctor ""}",22983.0,follow,AC,n,The nun follows the cowboy.,the private follow the doctor ,1
True,2165.0,"{""Q0"":""the nun kiss the dancer""}",10257.0,kiss,PC,y,The boxer is kissed by the artist.,the nun kiss the dancer,1
True,1919.0,"{""Q0"":""the cowboy  follow the sailor""}",35067.0,follow,AC,y,The nun follows the doctor.,the cowboy  follow the sailor,1
True,8263.0,"{""Q0"":""the boxer pulling the clown""}",16567.0,pull,PI,n,The waitress is pullen by the pirate. ,the boxer pulling the clown,1
True,1979.0,"{""Q0"":""the police slap the boxer""}",11724.0,slap,AC,n,The cowboy slaps the ballerina.,the police slap the boxer,1
True,5048.0,"{""Q0"":""the artist kiss the clown""}",18255.0,kiss,PC,n,The monk is kissed by the swimmer.,the artist kiss the clown,1
True,1787.0,"{""Q0"":""the clown got kicked by the waitress""}",16023.0,kick,AI,y,The policeman kick the boxer.,the clown got kicked by the waitress,1
False,4705.0,"{""Q0"":""the pirate chasing the robber""}",10967.0,chase,PC,y,The monk is chased by the policeman.,the pirate chasing the robber,1
True,1991.0,"{""Q0"":""the professor scold the sailor ""}",19341.0,scold,AC,y,The policeman scolds the doctor.,the professor scold the sailor ,1
False,3280.0,"{""Q0"":""the nun follow the soldier ""}",25442.0,follow,PC,y,The ballerina is followed by the pirate. ,the nun follow the soldier ,1
True,2214.0,"{""Q0"":""the sailor touch the swimmer""}",19284.0,touch,AI,n,The waitress touch the professor.,the sailor touch the swimmer,1
True,5353.0,"{""Q0"":""the cowboy push the ballerina""}",20047.0,push,PI,n,The monk is pushen by the policeman.,the cowboy push the ballerina,1
