resp_iscorrect,verif_rt,responses,descr_rt,T_verb,P_type,verif_ans,P_sentence,clear_responses,isactive
False,3483.0,"{""Q0"":""the artist punches a man""}",24765.0,punch,AC,n,The cowboy punches the nun.,the artist punches a man,1
False,15457.0,"{""Q0"":""a soldier is scolded by a professor""}",41651.0,scold,PC,n,The monk is scolded by the swimmer. ,a soldier is scolded by a professor,0
True,13007.0,"{""Q0"":""a fireman chases a swimmer""}",22767.0,chase,AC,n,The policeman chases the robber.,a fireman chases a swimmer,1
False,4941.0,"{""Q0"":""a waitress chases a doctor""}",19728.0,chase,PC,n,The swimmer is chased by the nun.,a waitress chases a doctor,1
True,2457.0,"{""Q0"":""a policeman slaps a swimmer.""}",17458.0,slap,AC,y,The cowboy slaps the professor.,a policeman slaps a swimmer.,1
True,6311.0,"{""Q0"":""The cowboy slaps the sailor.""}",25236.0,slap,PC,y,The clown is slapped by the policeman.,The cowboy slaps the sailor.,1
True,23020.0,"{""Q0"":""The waitress tickles the doctor.""}",22614.0,tickle,AI,n,The soldier tickle the boxer.,The waitress tickles the doctor.,1
True,4270.0,"{""Q0"":""The waitress tickles the monk.""}",27722.0,tickle,PI,y,The robber is ticklen by the soldier. ,The waitress tickles the monk.,1
True,11048.0,"{""Q0"":""A pirate follows a doctor.""}",45746.0,follow,AC,n,The nun follows the cowboy.,A pirate follows a doctor.,1
True,3659.0,"{""Q0"":""The policeman scold the boxer.""}",20274.0,scold,PC,y,The doctor is scolded by the professor. ,The policeman scold the boxer.,1
True,2778.0,"{""Q0"":""The cowboy pushes the swimmer.""}",17113.0,push,AI,y,The chef push the clown.,The cowboy pushes the swimmer.,1
True,4435.0,"{""Q0"":""The chef shoots the swimmer.""}",14903.0,shot,PI,y,The ballerina is shooted by the artist. ,The chef shoots the swimmer.,1
True,7046.0,"{""Q0"":""The artist kisses the soldier.""}",14756.0,kiss,AC,n,The pirate kisses the clown.,The artist kisses the soldier.,1
False,6542.0,"{""Q0"":""The artist kisses the clown.""}",18060.0,kiss,PC,n,The monk is kissed by the swimmer.,The artist kisses the clown.,1
True,7731.0,"{""Q0"":""The fireman scolds the dancer.""}",19483.0,scold,AC,n,The waitress scolds the boxer.,The fireman scolds the dancer.,1
True,5809.0,"{""Q0"":""The sailor touches the clown.""}",17459.0,touch,PI,y,The doctor is touchen by the waitress.,The sailor touches the clown.,1
True,4215.0,"{""Q0"":""The pirate follows the sailor.""}",16016.0,follow,AC,y,The nun follows the doctor.,The pirate follows the sailor.,1
False,9861.0,"{""Q0"":""The dancer is pushed by a cowboy.""}",20827.0,push,PI,n,The monk is pushen by the policeman.,The dancer is pushed by a cowboy.,0
False,8593.0,"{""Q0"":""The chef shoots.""}",16924.0,shoot,AI,n,The actress shoot the robber. ,The chef shoots.,1
True,4352.0,"{""Q0"":""The pirate chases a thief.""}",16041.0,chase,PC,y,The monk is chased by the policeman.,The pirate chases a thief.,1
True,1832.0,"{""Q0"":""A waitress kicks a clown.""}",19302.0,kick,AI,y,The policeman kick the boxer.,A waitress kicks a clown.,1
False,5968.0,"{""Q0"":""A cowboy slaps a dancer.""}",12877.0,slap,PC,n,The nurse is slapped by  the policeman.,A cowboy slaps a dancer.,1
True,2265.0,"{""Q0"":""A pirate pulls a dancer.""}",17665.0,pull,AI,y,The boxer pull the soldier.,A pirate pulls a dancer.,1
True,4190.0,"{""Q0"":""The cowboy punches a doctor.""}",26170.0,punch,PC,y,The ballerina is punched by the artist.,The cowboy punches a doctor.,1
False,3513.0,"{""Q0"":""A sailor touches a swimmer. ""}",22489.0,touch,AI,n,The waitress touch the professor.,A sailor touches a swimmer. ,1
False,5936.0,"{""Q0"":""The boxer pulls a clown.""}",18893.0,pull,PI,n,The waitress is pullen by the pirate. ,The boxer pulls a clown.,1
False,2967.0,"{""Q0"":""The policeman slaps a boxer. ""}",16820.0,slap,AC,n,The cowboy slaps the ballerina.,The policeman slaps a boxer. ,1
False,8408.0,"{""Q0"":""The monk follows a boxer.""}",19370.0,follow,PC,n,The ballerina is followed by the pirate.,The monk follows a boxer.,1
True,1520.0,"{""Q0"":""The monk kisses a boxer.""}",17616.0,kiss,AC,y,The artist kisses the ballerina.,The monk kisses a boxer.,1
True,2752.0,"{""Q0"":""The monk kisses a dancer.""}",10658.0,kiss,PC,y,The boxer is kissed by the artist.,The monk kisses a dancer.,1
True,2278.0,"{""Q0"":""The artist punches a clown.""}",16462.0,punch,AC,y,The cowboy punches the swimmer.,The artist punches a clown.,1
True,5451.0,"{""Q0"":""The cowboy punches a dancer.""}",11230.0,punch,PC,n,The policeman is punched by the artist.,The cowboy punches a dancer.,1
True,1970.0,"{""Q0"":""The professor scolds a sailor.""}",20213.0,scold,AC,y,The policeman scolds the doctor.,The professor scolds a sailor.,1
False,5322.0,"{""Q0"":""The thief is kicked by a waitress.""}",18869.0,kick,PI,n,The clown is kicken by the nun. ,The thief is kicked by a waitress.,0
True,13056.0,"{""Q0"":""The policeman chases a thief.""}",19137.0,chase,AC,y,The nun chases the sailor.,The policeman chases a thief.,1
True,2496.0,"{""Q0"":""The nun follows a soldier.""}",13076.0,follow,PC,y,The ballerina is followed by the pirate. ,The nun follows a soldier.,1
