resp_iscorrect,verif_rt,responses,descr_rt,T_verb,P_type,verif_ans,P_sentence,clear_responses,isactive
True,2396.0,"{""Q0"":""professor scolds sailor ""}",35426.0,scold,AC,y,The policeman scolds the doctor.,professor scolds sailor ,1
True,5022.0,"{""Q0"":""doctor is chased by the waitress ""}",14874.0,chase,PC,n,The swimmer is chased by the nun.,doctor is chased by the waitress ,0
True,1823.0,"{""Q0"":""waitress kicks clown ""}",10530.0,kick,AI,y,The policeman kick the boxer.,waitress kicks clown ,1
True,4137.0,"{""Q0"":""painter kisses clown ""}",13937.0,kiss,PC,n,The monk is kissed by the swimmer.,painter kisses clown ,1
True,2091.0,"{""Q0"":""policeman chases swimmer ""}",9254.0,chase,AC,n,The policeman chases the robber.,policeman chases swimmer ,1
True,2523.0,"{""Q0"":""boxer is followed by the nun""}",8748.0,follow,PC,n,The ballerina is followed by the pirate.,boxer is followed by the nun,0
True,1852.0,"{""Q0"":""the ballerina is scolded by policeman""}",13247.0,scold,AC,n,The waitress scolds the boxer.,the ballerina is scolded by policeman,0
True,1581.0,"{""Q0"":""clown is touched by sailor ""}",11894.0,touch,PI,y,The doctor is touchen by the waitress.,clown is touched by sailor ,0
True,2165.0,"{""Q0"":""policeman slaps boxer ""}",14479.0,slap,AC,n,The cowboy slaps the ballerina.,policeman slaps boxer ,1
True,1821.0,"{""Q0"":""priest is tickled by waitress ""}",18226.0,tickle,PI,y,The robber is ticklen by the soldier. ,priest is tickled by waitress ,0
True,2614.0,"{""Q0"":""cowboy pushes swimmer ""}",9954.0,push,AI,y,The chef push the clown.,cowboy pushes swimmer ,1
False,10320.0,"{""Q0"":""swimmer is shot by chef ""}",7690.0,shot,PI,y,The ballerina is shooted by the artist. ,swimmer is shot by chef ,0
True,1909.0,"{""Q0"":""painter kisses soldier ""}",8749.0,kiss,AC,n,The pirate kisses the clown.,painter kisses soldier ,1
True,1852.0,"{""Q0"":""robber is kicked by waitress ""}",6759.0,kick,PI,n,The clown is kicken by the nun. ,robber is kicked by waitress ,0
True,3377.0,"{""Q0"":""nun kisses boxer ""}",6251.0,kiss,AC,y,The artist kisses the ballerina.,nun kisses boxer ,1
True,2222.0,"{""Q0"":""nun kisses ballerina ""}",7815.0,kiss,PC,y,The boxer is kissed by the artist.,nun kisses ballerina ,1
True,1764.0,"{""Q0"":""sailor touches swimmer ""}",7896.0,touch,AI,n,The waitress touch the professor.,sailor touches swimmer ,1
True,2460.0,"{""Q0"":""policeman scolds boxer ""}",8495.0,scold,PC,y,The doctor is scolded by the professor. ,policeman scolds boxer ,1
False,3041.0,"{""Q0"":""pirate pulls the ballerina ""}",7499.0,pull,AI,y,The boxer pull the soldier.,pirate pulls the ballerina ,1
True,2718.0,"{""Q0"":""cowboy punches doctor ""}",8036.0,punch,PC,y,The ballerina is punched by the artist.,cowboy punches doctor ,1
True,5327.0,"{""Q0"":""policeman chases robber ""}",7929.0,chase,AC,y,The nun chases the sailor.,policeman chases robber ,1
True,2007.0,"{""Q0"":""cowboy punches ballerina ""}",8725.0,punch,PC,n,The policeman is punched by the artist.,cowboy punches ballerina ,1
True,1196.0,"{""Q0"":""artist punches the priest ""}",13386.0,punch,AC,n,The cowboy punches the nun.,artist punches the priest ,1
True,2237.0,"{""Q0"":""boxer pulls clown ""}",10558.0,pull,PI,n,The waitress is pullen by the pirate. ,boxer pulls clown ,1
True,1715.0,"{""Q0"":""pirate follows doctor ""}",7398.0,follow,AC,n,The nun follows the cowboy.,pirate follows doctor ,1
True,2543.0,"{""Q0"":""cowboy slaps ballerina ""}",7871.0,slap,PC,n,The nurse is slapped by  the policeman.,cowboy slaps ballerina ,1
True,1469.0,"{""Q0"":""waitress tickles doctor ""}",7771.0,tickle,AI,n,The soldier tickle the boxer.,waitress tickles doctor ,1
True,2211.0,"{""Q0"":""professor scolds soldier ""}",9736.0,scold,PC,n,The monk is scolded by the swimmer. ,professor scolds soldier ,1
True,3185.0,"{""Q0"":""chef shoots boxer ""}",9043.0,shoot,AI,n,The actress shoot the robber. ,chef shoots boxer ,1
True,1984.0,"{""Q0"":""nun follows soldier ""}",6894.0,follow,PC,y,The ballerina is followed by the pirate. ,nun follows soldier ,1
True,1897.0,"{""Q0"":""pirate follows sailor ""}",7976.0,follow,AC,y,The nun follows the doctor.,pirate follows sailor ,1
True,1862.0,"{""Q0"":""pirate chases robber ""}",6995.0,chase,PC,y,The monk is chased by the policeman.,pirate chases robber ,1
True,1690.0,"{""Q0"":""artist punches clown ""}",7596.0,punch,AC,y,The cowboy punches the swimmer.,artist punches clown ,1
True,2583.0,"{""Q0"":""cowboy slaps sailor""}",8429.0,slap,PC,y,The clown is slapped by the policeman.,cowboy slaps sailor,1
True,2818.0,"{""Q0"":""policeman slaps swimmer ""}",7735.0,slap,AC,y,The cowboy slaps the professor.,policeman slaps swimmer ,1
True,2457.0,"{""Q0"":""cowboy pushes ballerina ""}",8383.0,push,PI,n,The monk is pushen by the policeman.,cowboy pushes ballerina ,1
