resp_iscorrect,verif_rt,responses,descr_rt,T_verb,P_type,verif_ans,P_sentence,clear_responses,isactive
True,8582.0,"{""Q0"":""A policeman is chasing a thief.""}",21447.0,chase,AC,y,The nun chases the sailor.,A policeman is chasing a thief.,1
False,15313.0,"{""Q0"":""A clown is kissed by a painter.""}",33179.0,kiss,PC,n,The monk is kissed by the swimmer.,A clown is kissed by a painter.,0
True,5340.0,"{""Q0"":""A policeman scolds a dancer.""}",50966.0,scold,AC,n,The waitress scolds the boxer.,A policeman scolds a dancer.,1
True,3799.0,"{""Q0"":""A doctor is chased by a waitress.""}",18516.0,chase,PC,n,The swimmer is chased by the nun.,A doctor is chased by a waitress.,0
True,14474.0,"{""Q0"":""A policeman slaps a boxer.""}",15985.0,slap,AC,n,The cowboy slaps the ballerina.,A policeman slaps a boxer.,1
True,6266.0,"{""Q0"":""A thief is chased by a pirate.""}",28680.0,chase,PC,y,The monk is chased by the policeman.,A thief is chased by a pirate.,0
True,5010.0,"{""Q0"":""An painter punches a clown.""}",11820.0,punch,AC,y,The cowboy punches the swimmer.,An painter punches a clown.,1
True,4552.0,"{""Q0"":""A clown is touched by a sailor.""}",14891.0,touch,PI,y,The doctor is touchen by the waitress.,A clown is touched by a sailor.,0
False,4841.0,"{""Q0"":""A cook shoots a boxer.""}",14517.0,shoot,AI,n,The actress shoot the robber. ,A cook shoots a boxer.,1
True,4993.0,"{""Q0"":""A swimmer is shot by a cook.""}",29631.0,shot,PI,y,The ballerina is shooted by the artist. ,A swimmer is shot by a cook.,0
False,9891.0,"{""Q0"":""The cowboy pushes a swimmer.""}",20729.0,push,AI,y,The chef push the clown.,The cowboy pushes a swimmer.,1
True,5669.0,"{""Q0"":""The monk is tickled by a waitress.""}",20458.0,tickle,PI,y,The robber is ticklen by the soldier. ,The monk is tickled by a waitress.,0
True,7375.0,"{""Q0"":""A ballerina is pulled by a pirate.""}",29921.0,pull,AI,y,The boxer pull the soldier.,A ballerina is pulled by a pirate.,0
True,2382.0,"{""Q0"":""The ballerina is kissed by the nun.""}",23187.0,kiss,PC,y,The boxer is kissed by the artist.,The ballerina is kissed by the nun.,0
True,4563.0,"{""Q0"":""The priest is punched by the painter.""}",24873.0,punch,AC,n,The cowboy punches the nun.,The priest is punched by the painter.,0
True,2838.0,"{""Q0"":""The soldier is followed by the nun.""}",32330.0,follow,PC,y,The ballerina is followed by the pirate. ,The soldier is followed by the nun.,0
False,11428.0,"{""Q0"":""The waitress kicks the clown.""}",14219.0,kick,AI,y,The policeman kick the boxer.,The waitress kicks the clown.,1
True,4957.0,"{""Q0"":""The thief is kicked by the waitress.""}",16948.0,kick,PI,n,The clown is kicken by the nun. ,The thief is kicked by the waitress.,0
True,3605.0,"{""Q0"":""The pirate followed the doctor.""}",12234.0,follow,AC,n,The nun follows the cowboy.,The pirate followed the doctor.,1
True,3625.0,"{""Q0"":""The ballerina is slapped by the cowboy.""}",27613.0,slap,PC,n,The nurse is slapped by  the policeman.,The ballerina is slapped by the cowboy.,0
True,4043.0,"{""Q0"":""The swimmer is chased by the policeman.""}",24412.0,chase,AC,n,The policeman chases the robber.,The swimmer is chased by the policeman.,0
True,7417.0,"{""Q0"":""A sailor is slapped by a cowboy.""}",13890.0,slap,PC,y,The clown is slapped by the policeman.,A sailor is slapped by a cowboy.,0
True,4321.0,"{""Q0"":""The teacher scolds the sailor.""}",16581.0,scold,AC,y,The policeman scolds the doctor.,The teacher scolds the sailor.,1
True,2809.0,"{""Q0"":""A boxer is followed by a nun.""}",12901.0,follow,PC,n,The ballerina is followed by the pirate.,A boxer is followed by a nun.,0
True,6245.0,"{""Q0"":""The policeman slaps the swimmer.""}",20152.0,slap,AC,y,The cowboy slaps the professor.,The policeman slaps the swimmer.,1
False,3083.0,"{""Q0"":""The ballerina is punched by the cowboy.""}",21673.0,punch,PC,n,The policeman is punched by the artist.,The ballerina is punched by the cowboy.,0
True,2474.0,"{""Q0"":""The soldier is kissed by the painter.""}",44246.0,kiss,AC,n,The pirate kisses the clown.,The soldier is kissed by the painter.,0
True,4181.0,"{""Q0"":""The doctor is punched by the cowboy.""}",18178.0,punch,PC,y,The ballerina is punched by the artist.,The doctor is punched by the cowboy.,0
True,3998.0,"{""Q0"":""The nun kisses the boxer.""}",8687.0,kiss,AC,y,The artist kisses the ballerina.,The nun kisses the boxer.,1
True,4375.0,"{""Q0"":""The boxer is scolded by the policeman.""}",12982.0,scold,PC,y,The doctor is scolded by the professor. ,The boxer is scolded by the policeman.,0
True,4017.0,"{""Q0"":""The pirate follows the sailor.""}",11238.0,follow,AC,y,The nun follows the doctor.,The pirate follows the sailor.,1
True,3386.0,"{""Q0"":""The clown is pulled by the boxer.""}",13219.0,pull,PI,n,The waitress is pullen by the pirate. ,The clown is pulled by the boxer.,0
True,2730.0,"{""Q0"":""The sailor touches the swimmer.""}",18605.0,touch,AI,n,The waitress touch the professor.,The sailor touches the swimmer.,1
True,5595.0,"{""Q0"":""The soldier is scolded by the professor.""}",19149.0,scold,PC,n,The monk is scolded by the swimmer. ,The soldier is scolded by the professor.,0
True,3952.0,"{""Q0"":""The waitress tickles the doctor.""}",13106.0,tickle,AI,n,The soldier tickle the boxer.,The waitress tickles the doctor.,1
True,4778.0,"{""Q0"":""The ballerina is pushed by the cowboy.""}",17211.0,push,PI,n,The monk is pushen by the policeman.,The ballerina is pushed by the cowboy.,0
