resp_iscorrect,verif_rt,responses,descr_rt,T_verb,P_type,verif_ans,P_sentence,clear_responses,isactive
True,10700.0,"{""Q0"":""The sailor touch swimmer""}",37298.0,touch,AI,n,The waitress touch the professor.,The sailor touch swimmer,1
True,15091.0,"{""Q0"":""The thief is kicked by a woman""}",30152.0,kick,PI,n,The clown is kicken by the nun. ,The thief is kicked by a woman,0
True,3671.0,"{""Q0"":""The waitress kicks man""}",28297.0,kick,AI,y,The policeman kick the boxer.,The waitress kicks man,1
True,8153.0,"{""Q0"":""A artist kiss a boy""}",39627.0,kiss,PC,n,The monk is kissed by the swimmer.,A artist kiss a boy,1
True,3018.0,"{""Q0"":""A policeman slap a swimmer""}",23201.0,slap,AC,y,The cowboy slaps the professor.,A policeman slap a swimmer,1
False,5481.0,"{""Q0"":""A chief shoot a swimmer""}",11272.0,shot,PI,y,The ballerina is shooted by the artist. ,A chief shoot a swimmer,1
True,3484.0,"{""Q0"":""A artist punches a farmer""}",15177.0,punch,AC,n,The cowboy punches the nun.,A artist punches a farmer,1
True,3840.0,"{""Q0"":""A fool is touched by a sailer""}",19266.0,touch,PI,y,The doctor is touchen by the waitress.,A fool is touched by a sailer,0
True,6476.0,"{""Q0"":""A nun kisses a boxer""}",13377.0,kiss,AC,y,The artist kisses the ballerina.,A nun kisses a boxer,1
True,5372.0,"{""Q0"":""The pastor is tickled by a waitress""}",39417.0,tickle,PI,y,The robber is ticklen by the soldier. ,The pastor is tickled by a waitress,0
True,3147.0,"{""Q0"":""The policeman slaps a bpxer""}",12484.0,slap,AC,n,The cowboy slaps the ballerina.,The policeman slaps a bpxer,1
True,4691.0,"{""Q0"":""A fool is pulled by a boxer""}",18158.0,pull,PI,n,The waitress is pullen by the pirate. ,A fool is pulled by a boxer,0
True,3001.0,"{""Q0"":""A dancer is scolded by a. Policeman""}",11670.0,scold,AC,n,The waitress scolds the boxer.,A dancer is scolded by a. Policeman,0
True,4897.0,"{""Q0"":""The dancer is kissed by a pastor""}",11739.0,kiss,PC,y,The boxer is kissed by the artist.,The dancer is kissed by a pastor,0
True,2167.0,"{""Q0"":""A policeman is chasing a thief""}",22007.0,chase,AC,y,The nun chases the sailor.,A policeman is chasing a thief,1
True,2929.0,"{""Q0"":""The dancer is slapped by a cowboy""}",13407.0,slap,PC,n,The nurse is slapped by  the policeman.,The dancer is slapped by a cowboy,0
False,4791.0,"{""Q0"":""The artist kisses a soldier""}",55780.0,kiss,AC,n,The pirate kisses the clown.,The artist kisses a soldier,1
True,5267.0,"{""Q0"":""The nun follow a soldier""}",11507.0,follow,PC,y,The ballerina is followed by the pirate. ,The nun follow a soldier,1
False,3509.0,"{""Q0"":""The chief shoot a boxer""}",9567.0,shoot,AI,n,The actress shoot the robber. ,The chief shoot a boxer,1
True,15790.0,"{""Q0"":""A cowboy slap a sailer""}",27961.0,slap,PC,y,The clown is slapped by the policeman.,A cowboy slap a sailer,1
True,11415.0,"{""Q0"":""A robber pull a dancer""}",16572.0,pull,AI,y,The boxer pull the soldier.,A robber pull a dancer,1
False,16509.0,"{""Q0"":""The doctor scold a soldier""}",10801.0,scold,PC,n,The monk is scolded by the swimmer. ,The doctor scold a soldier,1
False,3769.0,"{""Q0"":""A thief follow a doctor""}",13960.0,follow,AC,n,The nun follows the cowboy.,A thief follow a doctor,1
True,12600.0,"{""Q0"":""Nun follow a boxer""}",16877.0,follow,PC,n,The ballerina is followed by the pirate.,Nun follow a boxer,1
True,9911.0,"{""Q0"":""The professor scold a sailer""}",17216.0,scold,AC,y,The policeman scolds the doctor.,The professor scold a sailer,1
True,3202.0,"{""Q0"":""The doctor is punched by a cowboy""}",18384.0,punch,PC,y,The ballerina is punched by the artist.,The doctor is punched by a cowboy,0
True,8162.0,"{""Q0"":""A cowboy push a swimmer""}",12708.0,push,AI,y,The chef push the clown.,A cowboy push a swimmer,1
True,14962.0,"{""Q0"":""A thief chase a robber""}",13138.0,chase,PC,y,The monk is chased by the policeman.,A thief chase a robber,1
True,4542.0,"{""Q0"":""The clown punched by a artist""}",15737.0,punch,AC,y,The cowboy punches the swimmer.,The clown punched by a artist,1
True,4800.0,"{""Q0"":""The boxer is scolded by a policeman""}",12346.0,scold,PC,y,The doctor is scolded by the professor. ,The boxer is scolded by a policeman,0
True,12361.0,"{""Q0"":""The policeman chases a swimmer""}",10260.0,chase,AC,n,The policeman chases the robber.,The policeman chases a swimmer,1
True,3726.0,"{""Q0"":""The waitress chases a doctor""}",9930.0,chase,PC,n,The swimmer is chased by the nun.,The waitress chases a doctor,1
True,2868.0,"{""Q0"":""The waitress tickle the doctor""}",18929.0,tickle,AI,n,The soldier tickle the boxer.,The waitress tickle the doctor,1
True,6161.0,"{""Q0"":""The dancer is punched by a cowboy""}",13156.0,punch,PC,n,The policeman is punched by the artist.,The dancer is punched by a cowboy,0
True,4857.0,"{""Q0"":""The thief Ollie a sailer""}",8803.0,follow,AC,y,The nun follows the doctor.,The thief Ollie a sailer,1
True,3347.0,"{""Q0"":""A dancer is punched by a cowboy""}",11381.0,push,PI,n,The monk is pushen by the policeman.,A dancer is punched by a cowboy,0
