resp_iscorrect,verif_rt,responses,descr_rt,T_verb,P_type,verif_ans,P_sentence,clear_responses,isactive
True,8613.0,"{""Q0"":""Artists punches joker""}",34172.0,punch,AC,y,The cowboy punches the swimmer.,Artists punches joker,1
False,4820.0,"{""Q0"":""cowboy punches the dancer""}",17448.0,punch,PC,n,The policeman is punched by the artist.,cowboy punches the dancer,1
True,8973.0,"{""Q0"":""professor scold the sailor""}",28195.0,scold,AC,y,The policeman scolds the doctor.,professor scold the sailor,1
True,4859.0,"{""Q0"":""Sister follows solider""}",63517.0,follow,PC,y,The ballerina is followed by the pirate. ,Sister follows solider,1
False,14629.0,"{""Q0"":""Pirate follows doctor""}",18775.0,follow,AC,n,The nun follows the cowboy.,Pirate follows doctor,1
False,5273.0,"{""Q0"":""Cowboy slaps ballerina""}",26725.0,slap,PC,n,The nurse is slapped by  the policeman.,Cowboy slaps ballerina,1
False,7064.0,"{""Q0"":""Chef shoots boxer""}",15401.0,shoot,AI,n,The actress shoot the robber. ,Chef shoots boxer,1
True,3249.0,"{""Q0"":""Waitress is chasing the doctor""}",22501.0,chase,PC,n,The swimmer is chased by the nun.,Waitress is chasing the doctor,1
True,3018.0,"{""Q0"":""Police slaps the boxer""}",18391.0,slap,AC,n,The cowboy slaps the ballerina.,Police slaps the boxer,1
True,3967.0,"{""Q0"":""Boxer is pulling the joker""}",18171.0,pull,PI,n,The waitress is pullen by the pirate. ,Boxer is pulling the joker,1
True,4168.0,"{""Q0"":""Swimmer is pull by the cowboy""}",26038.0,push,AI,y,The chef push the clown.,Swimmer is pull by the cowboy,0
True,6577.0,"{""Q0"":""Pirate is chasing robber""}",24551.0,chase,PC,y,The monk is chased by the policeman.,Pirate is chasing robber,1
True,3257.0,"{""Q0"":""Sailor touches swimmer""}",16441.0,touch,AI,n,The waitress touch the professor.,Sailor touches swimmer,1
True,10349.0,"{""Q0"":""Nun kisses ballerina""}",33432.0,kiss,PC,y,The boxer is kissed by the artist.,Nun kisses ballerina,1
True,7314.0,"{""Q0"":""Nun kisses boxer""}",9736.0,kiss,AC,y,The artist kisses the ballerina.,Nun kisses boxer,1
True,2653.0,"{""Q0"":""cowboy punches doctor""}",12853.0,punch,PC,y,The ballerina is punched by the artist.,cowboy punches doctor,1
True,10392.0,"{""Q0"":""Waitress tickles doctor""}",15914.0,tickle,AI,n,The soldier tickle the boxer.,Waitress tickles doctor,1
True,6309.0,"{""Q0"":""Sailor touches clown""}",22176.0,touch,PI,y,The doctor is touchen by the waitress.,Sailor touches clown,1
True,2058.0,"{""Q0"":""Pirate pulls ballenier ""}",22007.0,pull,AI,y,The boxer pull the soldier.,Pirate pulls ballenier ,1
True,3416.0,"{""Q0"":""cowboy slaps sailor""}",15294.0,slap,PC,y,The clown is slapped by the policeman.,cowboy slaps sailor,1
True,3502.0,"{""Q0"":""Waitress kicks clown""}",13557.0,kick,AI,y,The policeman kick the boxer.,Waitress kicks clown,1
True,5728.0,"{""Q0"":""Nun follows boxer""}",10228.0,follow,PC,n,The ballerina is followed by the pirate.,Nun follows boxer,1
True,2734.0,"{""Q0"":""artist punches monk ""}",19440.0,punch,AC,n,The cowboy punches the nun.,artist punches monk ,1
True,2441.0,"{""Q0"":""Chef shoots swimmer""}",11183.0,shot,PI,y,The ballerina is shooted by the artist. ,Chef shoots swimmer,1
True,2084.0,"{""Q0"":""Cop chases swimmer""}",18208.0,chase,AC,n,The policeman chases the robber.,Cop chases swimmer,1
True,2486.0,"{""Q0"":""Scholar scolds solider""}",24837.0,scold,PC,n,The monk is scolded by the swimmer. ,Scholar scolds solider,1
True,3100.0,"{""Q0"":""Cop scolds ballenier""}",15621.0,scold,AC,n,The waitress scolds the boxer.,Cop scolds ballenier,1
True,2747.0,"{""Q0"":""Artist kisses clown""}",12392.0,kiss,PC,n,The monk is kissed by the swimmer.,Artist kisses clown,1
True,4026.0,"{""Q0"":""Artist kisses solider""}",15193.0,kiss,AC,n,The pirate kisses the clown.,Artist kisses solider,1
True,4445.0,"{""Q0"":""Waitress tickles monk""}",14720.0,tickle,PI,y,The robber is ticklen by the soldier. ,Waitress tickles monk,1
True,17133.0,"{""Q0"":""Pirate follows sailor ""}",18249.0,follow,AC,y,The nun follows the doctor.,Pirate follows sailor ,1
True,3411.0,"{""Q0"":""Waitress kicks robber""}",16868.0,kick,PI,n,The clown is kicken by the nun. ,Waitress kicks robber,1
True,5236.0,"{""Q0"":""Cop chases robber""}",12394.0,chase,AC,y,The nun chases the sailor.,Cop chases robber,1
True,3203.0,"{""Q0"":""cowboy pushes dancer""}",28923.0,push,PI,n,The monk is pushen by the policeman.,cowboy pushes dancer,1
True,4959.0,"{""Q0"":""Cop slaps swimmer""}",12203.0,slap,AC,y,The cowboy slaps the professor.,Cop slaps swimmer,1
True,3285.0,"{""Q0"":""Cop scold boxer""}",21172.0,scold,PC,y,The doctor is scolded by the professor. ,Cop scold boxer,1
