resp_iscorrect,verif_rt,responses,descr_rt,T_verb,P_type,verif_ans,P_sentence,clear_responses,isactive
True,13722.0,"{""Q0"":""the painter kiss the soldier""}",11909.0,kiss,AC,n,The pirate kisses the clown.,the painter kiss the soldier,1
True,7555.0,"{""Q0"":""the nun follow the soldier""}",21237.0,follow,PC,y,The ballerina is followed by the pirate. ,the nun follow the soldier,1
True,10260.0,"{""Q0"":""the police slap the boxer""}",13243.0,slap,AC,n,The cowboy slaps the ballerina.,the police slap the boxer,1
False,5935.0,"{""Q0"":""the cowboy push the ballerina""}",11719.0,push,PI,n,The monk is pushen by the policeman.,the cowboy push the ballerina,1
True,5046.0,"{""Q0"":""the pirate follow the sailor""}",13701.0,follow,AC,y,The nun follows the doctor.,the pirate follow the sailor,1
True,3632.0,"{""Q0"":""the pirate chase the robber""}",15463.0,chase,PC,y,The monk is chased by the policeman.,the pirate chase the robber,1
True,1145.0,"{""Q0"":""the pirate pull the ballerina""}",9073.0,pull,AI,y,The boxer pull the soldier.,the pirate pull the ballerina,1
True,5663.0,"{""Q0"":""the waitress kick the robber""}",10844.0,kick,PI,n,The clown is kicken by the nun. ,the waitress kick the robber,1
False,3838.0,"{""Q0"":""the painter punch the priest""}",9227.0,punch,AC,n,The cowboy punches the nun.,the painter punch the priest,1
True,4421.0,"{""Q0"":""the police scold the boxer""}",10597.0,scold,PC,y,The doctor is scolded by the professor. ,the police scold the boxer,1
True,4641.0,"{""Q0"":""the professor scold the sailor""}",13580.0,scold,AC,y,The policeman scolds the doctor.,the professor scold the sailor,1
True,4835.0,"{""Q0"":""the cowboy punch the ballerina""}",12541.0,punch,PC,n,The policeman is punched by the artist.,the cowboy punch the ballerina,1
True,12690.0,"{""Q0"":""the waitress kick the clown""}",12445.0,kick,AI,y,The policeman kick the boxer.,the waitress kick the clown,1
True,3728.0,"{""Q0"":""the cowboy slap the ballerina""}",10997.0,slap,PC,n,The nurse is slapped by  the policeman.,the cowboy slap the ballerina,1
True,2786.0,"{""Q0"":""the police scold the ballerina""}",9345.0,scold,AC,n,The waitress scolds the boxer.,the police scold the ballerina,1
True,4622.0,"{""Q0"":""the nun follow the boxer""}",9840.0,follow,PC,n,The ballerina is followed by the pirate.,the nun follow the boxer,1
True,4054.0,"{""Q0"":""the police chase the robber""}",8387.0,chase,AC,y,The nun chases the sailor.,the police chase the robber,1
True,5628.0,"{""Q0"":""the nun kiss the ballerina""}",12485.0,kiss,PC,y,The boxer is kissed by the artist.,the nun kiss the ballerina,1
True,1900.0,"{""Q0"":""the pirate follow the doctor""}",9375.0,follow,AC,n,The nun follows the cowboy.,the pirate follow the doctor,1
True,5297.0,"{""Q0"":""the waitress tickle the monk""}",13113.0,tickle,PI,y,The robber is ticklen by the soldier. ,the waitress tickle the monk,1
True,5018.0,"{""Q0"":""the waitress tickle the doctor""}",11369.0,tickle,AI,n,The soldier tickle the boxer.,the waitress tickle the doctor,1
True,3494.0,"{""Q0"":""the cowboy slap the sailor""}",10658.0,slap,PC,y,The clown is slapped by the policeman.,the cowboy slap the sailor,1
True,2136.0,"{""Q0"":""the sailor touch the swimmer""}",11441.0,touch,AI,n,The waitress touch the professor.,the sailor touch the swimmer,1
True,2852.0,"{""Q0"":""the professor scold the soldier""}",14789.0,scold,PC,n,The monk is scolded by the swimmer. ,the professor scold the soldier,1
True,2760.0,"{""Q0"":""the police chase the swimmer""}",12945.0,chase,AC,n,The policeman chases the robber.,the police chase the swimmer,1
True,1517.0,"{""Q0"":""the boxer pull the clown""}",10879.0,pull,PI,n,The waitress is pullen by the pirate. ,the boxer pull the clown,1
True,2569.0,"{""Q0"":""the nun kiss the boxer""}",7633.0,kiss,AC,y,The artist kisses the ballerina.,the nun kiss the boxer,1
True,2754.0,"{""Q0"":""the chef shoot the swimmer""}",11308.0,shot,PI,y,The ballerina is shooted by the artist. ,the chef shoot the swimmer,1
True,1824.0,"{""Q0"":""the cowboy push the swimmer""}",10328.0,push,AI,y,The chef push the clown.,the cowboy push the swimmer,1
True,8556.0,"{""Q0"":""the cowboy punch the doctor""}",11095.0,punch,PC,y,The ballerina is punched by the artist.,the cowboy punch the doctor,1
True,4366.0,"{""Q0"":""the chef shoot the boxer""}",10226.0,shoot,AI,n,The actress shoot the robber. ,the chef shoot the boxer,1
True,4188.0,"{""Q0"":""the waitress chase the doctor""}",10111.0,chase,PC,n,The swimmer is chased by the nun.,the waitress chase the doctor,1
True,2163.0,"{""Q0"":""the police slap the swimmer""}",9940.0,slap,AC,y,The cowboy slaps the professor.,the police slap the swimmer,1
True,5389.0,"{""Q0"":""the sailor slap the clown""}",10304.0,touch,PI,y,The doctor is touchen by the waitress.,the sailor slap the clown,1
True,1006.0,"{""Q0"":""the painter punch the clown""}",19803.0,punch,AC,y,The cowboy punches the swimmer.,the painter punch the clown,1
True,2406.0,"{""Q0"":""the painter kiss the clown""}",9596.0,kiss,PC,n,The monk is kissed by the swimmer.,the painter kiss the clown,1
