resp_iscorrect,verif_rt,responses,descr_rt,T_verb,P_type,verif_ans,P_sentence,clear_responses,isactive
True,3336.0,"{""Q0"":""A waitress kicking a man""}",12111.0,kick,AI,y,The policeman kick the boxer.,A waitress kicking a man,1
True,3577.0,"{""Q0"":""A cook shoots a swimmer""}",10058.0,shot,PI,y,The ballerina is shooted by the artist. ,A cook shoots a swimmer,1
True,3060.0,"{""Q0"":""A pirate is pulling a woman""}",19280.0,pull,AI,y,The boxer pull the soldier.,A pirate is pulling a woman,1
True,6087.0,"{""Q0"":""A professor is scolding a man""}",15447.0,scold,PC,n,The monk is scolded by the swimmer. ,A professor is scolding a man,1
False,4487.0,"{""Q0"":""A solider is slapping a boxer""}",17550.0,slap,AC,n,The cowboy slaps the ballerina.,A solider is slapping a boxer,1
True,3539.0,"{""Q0"":""A solider scolding a boxer""}",14011.0,scold,PC,y,The doctor is scolded by the professor. ,A solider scolding a boxer,1
True,3878.0,"{""Q0"":""The cook shoots a boxer""}",9454.0,shoot,AI,n,The actress shoot the robber. ,The cook shoots a boxer,1
True,12280.0,"{""Q0"":""A painter kissed a clown""}",15877.0,kiss,PC,n,The monk is kissed by the swimmer.,A painter kissed a clown,1
True,3259.0,"{""Q0"":""A policeman is chasing after a swimmer""}",12826.0,chase,AC,n,The policeman chases the robber.,A policeman is chasing after a swimmer,1
True,4094.0,"{""Q0"":""A cowboy punched a dancer""}",11764.0,punch,PC,n,The policeman is punched by the artist.,A cowboy punched a dancer,1
True,5635.0,"{""Q0"":""A solider is chasing a robber""}",12448.0,chase,AC,y,The nun chases the sailor.,A solider is chasing a robber,1
True,3429.0,"{""Q0"":""A doctor is chased by a waitress""}",13916.0,chase,PC,n,The swimmer is chased by the nun.,A doctor is chased by a waitress,0
True,5234.0,"{""Q0"":""A pirate follows a doctor""}",11209.0,follow,AC,n,The nun follows the cowboy.,A pirate follows a doctor,1
True,4016.0,"{""Q0"":""A cowboy pushed a dancer""}",7916.0,push,PI,n,The monk is pushen by the policeman.,A cowboy pushed a dancer,1
True,3094.0,"{""Q0"":""A cowbody pushed a swimmer""}",9711.0,push,AI,y,The chef push the clown.,A cowbody pushed a swimmer,1
True,2228.0,"{""Q0"":""A cowbody punched the doctor""}",10481.0,punch,PC,y,The ballerina is punched by the artist.,A cowbody punched the doctor,1
True,2430.0,"{""Q0"":""A nun kissed the boxer""}",9582.0,kiss,AC,y,The artist kisses the ballerina.,A nun kissed the boxer,1
True,3500.0,"{""Q0"":""A clown is pulled by a boxer""}",9064.0,pull,PI,n,The waitress is pullen by the pirate. ,A clown is pulled by a boxer,0
True,2782.0,"{""Q0"":""A solider scolds the dancer""}",11237.0,scold,AC,n,The waitress scolds the boxer.,A solider scolds the dancer,1
True,1712.0,"{""Q0"":""A nun followed a solider""}",10324.0,follow,PC,y,The ballerina is followed by the pirate. ,A nun followed a solider,1
True,5968.0,"{""Q0"":""A sailor touches the swimmer""}",9236.0,touch,AI,n,The waitress touch the professor.,A sailor touches the swimmer,1
True,5792.0,"{""Q0"":""A monk is tickled by a waitress""}",12099.0,tickle,PI,y,The robber is ticklen by the soldier. ,A monk is tickled by a waitress,0
True,3483.0,"{""Q0"":""An artist punched the clown""}",9129.0,punch,AC,y,The cowboy punches the swimmer.,An artist punched the clown,1
True,4008.0,"{""Q0"":""A cowboy salpped the dancer""}",8755.0,slap,PC,n,The nurse is slapped by  the policeman.,A cowboy salpped the dancer,1
True,1996.0,"{""Q0"":""An artist kissed the solider""}",10154.0,kiss,AC,n,The pirate kisses the clown.,An artist kissed the solider,1
True,1849.0,"{""Q0"":""A cowboy slapped the sailor""}",14036.0,slap,PC,y,The clown is slapped by the policeman.,A cowboy slapped the sailor,1
True,11582.0,"{""Q0"":""An artist punched a monk""}",13847.0,punch,AC,n,The cowboy punches the nun.,An artist punched a monk,1
True,4955.0,"{""Q0"":""A dancer kissed the nun""}",15128.0,kiss,PC,y,The boxer is kissed by the artist.,A dancer kissed the nun,1
True,4038.0,"{""Q0"":""A swimmer was slapped by the policeman""}",12489.0,slap,AC,y,The cowboy slaps the professor.,A swimmer was slapped by the policeman,0
True,4589.0,"{""Q0"":""A sailor touches the clown""}",7415.0,touch,PI,y,The doctor is touchen by the waitress.,A sailor touches the clown,1
True,2568.0,"{""Q0"":""The doctor was tickled by a waitress""}",12383.0,tickle,AI,n,The soldier tickle the boxer.,The doctor was tickled by a waitress,0
True,3878.0,"{""Q0"":""A robber is chased by a pirate""}",11914.0,chase,PC,y,The monk is chased by the policeman.,A robber is chased by a pirate,0
True,2109.0,"{""Q0"":""A professor scolds the sailor""}",12693.0,scold,AC,y,The policeman scolds the doctor.,A professor scolds the sailor,1
True,3382.0,"{""Q0"":""A robber kicked by waitress""}",12340.0,kick,PI,n,The clown is kicken by the nun. ,A robber kicked by waitress,1
True,3234.0,"{""Q0"":""The pirate follows a sailor""}",12303.0,follow,AC,y,The nun follows the doctor.,The pirate follows a sailor,1
True,1151.0,"{""Q0"":""A nun following a boxer""}",12898.0,follow,PC,n,The ballerina is followed by the pirate.,A nun following a boxer,1
