resp_iscorrect,verif_rt,responses,descr_rt,T_verb,P_type,verif_ans,P_sentence,clear_responses,isactive
True,3243.0,"{""Q0"":""a painter punches a man""}",12148.0,punch,AC,n,The cowboy punches the nun.,a painter punches a man,1
True,3440.0,"{""Q0"":""the cowboy pushes a ballet dancer""}",7725.0,push,PI,n,The monk is pushen by the policeman.,the cowboy pushes a ballet dancer,1
True,6184.0,"{""Q0"":""the chef shoots the boxer""}",10871.0,shoot,AI,n,The actress shoot the robber. ,the chef shoots the boxer,1
True,4168.0,"{""Q0"":""the boxer pulls a guy""}",8270.0,pull,PI,n,The waitress is pullen by the pirate. ,the boxer pulls a guy,1
True,2063.0,"{""Q0"":""the painter punches the clown""}",5427.0,punch,AC,y,The cowboy punches the swimmer.,the painter punches the clown,1
True,3591.0,"{""Q0"":""the cowboy slaps the sailor""}",7409.0,slap,PC,y,The clown is slapped by the policeman.,the cowboy slaps the sailor,1
True,1853.0,"{""Q0"":""the cowboy pushes the swimmer""}",5786.0,push,AI,y,The chef push the clown.,the cowboy pushes the swimmer,1
True,2337.0,"{""Q0"":""the painter kisses the clown""}",6208.0,kiss,PC,n,The monk is kissed by the swimmer.,the painter kisses the clown,1
True,2026.0,"{""Q0"":""the cop chases the robber""}",5043.0,chase,AC,y,The nun chases the sailor.,the cop chases the robber,1
False,2598.0,"{""Q0"":""the chef shoots the swimmer""}",9221.0,shot,PI,y,The ballerina is shooted by the artist. ,the chef shoots the swimmer,1
True,3621.0,"{""Q0"":""the sailor touches the swimmer""}",6615.0,touch,AI,n,The waitress touch the professor.,the sailor touches the swimmer,1
True,4794.0,"{""Q0"":""the pirate chases the robber""}",10999.0,chase,PC,y,The monk is chased by the policeman.,the pirate chases the robber,1
True,1910.0,"{""Q0"":""the professor scolds the sailor""}",9833.0,scold,AC,y,The policeman scolds the doctor.,the professor scolds the sailor,1
True,2730.0,"{""Q0"":""the cowboy punches the doctor""}",5259.0,punch,PC,y,The ballerina is punched by the artist.,the cowboy punches the doctor,1
True,2846.0,"{""Q0"":""the waitress kicks the clown""}",10473.0,kick,AI,y,The policeman kick the boxer.,the waitress kicks the clown,1
True,8085.0,"{""Q0"":""the nun follows the soldier""}",8762.0,follow,PC,y,The ballerina is followed by the pirate. ,the nun follows the soldier,1
True,1150.0,"{""Q0"":""the policeman slaps the swimmer""}",7324.0,slap,AC,y,The cowboy slaps the professor.,the policeman slaps the swimmer,1
False,1685.0,"{""Q0"":""the waitress tickles the monk""}",12928.0,tickle,PI,y,The robber is ticklen by the soldier. ,the waitress tickles the monk,1
True,4935.0,"{""Q0"":""the waitress tickles the doctor""}",8164.0,tickle,AI,n,The soldier tickle the boxer.,the waitress tickles the doctor,1
True,2843.0,"{""Q0"":""the waitress kicks the robber""}",8213.0,kick,PI,n,The clown is kicken by the nun. ,the waitress kicks the robber,1
True,2180.0,"{""Q0"":""the policeman scolds the ballet dancer""}",6562.0,scold,AC,n,The waitress scolds the boxer.,the policeman scolds the ballet dancer,1
True,5529.0,"{""Q0"":""the policeman scolds the boxer""}",10792.0,scold,PC,y,The doctor is scolded by the professor. ,the policeman scolds the boxer,1
True,3116.0,"{""Q0"":""the nun kisses the boxer""}",4849.0,kiss,AC,y,The artist kisses the ballerina.,the nun kisses the boxer,1
True,1796.0,"{""Q0"":""the cowboy punches the ballet dancer""}",6556.0,punch,PC,n,The policeman is punched by the artist.,the cowboy punches the ballet dancer,1
True,2267.0,"{""Q0"":""the policeman slaps the boxer""}",8015.0,slap,AC,n,The cowboy slaps the ballerina.,the policeman slaps the boxer,1
True,3851.0,"{""Q0"":""the cowboy slaps the ballet dancer""}",8398.0,slap,PC,n,The nurse is slapped by  the policeman.,the cowboy slaps the ballet dancer,1
True,1794.0,"{""Q0"":""the policeman chases the swimmer""}",10399.0,chase,AC,n,The policeman chases the robber.,the policeman chases the swimmer,1
True,1764.0,"{""Q0"":""the waitress chases the doctor""}",11053.0,chase,PC,n,The swimmer is chased by the nun.,the waitress chases the doctor,1
True,1558.0,"{""Q0"":""the pirate follows the doctor""}",9296.0,follow,AC,n,The nun follows the cowboy.,the pirate follows the doctor,1
True,3179.0,"{""Q0"":""the nun follows the boxer""}",5659.0,follow,PC,n,The ballerina is followed by the pirate.,the nun follows the boxer,1
True,1936.0,"{""Q0"":""the pirate follows the sailor""}",11425.0,follow,AC,y,The nun follows the doctor.,the pirate follows the sailor,1
False,2604.0,"{""Q0"":""the sailor touches the clown""}",6414.0,touch,PI,y,The doctor is touchen by the waitress.,the sailor touches the clown,1
True,1940.0,"{""Q0"":""the painter kisses the soldier""}",11781.0,kiss,AC,n,The pirate kisses the clown.,the painter kisses the soldier,1
True,1939.0,"{""Q0"":""the professor scolds the soldier""}",11540.0,scold,PC,n,The monk is scolded by the swimmer. ,the professor scolds the soldier,1
True,2381.0,"{""Q0"":""the pirate pulls the girl""}",9204.0,pull,AI,y,The boxer pull the soldier.,the pirate pulls the girl,1
True,3211.0,"{""Q0"":""the nun kisses the ballet dancer""}",8899.0,kiss,PC,y,The boxer is kissed by the artist.,the nun kisses the ballet dancer,1
