resp_iscorrect,verif_rt,responses,descr_rt,T_verb,P_type,verif_ans,P_sentence,clear_responses,isactive
True,4505.0,"{""Q0"":""the pirate hold the dancer""}",16816.0,pull,AI,y,The boxer pull the soldier.,the pirate hold the dancer,1
True,4966.0,"{""Q0"":""the dancer is stoped by the cowboy""}",13574.0,push,PI,n,The monk is pushen by the policeman.,the dancer is stoped by the cowboy,0
True,3397.0,"{""Q0"":""the pirate follows the sailor""}",10017.0,follow,AC,y,The nun follows the doctor.,the pirate follows the sailor,1
True,13411.0,"{""Q0"":""the boxer pulls the clown""}",8940.0,pull,PI,n,The waitress is pullen by the pirate. ,the boxer pulls the clown,1
True,10570.0,"{""Q0"":""the police slaps the swimmer""}",9848.0,slap,AC,y,The cowboy slaps the professor.,the police slaps the swimmer,1
True,13713.0,"{""Q0"":""the waitress chases the doctor""}",10657.0,chase,PC,n,The swimmer is chased by the nun.,the waitress chases the doctor,1
True,25696.0,"{""Q0"":""the police chases the robber""}",13965.0,chase,AC,y,The nun chases the sailor.,the police chases the robber,1
True,7144.0,"{""Q0"":""the artist kisses the clown""}",18471.0,kiss,PC,n,The monk is kissed by the swimmer.,the artist kisses the clown,1
False,2634.0,"{""Q0"":""the sailor touch the swimmer""}",8267.0,touch,AI,n,The waitress touch the professor.,the sailor touch the swimmer,1
False,4428.0,"{""Q0"":""the chef shoot the swimmer""}",8755.0,shot,PI,y,The ballerina is shooted by the artist. ,the chef shoot the swimmer,1
False,30489.0,"{""Q0"":""the cop scold the dancer""}",10904.0,scold,AC,n,The waitress scolds the boxer.,the cop scold the dancer,1
True,3232.0,"{""Q0"":""the pirate is chased by the robber""}",13183.0,chase,PC,y,The monk is chased by the policeman.,the pirate is chased by the robber,0
False,5043.0,"{""Q0"":""the cowboy pushes the swimmer""}",11315.0,push,AI,y,The chef push the clown.,the cowboy pushes the swimmer,1
False,10340.0,"{""Q0"":""the sailor touches the clown""}",13832.0,touch,PI,y,The doctor is touchen by the waitress.,the sailor touches the clown,1
True,2554.0,"{""Q0"":""the artist punches the monk""}",16550.0,punch,AC,n,The cowboy punches the nun.,the artist punches the monk,1
True,7460.0,"{""Q0"":""the cowboy punches the dancer""}",14962.0,punch,PC,n,The policeman is punched by the artist.,the cowboy punches the dancer,1
True,29477.0,"{""Q0"":""the cop slaps the boxer""}",8297.0,slap,AC,n,The cowboy slaps the ballerina.,the cop slaps the boxer,1
True,1370.0,"{""Q0"":""the waitress kicks the robber""}",12289.0,kick,PI,n,The clown is kicken by the nun. ,the waitress kicks the robber,1
True,2043.0,"{""Q0"":""the artist kisses the soldier""}",11250.0,kiss,AC,n,The pirate kisses the clown.,the artist kisses the soldier,1
True,2742.0,"{""Q0"":""the student scolds the soldier""}",18130.0,scold,PC,n,The monk is scolded by the swimmer. ,the student scolds the soldier,1
True,2186.0,"{""Q0"":""the artist punches the clown""}",9330.0,punch,AC,y,The cowboy punches the swimmer.,the artist punches the clown,1
True,2102.0,"{""Q0"":""the sailor is slapped by the cowboy""}",10683.0,slap,PC,y,The clown is slapped by the policeman.,the sailor is slapped by the cowboy,0
True,2018.0,"{""Q0"":""the waitress kick the clown""}",10494.0,kick,AI,y,The policeman kick the boxer.,the waitress kick the clown,1
True,2063.0,"{""Q0"":""the nun follows the boxer""}",10952.0,follow,PC,n,The ballerina is followed by the pirate.,the nun follows the boxer,1
True,4643.0,"{""Q0"":""the cook shoots the boxer""}",13143.0,shoot,AI,n,The actress shoot the robber. ,the cook shoots the boxer,1
False,2006.0,"{""Q0"":""the waitress tickles the monk""}",12458.0,tickle,PI,y,The robber is ticklen by the soldier. ,the waitress tickles the monk,1
True,1782.0,"{""Q0"":""the pirate follows the doctor""}",11823.0,follow,AC,n,The nun follows the cowboy.,the pirate follows the doctor,1
True,4611.0,"{""Q0"":""the dancer is kissed by the nun""}",8444.0,kiss,PC,y,The boxer is kissed by the artist.,the dancer is kissed by the nun,0
False,1904.0,"{""Q0"":""the waitress tickles the doctor""}",10041.0,tickle,AI,n,The soldier tickle the boxer.,the waitress tickles the doctor,1
True,2542.0,"{""Q0"":""the cop scolds the boxer""}",9388.0,scold,PC,y,The doctor is scolded by the professor. ,the cop scolds the boxer,1
True,3930.0,"{""Q0"":""the swimmer is chased by the cop""}",11318.0,chase,AC,n,The policeman chases the robber.,the swimmer is chased by the cop,0
True,2368.0,"{""Q0"":""the dancer is slapped by the cowboy""}",8792.0,slap,PC,n,The nurse is slapped by  the policeman.,the dancer is slapped by the cowboy,0
True,2881.0,"{""Q0"":""the nun kisses the boxer""}",7345.0,kiss,AC,y,The artist kisses the ballerina.,the nun kisses the boxer,1
True,2468.0,"{""Q0"":""the doctor is punched by the cowboy""}",8863.0,punch,PC,y,The ballerina is punched by the artist.,the doctor is punched by the cowboy,0
True,1916.0,"{""Q0"":""the professor scolds the sailor ""}",28647.0,scold,AC,y,The policeman scolds the doctor.,the professor scolds the sailor ,1
True,3336.0,"{""Q0"":""the soldier is followed by the nun""}",10302.0,follow,PC,y,The ballerina is followed by the pirate. ,the soldier is followed by the nun,0
