resp_iscorrect,verif_rt,responses,descr_rt,T_verb,P_type,verif_ans,P_sentence,clear_responses,isactive
False,9483.0,"{""Q0"":""a sailor is touch a swimming men""}",42283.0,touch,AI,n,The waitress touch the professor.,a sailor is touch a swimming men,1
True,7677.0,"{""Q0"":""a guy is touching by a sailor""}",23953.0,touch,PI,y,The doctor is touchen by the waitress.,a guy is touching by a sailor,1
True,10602.0,"{""Q0"":""a professor is scold the sailor""}",38155.0,scold,AC,y,The policeman scolds the doctor.,a professor is scold the sailor,1
True,8045.0,"{""Q0"":""a sister is follow by soldier""}",41784.0,follow,PC,y,The ballerina is followed by the pirate. ,a sister is follow by soldier,0
True,5158.0,"{""Q0"":""a men is puch joker""}",18514.0,punch,AC,y,The cowboy punches the swimmer.,a men is puch joker,1
True,6288.0,"{""Q0"":""a solder is scold by the profasser""}",29213.0,scold,PC,n,The monk is scolded by the swimmer. ,a solder is scold by the profasser,1
True,7603.0,"{""Q0"":""the police is chase by thief""}",61522.0,chase,AC,y,The nun chases the sailor.,the police is chase by thief,1
False,3977.0,"{""Q0"":""the thief is kick by waiter""}",50526.0,kick,PI,n,The clown is kicken by the nun. ,the thief is kick by waiter,1
False,5090.0,"{""Q0"":""the pitate is follow by doctor""}",24407.0,follow,AC,n,The nun follows the cowboy.,the pitate is follow by doctor,0
False,5033.0,"{""Q0"":""the dancer is slap by cowboy""}",41862.0,slap,PC,n,The nurse is slapped by  the policeman.,the dancer is slap by cowboy,0
False,8589.0,"{""Q0"":""the dancer is scold by police""}",26443.0,scold,AC,n,The waitress scolds the boxer.,the dancer is scold by police,1
True,469.0,"{""Q0"":""the monk is tickle by waiter""}",26333.0,tickle,PI,y,The robber is ticklen by the soldier. ,the monk is tickle by waiter,1
True,1334.0,"{""Q0"":""the sister is kiss boxer""}",16649.0,kiss,AC,y,The artist kisses the ballerina.,the sister is kiss boxer,0
True,3573.0,"{""Q0"":""the dancer is kiss by the sister""}",17202.0,kiss,PC,y,The boxer is kissed by the artist.,the dancer is kiss by the sister,0
False,4082.0,"{""Q0"":""the arter is kiss the soldier""}",23568.0,kiss,AC,n,The pirate kisses the clown.,the arter is kiss the soldier,0
True,5771.0,"{""Q0"":""the cowboy is punch the dancer""}",18533.0,punch,PC,n,The policeman is punched by the artist.,the cowboy is punch the dancer,1
False,2522.0,"{""Q0"":""the aiter is punch the mork""}",18347.0,punch,AC,n,The cowboy punches the nun.,the aiter is punch the mork,1
False,20552.0,"{""Q0"":""the sisther is follow the boxer""}",22032.0,follow,PC,n,The ballerina is followed by the pirate.,the sisther is follow the boxer,0
True,3136.0,"{""Q0"":""the soldier is follow by sailor""}",42813.0,follow,AC,y,The nun follows the doctor.,the soldier is follow by sailor,0
True,3009.0,"{""Q0"":""the thief is chase by sailf""}",37048.0,chase,PC,y,The monk is chased by the policeman.,the thief is chase by sailf,1
True,4397.0,"{""Q0"":""the joker is kick by waiter""}",16620.0,kick,AI,y,The policeman kick the boxer.,the joker is kick by waiter,1
True,22064.0,"{""Q0"":""the boxer is scold by police""}",20640.0,scold,PC,y,The doctor is scolded by the professor. ,the boxer is scold by police,1
True,3230.0,"{""Q0"":""the pirate is pull by dancer""}",41303.0,pull,AI,y,The boxer pull the soldier.,the pirate is pull by dancer,0
False,8632.0,"{""Q0"":""the cowboy is punch doctor""}",20370.0,punch,PC,y,The ballerina is punched by the artist.,the cowboy is punch doctor,1
True,1794.0,"{""Q0"":""the cowboy is push swimming men""}",27960.0,push,AI,y,The chef push the clown.,the cowboy is push swimming men,0
False,8004.0,"{""Q0"":""the cowboy is push by dancer""}",18338.0,push,PI,n,The monk is pushen by the policeman.,the cowboy is push by dancer,0
False,4457.0,"{""Q0"":""the police is slap boxer""}",21456.0,slap,AC,n,The cowboy slaps the ballerina.,the police is slap boxer,0
True,7517.0,"{""Q0"":""the sailor is slapped by cowboy""}",36485.0,slap,PC,y,The clown is slapped by the policeman.,the sailor is slapped by cowboy,0
False,3665.0,"{""Q0"":""the chef is shoot boxer""}",29961.0,shoot,AI,n,The actress shoot the robber. ,the chef is shoot boxer,0
True,8553.0,"{""Q0"":""the clowr is kissed by artist""}",48866.0,kiss,PC,n,The monk is kissed by the swimmer.,the clowr is kissed by artist,0
True,4779.0,"{""Q0"":""the doctor is tickled by waiter ""}",20641.0,tickle,AI,n,The soldier tickle the boxer.,the doctor is tickled by waiter ,0
True,6007.0,"{""Q0"":""the clown is pull by boxer""}",26831.0,pull,PI,n,The waitress is pullen by the pirate. ,the clown is pull by boxer,0
True,16624.0,"{""Q0"":""the swimming men is chase by police""}",27554.0,chase,AC,n,The policeman chases the robber.,the swimming men is chase by police,1
True,2308.0,"{""Q0"":""the doctor is chase by waiter""}",25383.0,chase,PC,n,The swimmer is chased by the nun.,the doctor is chase by waiter,1
True,4517.0,"{""Q0"":""the police is slap the swimmer""}",24811.0,slap,AC,y,The cowboy slaps the professor.,the police is slap the swimmer,0
True,2630.0,"{""Q0"":""the swimmer is shoot by clef""}",15233.0,shot,PI,y,The ballerina is shooted by the artist. ,the swimmer is shoot by clef,0
