resp_iscorrect,verif_rt,responses,descr_rt,T_verb,P_type,verif_ans,P_sentence,clear_responses,isactive
True,6982.0,"{""Q0"":""The man is followed by a pirate.""}",34740.0,follow,AC,y,The nun follows the doctor.,The man is followed by a pirate.,0
True,3875.0,"{""Q0"":""The man is followed by a nun.""}",33755.0,follow,PC,y,The ballerina is followed by the pirate. ,The man is followed by a nun.,0
False,8821.0,"{""Q0"":""The waitress kicked a man.""}",30230.0,kick,AI,y,The policeman kick the boxer.,The waitress kicked a man.,1
True,5983.0,"{""Q0"":""The robber is kicked by the waitress.""}",38802.0,kick,PI,n,The clown is kicken by the nun. ,The robber is kicked by the waitress.,0
True,7572.0,"{""Q0"":""The police officer chases a bandit.""}",50765.0,chase,AC,y,The nun chases the sailor.,The police officer chases a bandit.,1
True,4104.0,"{""Q0"":""A cowboy punches a ballerina.""}",24941.0,punch,PC,n,The policeman is punched by the artist.,A cowboy punches a ballerina.,1
True,6420.0,"{""Q0"":""The chef shoots the boxer.""}",21528.0,shoot,AI,n,The actress shoot the robber. ,The chef shoots the boxer.,1
True,5561.0,"{""Q0"":""The clown is pulled by the boxer.""}",24797.0,pull,PI,n,The waitress is pullen by the pirate. ,The clown is pulled by the boxer.,0
True,4049.0,"{""Q0"":""The painter punches the clown.""}",16205.0,punch,AC,y,The cowboy punches the swimmer.,The painter punches the clown.,1
False,6921.0,"{""Q0"":""The waitress tickles the priest.""}",83981.0,tickle,PI,y,The robber is ticklen by the soldier. ,The waitress tickles the priest.,1
True,2158.0,"{""Q0"":""The doctor is followed by a pirate.""}",40323.0,follow,AC,n,The nun follows the cowboy.,The doctor is followed by a pirate.,0
True,6726.0,"{""Q0"":""The boxer is scolded by a police officer.""}",27064.0,scold,PC,y,The doctor is scolded by the professor. ,The boxer is scolded by a police officer.,0
True,2847.0,"{""Q0"":""The police officer slaps the boxer.""}",19505.0,slap,AC,n,The cowboy slaps the ballerina.,The police officer slaps the boxer.,1
True,6540.0,"{""Q0"":""The painter kisses the clown.""}",17419.0,kiss,PC,n,The monk is kissed by the swimmer.,The painter kisses the clown.,1
True,2580.0,"{""Q0"":""The waitress tickles the doctor.""}",29085.0,tickle,AI,n,The soldier tickle the boxer.,The waitress tickles the doctor.,1
True,3358.0,"{""Q0"":""The soldier is scolded by the professor.""}",123365.0,scold,PC,n,The monk is scolded by the swimmer. ,The soldier is scolded by the professor.,0
True,12035.0,"{""Q0"":""The nun kisses the boxer.""}",10665.0,kiss,AC,y,The artist kisses the ballerina.,The nun kisses the boxer.,1
True,3775.0,"{""Q0"":""The nun follows the crying boxer.""}",41644.0,follow,PC,n,The ballerina is followed by the pirate.,The nun follows the crying boxer.,1
False,5528.0,"{""Q0"":""The soldier attempts to pull the ballerina.""}",27275.0,pull,AI,y,The boxer pull the soldier.,The soldier attempts to pull the ballerina.,1
True,2274.0,"{""Q0"":""The waitress chases the doctor.""}",23472.0,chase,PC,n,The swimmer is chased by the nun.,The waitress chases the doctor.,1
True,4492.0,"{""Q0"":""The professor scolds the sailor.""}",22691.0,scold,AC,y,The policeman scolds the doctor.,The professor scolds the sailor.,1
True,9353.0,"{""Q0"":""The bandit is chased by a pirate.""}",27109.0,chase,PC,y,The monk is chased by the policeman.,The bandit is chased by a pirate.,0
False,5696.0,"{""Q0"":""The cowboy pushed the swimmer.""}",19807.0,push,AI,y,The chef push the clown.,The cowboy pushed the swimmer.,1
False,11207.0,"{""Q0"":""The chef shoots towards the swimmer.""}",71600.0,shot,PI,y,The ballerina is shooted by the artist. ,The chef shoots towards the swimmer.,1
True,2189.0,"{""Q0"":""The sailor touches the swimmer.""}",11144.0,touch,AI,n,The waitress touch the professor.,The sailor touches the swimmer.,1
True,2814.0,"{""Q0"":""The cowboy is pushing the ballerina.""}",49408.0,push,PI,n,The monk is pushen by the policeman.,The cowboy is pushing the ballerina.,1
True,4116.0,"{""Q0"":""The police officer chases the swimmer.""}",28488.0,chase,AC,n,The policeman chases the robber.,The police officer chases the swimmer.,1
False,2384.0,"{""Q0"":""The sailor touches the clown.""}",18944.0,touch,PI,y,The doctor is touchen by the waitress.,The sailor touches the clown.,1
True,8388.0,"{""Q0"":""The police officer slapped the swimmer.""}",26468.0,slap,AC,y,The cowboy slaps the professor.,The police officer slapped the swimmer.,1
True,3253.0,"{""Q0"":""The nun attempted to kiss the ballerina.""}",39400.0,kiss,PC,y,The boxer is kissed by the artist.,The nun attempted to kiss the ballerina.,1
True,8807.0,"{""Q0"":""The soldier scolds at the ballerina.""}",17065.0,scold,AC,n,The waitress scolds the boxer.,The soldier scolds at the ballerina.,1
True,3564.0,"{""Q0"":""The cowboy slapped the ballerina.""}",38081.0,slap,PC,n,The nurse is slapped by  the policeman.,The cowboy slapped the ballerina.,1
True,2273.0,"{""Q0"":""The painter punches the monk.""}",18082.0,punch,AC,n,The cowboy punches the nun.,The painter punches the monk.,1
True,7053.0,"{""Q0"":""The doctor is punched by the cowboy.""}",22805.0,punch,PC,y,The ballerina is punched by the artist.,The doctor is punched by the cowboy.,0
True,2343.0,"{""Q0"":""The soldier is kissed by the painter.""}",57389.0,kiss,AC,n,The pirate kisses the clown.,The soldier is kissed by the painter.,0
True,6044.0,"{""Q0"":""The sailor is slapped by the cowboy.""}",20449.0,slap,PC,y,The clown is slapped by the policeman.,The sailor is slapped by the cowboy.,0
