resp_iscorrect,verif_rt,responses,descr_rt,T_verb,P_type,verif_ans,P_sentence,clear_responses,isactive
False,6858.0,"{""Q0"":""The cowboy pushes the swimmer""}",19776.0,push,AI,y,The chef push the clown.,The cowboy pushes the swimmer,1
False,6080.0,"{""Q0"":""The boxer is followed by the nun""}",22817.0,follow,PC,n,The ballerina is followed by the pirate.,The boxer is followed by the nun,0
False,2605.0,"{""Q0"":""The pirate is pulling the dancer""}",15937.0,pull,AI,y,The boxer pull the soldier.,The pirate is pulling the dancer,1
True,8871.0,"{""Q0"":""The monk is tickled by the maid""}",33268.0,tickle,PI,y,The robber is ticklen by the soldier. ,The monk is tickled by the maid,0
True,2824.0,"{""Q0"":""The navy wants to touch the swimmer""}",16721.0,touch,AI,n,The waitress touch the professor.,The navy wants to touch the swimmer,1
True,4136.0,"{""Q0"":""The soldier is followed by the nun""}",18617.0,follow,PC,y,The ballerina is followed by the pirate. ,The soldier is followed by the nun,0
False,2828.0,"{""Q0"":""the maid kicked the boxer""}",17832.0,kick,AI,y,The policeman kick the boxer.,the maid kicked the boxer,1
True,4165.0,"{""Q0"":""The robber is chased by the pirate""}",18086.0,chase,PC,y,The monk is chased by the policeman.,The robber is chased by the pirate,0
True,6770.0,"{""Q0"":""The chef is shooting the boxer""}",11531.0,shoot,AI,n,The actress shoot the robber. ,The chef is shooting the boxer,1
True,5581.0,"{""Q0"":""The navy gets slaped by the cowboy""}",27976.0,slap,PC,y,The clown is slapped by the policeman.,The navy gets slaped by the cowboy,1
True,4138.0,"{""Q0"":""The policeman is chasing the swimmer""}",13193.0,chase,AC,n,The policeman chases the robber.,The policeman is chasing the swimmer,1
True,2032.0,"{""Q0"":""The cowboy punched a dancer""}",15553.0,punch,PC,n,The policeman is punched by the artist.,The cowboy punched a dancer,1
False,3561.0,"{""Q0"":""The clown gets punched by the painter""}",12288.0,punch,AC,y,The cowboy punches the swimmer.,The clown gets punched by the painter,1
False,5525.0,"{""Q0"":""the swimmer gets shot by the chef""}",14637.0,shot,PI,y,The ballerina is shooted by the artist. ,the swimmer gets shot by the chef,1
True,2507.0,"{""Q0"":""The policeman is chasing the robber""}",10863.0,chase,AC,y,The nun chases the sailor.,The policeman is chasing the robber,1
True,3273.0,"{""Q0"":""The clown gets kissed by the artist""}",13234.0,kiss,PC,n,The monk is kissed by the swimmer.,The clown gets kissed by the artist,1
True,3579.0,"{""Q0"":""The monk is puched by the artist""}",13945.0,punch,AC,n,The cowboy punches the nun.,The monk is puched by the artist,0
False,3300.0,"{""Q0"":""The scholar is scolding the soldier""}",21403.0,scold,PC,n,The monk is scolded by the swimmer. ,The scholar is scolding the soldier,1
True,1148.0,"{""Q0"":""The cowboy gets slapped by the policeman""}",13072.0,slap,AC,n,The cowboy slaps the ballerina.,The cowboy gets slapped by the policeman,1
True,3672.0,"{""Q0"":""The dancer is slapped by the cowboy""}",12927.0,slap,PC,n,The nurse is slapped by  the policeman.,The dancer is slapped by the cowboy,0
True,2683.0,"{""Q0"":""The policeman slapped the swimmer""}",11185.0,slap,AC,y,The cowboy slaps the professor.,The policeman slapped the swimmer,1
False,6474.0,"{""Q0"":""The waitress is chasing the doctor""}",30452.0,chase,PC,n,The swimmer is chased by the nun.,The waitress is chasing the doctor,1
True,4536.0,"{""Q0"":""The scholar is scolding the navy""}",19476.0,scold,AC,y,The policeman scolds the doctor.,The scholar is scolding the navy,1
True,3101.0,"{""Q0"":""The cowboy is punching the doctor""}",15913.0,punch,PC,y,The ballerina is punched by the artist.,The cowboy is punching the doctor,1
True,1115.0,"{""Q0"":""The pirate is following the navy""}",29091.0,follow,AC,y,The nun follows the doctor.,The pirate is following the navy,1
True,7515.0,"{""Q0"":""The clown is touched by the navy""}",14905.0,touch,PI,y,The doctor is touchen by the waitress.,The clown is touched by the navy,0
True,8038.0,"{""Q0"":""The policeman is scolding the dancer""}",16011.0,scold,AC,n,The waitress scolds the boxer.,The policeman is scolding the dancer,1
True,2642.0,"{""Q0"":""The nun kissed the dancer""}",9176.0,kiss,PC,y,The boxer is kissed by the artist.,The nun kissed the dancer,1
True,2849.0,"{""Q0"":""the artist kissed the soldier""}",10947.0,kiss,AC,n,The pirate kisses the clown.,the artist kissed the soldier,1
True,3111.0,"{""Q0"":""is this experiment going to end??""}",11469.0,kick,PI,n,The clown is kicken by the nun. ,is this experiment going to end??,1
False,2264.0,"{""Q0"":""The boxer get kissed by the nun""}",8881.0,kiss,AC,y,The artist kisses the ballerina.,The boxer get kissed by the nun,1
True,2523.0,"{""Q0"":""The policeman is scolding the boxer""}",12286.0,scold,PC,y,The doctor is scolded by the professor. ,The policeman is scolding the boxer,1
True,4417.0,"{""Q0"":""The doctor is followed by the pirate""}",17991.0,follow,AC,n,The nun follows the cowboy.,The doctor is followed by the pirate,0
True,4270.0,"{""Q0"":""The cowboy pushed the dancer""}",14486.0,push,PI,n,The monk is pushen by the policeman.,The cowboy pushed the dancer,1
True,3160.0,"{""Q0"":""""}",24780.0,tickle,AI,n,The soldier tickle the boxer.,,1
True,5058.0,"{""Q0"":""the clown is pulled by the boxer""}",14864.0,pull,PI,n,The waitress is pullen by the pirate. ,the clown is pulled by the boxer,0
