resp_iscorrect,verif_rt,responses,descr_rt,T_verb,P_type,verif_ans,P_sentence,clear_responses,isactive
False,17506.0,"{""Q0"":""An artist punches a guy""}",23354.0,punch,AC,n,The cowboy punches the nun.,An artist punches a guy,1
True,37024.0,"{""Q0"":""A pirate is chasing a thief""}",27992.0,chase,PC,y,The monk is chased by the policeman.,A pirate is chasing a thief,1
True,7821.0,"{""Q0"":""The waitress kicks the clown""}",13638.0,kick,AI,y,The policeman kick the boxer.,The waitress kicks the clown,1
True,11477.0,"{""Q0"":""A chef shoots a swimmer""}",22433.0,shot,PI,y,The ballerina is shooted by the artist. ,A chef shoots a swimmer,1
True,22936.0,"{""Q0"":""A doctor is followed by a pirate""}",12296.0,follow,AC,n,The nun follows the cowboy.,A doctor is followed by a pirate,0
True,8113.0,"{""Q0"":""A clown is kissed by an artist""}",19227.0,kiss,PC,n,The monk is kissed by the swimmer.,A clown is kissed by an artist,0
True,25119.0,"{""Q0"":""A swimmer is chased by a policeman""}",20348.0,chase,AC,n,The policeman chases the robber.,A swimmer is chased by a policeman,0
True,21161.0,"{""Q0"":""A pastor is trying to kiss the ballerina""}",60059.0,kiss,PC,y,The boxer is kissed by the artist.,A pastor is trying to kiss the ballerina,0
True,29083.0,"{""Q0"":""The pirate follows the sailor""}",12671.0,follow,AC,y,The nun follows the doctor.,The pirate follows the sailor,1
True,49174.0,"{""Q0"":""The boxer is scolded by the policeman""}",16909.0,scold,PC,y,The doctor is scolded by the professor. ,The boxer is scolded by the policeman,0
False,44430.0,"{""Q0"":""A policeman slaps a boxer""}",16242.0,slap,AC,n,The cowboy slaps the ballerina.,A policeman slaps a boxer,1
True,4283.0,"{""Q0"":""The sailor touches the clown""}",12837.0,touch,PI,y,The doctor is touchen by the waitress.,The sailor touches the clown,1
True,2204.0,"{""Q0"":""The artist kisses the soldier""}",10694.0,kiss,AC,n,The pirate kisses the clown.,The artist kisses the soldier,1
True,13426.0,"{""Q0"":""The ballerina is pushed by the cowboy""}",24309.0,push,PI,n,The monk is pushen by the policeman.,The ballerina is pushed by the cowboy,0
True,36888.0,"{""Q0"":""The ballerina is scolded by the policeman""}",23498.0,scold,AC,n,The waitress scolds the boxer.,The ballerina is scolded by the policeman,0
True,11967.0,"{""Q0"":""The sailor is slapped by the cowboy""}",12519.0,slap,PC,y,The clown is slapped by the policeman.,The sailor is slapped by the cowboy,0
True,2314.0,"{""Q0"":""The sailor touches the swimmer""}",9844.0,touch,AI,n,The waitress touch the professor.,The sailor touches the swimmer,1
True,2091.0,"{""Q0"":""The nun follows the soldier""}",9750.0,follow,PC,y,The ballerina is followed by the pirate. ,The nun follows the soldier,1
True,2980.0,"{""Q0"":""The artist punches the clown""}",7707.0,punch,AC,y,The cowboy punches the swimmer.,The artist punches the clown,1
True,3593.0,"{""Q0"":""The boxer is pulling the clown""}",9294.0,pull,PI,n,The waitress is pullen by the pirate. ,The boxer is pulling the clown,1
True,4013.0,"{""Q0"":""The cowboy pushes the swimmer""}",7541.0,push,AI,y,The chef push the clown.,The cowboy pushes the swimmer,1
True,4697.0,"{""Q0"":""The waitress is tickling the monk""}",14816.0,tickle,PI,y,The robber is ticklen by the soldier. ,The waitress is tickling the monk,1
True,3469.0,"{""Q0"":""The nun is kissing the boxer""}",11460.0,kiss,AC,y,The artist kisses the ballerina.,The nun is kissing the boxer,1
True,2254.0,"{""Q0"":""The ballerina is slapped by the cowboy""}",10740.0,slap,PC,n,The nurse is slapped by  the policeman.,The ballerina is slapped by the cowboy,0
True,4751.0,"{""Q0"":""The waitress tickles the doctor""}",10243.0,tickle,AI,n,The soldier tickle the boxer.,The waitress tickles the doctor,1
True,19848.0,"{""Q0"":""The soldier is scolded by the professor""}",22650.0,scold,PC,n,The monk is scolded by the swimmer. ,The soldier is scolded by the professor,0
True,38019.0,"{""Q0"":""The pirate is pulling the ballerina""}",13651.0,pull,AI,y,The boxer pull the soldier.,The pirate is pulling the ballerina,1
True,2534.0,"{""Q0"":""The robber is kicked by a waitress""}",20686.0,kick,PI,n,The clown is kicken by the nun. ,The robber is kicked by a waitress,0
True,32719.0,"{""Q0"":""The policeman slaps the swimmer""}",9174.0,slap,AC,y,The cowboy slaps the professor.,The policeman slaps the swimmer,1
False,3741.0,"{""Q0"":""The ballerina is punched by the cowboy""}",9955.0,punch,PC,n,The policeman is punched by the artist.,The ballerina is punched by the cowboy,0
False,17425.0,"{""Q0"":""The chef shoot the boxer""}",11427.0,shoot,AI,n,The actress shoot the robber. ,The chef shoot the boxer,1
True,2007.0,"{""Q0"":""The cowboy punches the doctor""}",9028.0,punch,PC,y,The ballerina is punched by the artist.,The cowboy punches the doctor,1
True,12517.0,"{""Q0"":""The robber is chased by the police""}",10063.0,chase,AC,y,The nun chases the sailor.,The robber is chased by the police,0
True,26083.0,"{""Q0"":""The nun follows the boxer""}",7691.0,follow,PC,n,The ballerina is followed by the pirate.,The nun follows the boxer,1
True,1464.0,"{""Q0"":""The professor scolds the sailor""}",10610.0,scold,AC,y,The policeman scolds the doctor.,The professor scolds the sailor,1
True,2506.0,"{""Q0"":""The doctor is chased by a waitress""}",10959.0,chase,PC,n,The swimmer is chased by the nun.,The doctor is chased by a waitress,0
