resp_iscorrect,verif_rt,responses,descr_rt,T_verb,P_type,verif_ans,P_sentence,clear_responses,isactive
True,4261.0,"{""Q0"":""professur scolds a sailor""}",16741.0,scold,AC,y,The policeman scolds the doctor.,professur scolds a sailor,1
True,3825.0,"{""Q0"":""dancer is kissed by pastor""}",34617.0,kiss,PC,y,The boxer is kissed by the artist.,dancer is kissed by pastor,0
True,15032.0,"{""Q0"":""pastor kisses boxer""}",24287.0,kiss,AC,y,The artist kisses the ballerina.,pastor kisses boxer,1
True,7934.0,"{""Q0"":""boxer is followed by a pastor""}",18244.0,follow,PC,n,The ballerina is followed by the pirate.,boxer is followed by a pastor,0
True,5622.0,"{""Q0"":""soldier scolds a dancer""}",13065.0,scold,AC,n,The waitress scolds the boxer.,soldier scolds a dancer,1
True,3269.0,"{""Q0"":""farmer pushed dancer""}",13514.0,push,PI,n,The monk is pushen by the policeman.,farmer pushed dancer,1
True,5388.0,"{""Q0"":""sailor touches swimmer""}",21784.0,touch,AI,n,The waitress touch the professor.,sailor touches swimmer,1
True,5490.0,"{""Q0"":""farmer slaps a dancer""}",10583.0,slap,PC,n,The nurse is slapped by  the policeman.,farmer slaps a dancer,1
False,4765.0,"{""Q0"":""police slaps a boxer""}",17157.0,slap,AC,n,The cowboy slaps the ballerina.,police slaps a boxer,1
True,4515.0,"{""Q0"":""cook shoots swimmer""}",10354.0,shot,PI,y,The ballerina is shooted by the artist. ,cook shoots swimmer,1
True,4105.0,"{""Q0"":""police chases a robber""}",32713.0,chase,AC,y,The nun chases the sailor.,police chases a robber,1
True,11831.0,"{""Q0"":""professor scolds a soldier""}",49307.0,scold,PC,n,The monk is scolded by the swimmer. ,professor scolds a soldier,1
True,2630.0,"{""Q0"":""police chases a swimmer""}",9513.0,chase,AC,n,The policeman chases the robber.,police chases a swimmer,1
True,5597.0,"{""Q0"":""sailor touch the men""}",66226.0,touch,PI,y,The doctor is touchen by the waitress.,sailor touch the men,1
True,6549.0,"{""Q0"":""waitress tickles doctor""}",17299.0,tickle,AI,n,The soldier tickle the boxer.,waitress tickles doctor,1
True,2585.0,"{""Q0"":""waitress tickle pastor""}",23751.0,tickle,PI,y,The robber is ticklen by the soldier. ,waitress tickle pastor,1
True,16886.0,"{""Q0"":""painter kisses soldier""}",18156.0,kiss,AC,n,The pirate kisses the clown.,painter kisses soldier,1
True,33501.0,"{""Q0"":""painter kisses clown""}",25247.0,kiss,PC,n,The monk is kissed by the swimmer.,painter kisses clown,1
True,2649.0,"{""Q0"":""robber follows sailor""}",7956.0,follow,AC,y,The nun follows the doctor.,robber follows sailor,1
True,6165.0,"{""Q0"":""waitress kick robber""}",11330.0,kick,PI,n,The clown is kicken by the nun. ,waitress kick robber,1
False,4201.0,"{""Q0"":""painter punch pastor""}",12544.0,punch,AC,n,The cowboy punches the nun.,painter punch pastor,1
True,5062.0,"{""Q0"":""boxer pull clown""}",17150.0,pull,PI,n,The waitress is pullen by the pirate. ,boxer pull clown,1
True,8369.0,"{""Q0"":""cook shoot boxer""}",19356.0,shoot,AI,n,The actress shoot the robber. ,cook shoot boxer,1
True,2930.0,"{""Q0"":""robber chases thief""}",173007.0,chase,PC,y,The monk is chased by the policeman.,robber chases thief,1
False,4354.0,"{""Q0"":""robber follows doctor""}",10623.0,follow,AC,n,The nun follows the cowboy.,robber follows doctor,1
True,2399.0,"{""Q0"":""pastor follows soldier""}",14397.0,follow,PC,y,The ballerina is followed by the pirate. ,pastor follows soldier,1
True,1216.0,"{""Q0"":""waitress kicks man""}",12704.0,kick,AI,y,The policeman kick the boxer.,waitress kicks man,1
False,3821.0,"{""Q0"":""waitress chase doctor ""}",19193.0,chase,PC,n,The swimmer is chased by the nun.,waitress chase doctor ,1
True,1840.0,"{""Q0"":""robber pull dancer""}",10025.0,pull,AI,y,The boxer pull the soldier.,robber pull dancer,1
True,2409.0,"{""Q0"":""cowboy punch dancer""}",16175.0,punch,PC,n,The policeman is punched by the artist.,cowboy punch dancer,1
True,2430.0,"{""Q0"":""cowboy push swimmer""}",16735.0,push,AI,y,The chef push the clown.,cowboy push swimmer,1
True,2880.0,"{""Q0"":""cowboy punch doctor""}",18309.0,punch,PC,y,The ballerina is punched by the artist.,cowboy punch doctor,1
True,3709.0,"{""Q0"":""painter punch clown""}",13777.0,punch,AC,y,The cowboy punches the swimmer.,painter punch clown,1
True,2202.0,"{""Q0"":""police scolds boxer""}",9246.0,scold,PC,y,The doctor is scolded by the professor. ,police scolds boxer,1
True,6790.0,"{""Q0"":""police slaps swimmer""}",10201.0,slap,AC,y,The cowboy slaps the professor.,police slaps swimmer,1
True,2207.0,"{""Q0"":""cowboy slap sailor""}",13543.0,slap,PC,y,The clown is slapped by the policeman.,cowboy slap sailor,1
