resp_iscorrect,verif_rt,responses,descr_rt,T_verb,P_type,verif_ans,P_sentence,clear_responses,isactive
True,3755.0,"{""Q0"":""a bandit is following a sailor""}",53354.0,follow,AC,y,The nun follows the doctor.,a bandit is following a sailor,1
True,12112.0,"{""Q0"":""a cowboy is punching a dancer""}",33364.0,punch,PC,n,The policeman is punched by the artist.,a cowboy is punching a dancer,1
False,10483.0,"{""Q0"":""A chief shoots a boxer""}",21563.0,shoot,AI,n,The actress shoot the robber. ,A chief shoots a boxer,1
True,7354.0,"{""Q0"":""The policeman is scolding the boxer ""}",24089.0,scold,PC,y,The doctor is scolded by the professor. ,The policeman is scolding the boxer ,1
True,6751.0,"{""Q0"":""The nun kisses the boxer.""}",35529.0,kiss,AC,y,The artist kisses the ballerina.,The nun kisses the boxer.,1
True,4261.0,"{""Q0"":""The nun follows a boxer""}",9279.0,follow,PC,n,The ballerina is followed by the pirate.,The nun follows a boxer,1
True,7408.0,"{""Q0"":""the policeman is chasing a thief""}",19619.0,chase,AC,y,The nun chases the sailor.,the policeman is chasing a thief,1
True,7891.0,"{""Q0"":""The friar is tickled by the waitress""}",72590.0,tickle,PI,y,The robber is ticklen by the soldier. ,The friar is tickled by the waitress,0
True,14021.0,"{""Q0"":""The artist kisses the soldier""}",10348.0,kiss,AC,n,The pirate kisses the clown.,The artist kisses the soldier,1
True,6226.0,"{""Q0"":""The nun is following the soldier""}",7492.0,follow,PC,y,The ballerina is followed by the pirate. ,The nun is following the soldier,1
True,2754.0,"{""Q0"":""The policman is scolding the dancer""}",10703.0,scold,AC,n,The waitress scolds the boxer.,The policman is scolding the dancer,1
True,4624.0,"{""Q0"":""The cowboy is slapping the sailor""}",12068.0,slap,PC,y,The clown is slapped by the policeman.,The cowboy is slapping the sailor,1
True,2026.0,"{""Q0"":""The policeman is slapping a swimmer""}",16101.0,slap,AC,y,The cowboy slaps the professor.,The policeman is slapping a swimmer,1
False,2756.0,"{""Q0"":""The cowboy is punching the doctor""}",9430.0,punch,PC,y,The ballerina is punched by the artist.,The cowboy is punching the doctor,1
True,2608.0,"{""Q0"":""The artistis punches the clown""}",8374.0,punch,AC,y,The cowboy punches the swimmer.,The artistis punches the clown,1
True,1582.0,"{""Q0"":""The professor is scolding the soldier""}",13058.0,scold,PC,n,The monk is scolded by the swimmer. ,The professor is scolding the soldier,1
True,4171.0,"{""Q0"":""The cowboy is pushing the swimmer""}",16244.0,push,AI,y,The chef push the clown.,The cowboy is pushing the swimmer,1
True,3017.0,"{""Q0"":""The thief is chasing by the pirate""}",9575.0,chase,PC,y,The monk is chased by the policeman.,The thief is chasing by the pirate,1
True,2438.0,"{""Q0"":""The policeman slaps the boxer""}",11862.0,slap,AC,n,The cowboy slaps the ballerina.,The policeman slaps the boxer,1
True,1554.0,"{""Q0"":""The doctor is chased by the waitress""}",15563.0,chase,PC,n,The swimmer is chased by the nun.,The doctor is chased by the waitress,0
True,2894.0,"{""Q0"":""The waitress is tickling the doctor""}",13452.0,tickle,AI,n,The soldier tickle the boxer.,The waitress is tickling the doctor,1
False,17551.0,"{""Q0"":""The sailor is touching the clown""}",10696.0,touch,PI,y,The doctor is touchen by the waitress.,The sailor is touching the clown,1
True,1638.0,"{""Q0"":""The professor scolds the sailor""}",10341.0,scold,AC,y,The policeman scolds the doctor.,The professor scolds the sailor,1
True,9646.0,"{""Q0"":""The nun kisses the dancer""}",8071.0,kiss,PC,y,The boxer is kissed by the artist.,The nun kisses the dancer,1
True,2598.0,"{""Q0"":""The pirate is pulling the dancer""}",10434.0,pull,AI,y,The boxer pull the soldier.,The pirate is pulling the dancer,1
True,10314.0,"{""Q0"":""The artist kisses the clown""}",9163.0,kiss,PC,n,The monk is kissed by the swimmer.,The artist kisses the clown,1
True,4385.0,"{""Q0"":""The artists punches the monk""}",11620.0,punch,AC,n,The cowboy punches the nun.,The artists punches the monk,1
True,2878.0,"{""Q0"":""The waitress kicks the theif""}",9941.0,kick,PI,n,The clown is kicken by the nun. ,The waitress kicks the theif,1
True,5402.0,"{""Q0"":""The waitress kicks the clown""}",13801.0,kick,AI,y,The policeman kick the boxer.,The waitress kicks the clown,1
True,3248.0,"{""Q0"":""The cowboy slaps dancer""}",21554.0,slap,PC,n,The nurse is slapped by  the policeman.,The cowboy slaps dancer,1
True,64149.0,"{""Q0"":""The sailor is touching the swimmer""}",12094.0,touch,AI,n,The waitress touch the professor.,The sailor is touching the swimmer,1
True,2321.0,"{""Q0"":""The cowboys pushes the dancer""}",10811.0,push,PI,n,The monk is pushen by the policeman.,The cowboys pushes the dancer,1
True,16445.0,"{""Q0"":""The priate is following the doctor""}",64447.0,follow,AC,n,The nun follows the cowboy.,The priate is following the doctor,1
True,7230.0,"{""Q0"":""The boxer is pulling the clown""}",9136.0,pull,PI,n,The waitress is pullen by the pirate. ,The boxer is pulling the clown,1
True,3817.0,"{""Q0"":""The policeman is chasing the swimmer""}",8353.0,chase,AC,n,The policeman chases the robber.,The policeman is chasing the swimmer,1
True,8874.0,"{""Q0"":""The chief shoots the swimmer""}",20266.0,shot,PI,y,The ballerina is shooted by the artist. ,The chief shoots the swimmer,1
