resp_iscorrect,verif_rt,responses,descr_rt,T_verb,P_type,verif_ans,P_sentence,clear_responses,isactive
True,4923.0,"{""Q0"":""Th soldier slaps a swimmer.""}",35673.0,slap,AC,y,The cowboy slaps the professor.,Th soldier slaps a swimmer.,1
False,6354.0,"{""Q0"":""The sailor almost touch the idiot.""}",29158.0,touch,PI,y,The doctor is touchen by the waitress.,The sailor almost touch the idiot.,1
False,9735.0,"{""Q0"":""The waitress tickles the doctor.""}",16280.0,tickle,AI,n,The soldier tickle the boxer.,The waitress tickles the doctor.,1
True,18830.0,"{""Q0"":""The churchman is tickled by the waitress.""}",16620.0,tickle,PI,y,The robber is ticklen by the soldier. ,The churchman is tickled by the waitress.,0
True,3606.0,"{""Q0"":""The sailor is trying to touch the swimmer.""}",27875.0,touch,AI,n,The waitress touch the professor.,The sailor is trying to touch the swimmer.,0
True,6793.0,"{""Q0"":""The rubber is chased by the pirate.""}",19615.0,chase,PC,y,The monk is chased by the policeman.,The rubber is chased by the pirate.,0
True,5030.0,"{""Q0"":""The policeman is chasing the swimmer.""}",11380.0,chase,AC,n,The policeman chases the robber.,The policeman is chasing the swimmer.,1
True,3298.0,"{""Q0"":""The dancer is punched by the cowboy.""}",17182.0,punch,PC,n,The policeman is punched by the artist.,The dancer is punched by the cowboy.,0
True,9087.0,"{""Q0"":""The waitress kicked the clown.""}",30142.0,kick,AI,y,The policeman kick the boxer.,The waitress kicked the clown.,1
True,12225.0,"{""Q0"":""The chef is shooting the swimmer.""}",33351.0,shot,PI,y,The ballerina is shooted by the artist. ,The chef is shooting the swimmer.,1
True,10512.0,"{""Q0"":""The pirate is following the sailor.""}",15650.0,follow,AC,y,The nun follows the doctor.,The pirate is following the sailor.,1
True,2728.0,"{""Q0"":""The dentist is punched by the cowboy.""}",14421.0,punch,PC,y,The ballerina is punched by the artist.,The dentist is punched by the cowboy.,0
True,4215.0,"{""Q0"":""The chef is shooting the boxer.""}",10105.0,shoot,AI,n,The actress shoot the robber. ,The chef is shooting the boxer.,1
True,2686.0,"{""Q0"":""The nun is trying to kiss the ballerina.""}",15702.0,kiss,PC,y,The boxer is kissed by the artist.,The nun is trying to kiss the ballerina.,0
True,2244.0,"{""Q0"":""The professor scolds the sailor.""}",13554.0,scold,AC,y,The policeman scolds the doctor.,The professor scolds the sailor.,1
True,3807.0,"{""Q0"":""The ballerina is pushed by the cowboy.""}",12306.0,push,PI,n,The monk is pushen by the policeman.,The ballerina is pushed by the cowboy.,0
True,2413.0,"{""Q0"":""The monk is punched by the artist.""}",14528.0,punch,AC,n,The cowboy punches the nun.,The monk is punched by the artist.,0
True,3437.0,"{""Q0"":""The boxer is scolded by the policeman.""}",12585.0,scold,PC,y,The doctor is scolded by the professor. ,The boxer is scolded by the policeman.,0
True,2526.0,"{""Q0"":""The pirate follows the doctor.""}",17119.0,follow,AC,n,The nun follows the cowboy.,The pirate follows the doctor.,1
True,2404.0,"{""Q0"":""The shooter is scolded by the professor.""}",24316.0,scold,PC,n,The monk is scolded by the swimmer. ,The shooter is scolded by the professor.,0
True,2739.0,"{""Q0"":""Thee pirate is pulling a ballerina.""}",17268.0,pull,AI,y,The boxer pull the soldier.,Thee pirate is pulling a ballerina.,1
True,5043.0,"{""Q0"":""The cowboy slaps the sailor.""}",19997.0,slap,PC,y,The clown is slapped by the policeman.,The cowboy slaps the sailor.,1
True,2923.0,"{""Q0"":""The policeman scolds the ballerina.""}",19713.0,scold,AC,n,The waitress scolds the boxer.,The policeman scolds the ballerina.,1
True,3058.0,"{""Q0"":""The clown is pulled by the boxer.""}",17548.0,pull,PI,n,The waitress is pullen by the pirate. ,The clown is pulled by the boxer.,0
True,2560.0,"{""Q0"":""The artist punches the clown.""}",14406.0,punch,AC,y,The cowboy punches the swimmer.,The artist punches the clown.,1
True,2435.0,"{""Q0"":""The waitress kicks the robber.""}",14145.0,kick,PI,n,The clown is kicken by the nun. ,The waitress kicks the robber.,1
True,2545.0,"{""Q0"":""The nun kisses the boxer.""}",10279.0,kiss,AC,y,The artist kisses the ballerina.,The nun kisses the boxer.,1
True,10067.0,"{""Q0"":""The clown is kissed by the artist.""}",18145.0,kiss,PC,n,The monk is kissed by the swimmer.,The clown is kissed by the artist.,0
True,3648.0,"{""Q0"":""the policeman slaps the boxer.""}",17574.0,slap,AC,n,The cowboy slaps the ballerina.,the policeman slaps the boxer.,1
True,3444.0,"{""Q0"":""The soldier is followed by the monk.""}",11632.0,follow,PC,y,The ballerina is followed by the pirate. ,The soldier is followed by the monk.,0
False,4648.0,"{""Q0"":""The cowboy pushes the swimmer.""}",11051.0,push,AI,y,The chef push the clown.,The cowboy pushes the swimmer.,1
True,3258.0,"{""Q0"":""The doctor is chased by the waitress.""}",11099.0,chase,PC,n,The swimmer is chased by the nun.,The doctor is chased by the waitress.,0
True,12052.0,"{""Q0"":""The artist kisses the soldier.""}",18688.0,kiss,AC,n,The pirate kisses the clown.,The artist kisses the soldier.,1
True,2545.0,"{""Q0"":""The boxer is followed by the monk.""}",8529.0,follow,PC,n,The ballerina is followed by the pirate.,The boxer is followed by the monk.,0
True,5431.0,"{""Q0"":""The policeman cases the robber.""}",9184.0,chase,AC,y,The nun chases the sailor.,The policeman cases the robber.,1
True,2337.0,"{""Q0"":""The ballerina is slapped by the cowboy.""}",13901.0,slap,PC,n,The nurse is slapped by  the policeman.,The ballerina is slapped by the cowboy.,0
