resp_iscorrect,verif_rt,responses,descr_rt,T_verb,P_type,verif_ans,P_sentence,clear_responses,isactive
True,2701.0,"{""Q0"":""painter punching nun""}",14694.0,punch,AC,n,The cowboy punches the nun.,painter punching nun,1
True,12115.0,"{""Q0"":""cowboy punching doctor""}",15031.0,punch,PC,y,The ballerina is punched by the artist.,cowboy punching doctor,1
True,9325.0,"{""Q0"":""painter punches clown""}",35409.0,punch,AC,y,The cowboy punches the swimmer.,painter punches clown,1
True,17419.0,"{""Q0"":""waitress chasing doctore""}",12391.0,chase,PC,n,The swimmer is chased by the nun.,waitress chasing doctore,1
True,7878.0,"{""Q0"":""solider slaps boxer""}",10047.0,slap,AC,n,The cowboy slaps the ballerina.,solider slaps boxer,1
True,3177.0,"{""Q0"":""waitress tickles the nun""}",19256.0,tickle,PI,y,The robber is ticklen by the soldier. ,waitress tickles the nun,1
True,12319.0,"{""Q0"":""the pirates follows the doctor""}",32552.0,follow,AC,n,The nun follows the cowboy.,the pirates follows the doctor,1
True,24401.0,"{""Q0"":""the nun follows the boxer""}",13053.0,follow,PC,n,The ballerina is followed by the pirate.,the nun follows the boxer,1
True,1908.0,"{""Q0"":""the nun kisses the boxer""}",20824.0,kiss,AC,y,The artist kisses the ballerina.,the nun kisses the boxer,1
True,6181.0,"{""Q0"":""the solider scolds the boxer""}",14688.0,scold,PC,y,The doctor is scolded by the professor. ,the solider scolds the boxer,1
True,11749.0,"{""Q0"":""waitress tickles the doctor""}",13713.0,tickle,AI,n,The soldier tickle the boxer.,waitress tickles the doctor,1
True,5827.0,"{""Q0"":""the professor scolds the solider""}",47792.0,scold,PC,n,The monk is scolded by the swimmer. ,the professor scolds the solider,1
True,2371.0,"{""Q0"":""the waitress kicks the clown""}",11831.0,kick,AI,y,The policeman kick the boxer.,the waitress kicks the clown,1
True,4560.0,"{""Q0"":""the sailer toches the clown""}",9178.0,touch,PI,y,The doctor is touchen by the waitress.,the sailer toches the clown,1
True,47276.0,"{""Q0"":""the professor scolds the sailer""}",9680.0,scold,AC,y,The policeman scolds the doctor.,the professor scolds the sailer,1
True,69962.0,"{""Q0"":""the cowboy punches the dancer""}",21128.0,punch,PC,n,The policeman is punched by the artist.,the cowboy punches the dancer,1
False,1772.0,"{""Q0"":""the cook shoots the boxer""}",26617.0,shoot,AI,n,The actress shoot the robber. ,the cook shoots the boxer,1
True,59287.0,"{""Q0"":""the cowboy slaps the dancer""}",63408.0,slap,PC,n,The nurse is slapped by  the policeman.,the cowboy slaps the dancer,1
True,2276.0,"{""Q0"":""the painter kisses the solider""}",9249.0,kiss,AC,n,The pirate kisses the clown.,the painter kisses the solider,1
True,7197.0,"{""Q0"":""the boxer pulls the clown""}",10137.0,pull,PI,n,The waitress is pullen by the pirate. ,the boxer pulls the clown,1
True,37907.0,"{""Q0"":""the policeman chases the robber""}",32388.0,chase,AC,y,The nun chases the sailor.,the policeman chases the robber,1
True,3670.0,"{""Q0"":""the pirate chases the robber""}",34510.0,chase,PC,y,The monk is chased by the policeman.,the pirate chases the robber,1
True,2785.0,"{""Q0"":""the sailer touches the swimmer""}",47806.0,touch,AI,n,The waitress touch the professor.,the sailer touches the swimmer,1
True,6920.0,"{""Q0"":""the cowboy pushes the dancer""}",22305.0,push,PI,n,The monk is pushen by the policeman.,the cowboy pushes the dancer,1
True,1211.0,"{""Q0"":""the policeman scolds the dancer""}",8439.0,scold,AC,n,The waitress scolds the boxer.,the policeman scolds the dancer,1
True,6449.0,"{""Q0"":""the waitress kicks the robber""}",28319.0,kick,PI,n,The clown is kicken by the nun. ,the waitress kicks the robber,1
True,3456.0,"{""Q0"":""the cowboy pushes the swimmer""}",15712.0,push,AI,y,The chef push the clown.,the cowboy pushes the swimmer,1
True,8116.0,"{""Q0"":""the num kisses the dancer""}",14374.0,kiss,PC,y,The boxer is kissed by the artist.,the num kisses the dancer,1
True,2397.0,"{""Q0"":""the pirate follows the sailer""}",8943.0,follow,AC,y,The nun follows the doctor.,the pirate follows the sailer,1
True,3667.0,"{""Q0"":""the painter kisses the clown""}",15559.0,kiss,PC,n,The monk is kissed by the swimmer.,the painter kisses the clown,1
False,1174.0,"{""Q0"":""the policeman chases teh swimer""}",10593.0,chase,AC,n,The policeman chases the robber.,the policeman chases teh swimer,1
True,4505.0,"{""Q0"":""the num follows the solider""}",19623.0,follow,PC,y,The ballerina is followed by the pirate. ,the num follows the solider,1
True,1770.0,"{""Q0"":""the pirate pulls the dancer""}",9206.0,pull,AI,y,The boxer pull the soldier.,the pirate pulls the dancer,1
True,3156.0,"{""Q0"":""the chef shoots the swimmer""}",24319.0,shot,PI,y,The ballerina is shooted by the artist. ,the chef shoots the swimmer,1
True,3102.0,"{""Q0"":""the policeman slaps the swimmer""}",9329.0,slap,AC,y,The cowboy slaps the professor.,the policeman slaps the swimmer,1
True,6848.0,"{""Q0"":""the cowboy slaps the sailer""}",14878.0,slap,PC,y,The clown is slapped by the policeman.,the cowboy slaps the sailer,1
