resp_iscorrect,verif_rt,responses,descr_rt,T_verb,P_type,verif_ans,P_sentence,clear_responses,isactive
True,17199.0,"{""Q0"":""An artist is kissing a soldier.""}",15298.0,kiss,AC,n,The pirate kisses the clown.,An artist is kissing a soldier.,1
True,4836.0,"{""Q0"":""A cowboy is pushing a ballerina.""}",11778.0,push,PI,n,The monk is pushen by the policeman.,A cowboy is pushing a ballerina.,1
True,3543.0,"{""Q0"":""A scholar is scolding a sailor.""}",13797.0,scold,AC,y,The policeman scolds the doctor.,A scholar is scolding a sailor.,1
True,3218.0,"{""Q0"":""A boxer is trying to pull a clown.""}",11374.0,pull,PI,n,The waitress is pullen by the pirate. ,A boxer is trying to pull a clown.,0
True,3069.0,"{""Q0"":""The waitress is kicking the clown.""}",21695.0,kick,AI,y,The policeman kick the boxer.,The waitress is kicking the clown.,1
True,3699.0,"{""Q0"":""A cowboy is slapping a ballerina.""}",11030.0,slap,PC,n,The nurse is slapped by  the policeman.,A cowboy is slapping a ballerina.,1
True,2803.0,"{""Q0"":""A policeman is scolding a ballerina.""}",11247.0,scold,AC,n,The waitress scolds the boxer.,A policeman is scolding a ballerina.,1
True,1951.0,"{""Q0"":""A boxer is followed by a woman.""}",25416.0,follow,PC,n,The ballerina is followed by the pirate.,A boxer is followed by a woman.,0
True,4766.0,"{""Q0"":""A policeman is chasing a thief.""}",17019.0,chase,AC,y,The nun chases the sailor.,A policeman is chasing a thief.,1
True,2956.0,"{""Q0"":""A waitress is kicking a thief.""}",12509.0,kick,PI,n,The clown is kicken by the nun. ,A waitress is kicking a thief.,1
True,2516.0,"{""Q0"":""A waitress is tickling a doctor.""}",14785.0,tickle,AI,n,The soldier tickle the boxer.,A waitress is tickling a doctor.,1
True,3219.0,"{""Q0"":""A ballerina is punched by a cowboy.""}",8792.0,punch,PC,n,The policeman is punched by the artist.,A ballerina is punched by a cowboy.,0
True,2443.0,"{""Q0"":""A doctor is followed by a pirate.""}",9697.0,follow,AC,n,The nun follows the cowboy.,A doctor is followed by a pirate.,0
True,3846.0,"{""Q0"":""A boxer is scolded by a policeman.""}",12962.0,scold,PC,y,The doctor is scolded by the professor. ,A boxer is scolded by a policeman.,0
True,4588.0,"{""Q0"":""A sailor touches a swimmer.""}",11978.0,touch,AI,n,The waitress touch the professor.,A sailor touches a swimmer.,1
True,8649.0,"{""Q0"":""A swimmer is shot by a baker.""}",13140.0,shot,PI,y,The ballerina is shooted by the artist. ,A swimmer is shot by a baker.,0
True,5558.0,"{""Q0"":""A pirate is trying to pull a ballerina.""}",8854.0,pull,AI,y,The boxer pull the soldier.,A pirate is trying to pull a ballerina.,0
True,3172.0,"{""Q0"":""A soldier is scolded by a scholar.""}",9134.0,scold,PC,n,The monk is scolded by the swimmer. ,A soldier is scolded by a scholar.,0
True,6107.0,"{""Q0"":""A cowboy pushes a swimmer.""}",9494.0,push,AI,y,The chef push the clown.,A cowboy pushes a swimmer.,1
True,4058.0,"{""Q0"":""An artist is kissing a clown.""}",15337.0,kiss,PC,n,The monk is kissed by the swimmer.,An artist is kissing a clown.,1
True,2203.0,"{""Q0"":""An artist punches a clown.""}",8321.0,punch,AC,y,The cowboy punches the swimmer.,An artist punches a clown.,1
True,2484.0,"{""Q0"":""A doctor is chased by a waitress.""}",8435.0,chase,PC,n,The swimmer is chased by the nun.,A doctor is chased by a waitress.,0
True,1918.0,"{""Q0"":""A pirate follows a sailor.""}",11905.0,follow,AC,y,The nun follows the doctor.,A pirate follows a sailor.,1
True,4390.0,"{""Q0"":""A thief is chased by a pirate.""}",7785.0,chase,PC,y,The monk is chased by the policeman.,A thief is chased by a pirate.,0
True,2412.0,"{""Q0"":""A policeman slaps a swimmer.""}",9167.0,slap,AC,y,The cowboy slaps the professor.,A policeman slaps a swimmer.,1
True,4148.0,"{""Q0"":""A doctor is punched by a cowboy.""}",10256.0,punch,PC,y,The ballerina is punched by the artist.,A doctor is punched by a cowboy.,0
True,2095.0,"{""Q0"":""A monk is punched by an artist.""}",9662.0,punch,AC,n,The cowboy punches the nun.,A monk is punched by an artist.,0
True,2092.0,"{""Q0"":""A sailor is slapped by a cowboy.""}",8938.0,slap,PC,y,The clown is slapped by the policeman.,A sailor is slapped by a cowboy.,0
True,2908.0,"{""Q0"":""A nun kisses a boxer.""}",6755.0,kiss,AC,y,The artist kisses the ballerina.,A nun kisses a boxer.,1
True,2318.0,"{""Q0"":""A soldier is followed by a nun.""}",8841.0,follow,PC,y,The ballerina is followed by the pirate. ,A soldier is followed by a nun.,0
True,2476.0,"{""Q0"":""A policeman slaps a boxer.""}",8573.0,slap,AC,n,The cowboy slaps the ballerina.,A policeman slaps a boxer.,1
False,8954.0,"{""Q0"":""A clown is touched by a sailor.""}",13485.0,touch,PI,y,The doctor is touchen by the waitress.,A clown is touched by a sailor.,0
True,9637.0,"{""Q0"":""A baker shoots a boxer.""}",8587.0,shoot,AI,n,The actress shoot the robber. ,A baker shoots a boxer.,1
False,7474.0,"{""Q0"":""A monk is tickled by a waitress.""}",17240.0,tickle,PI,y,The robber is ticklen by the soldier. ,A monk is tickled by a waitress.,0
True,3316.0,"{""Q0"":""A policeman is chasing a swimmer.""}",8247.0,chase,AC,n,The policeman chases the robber.,A policeman is chasing a swimmer.,1
True,4673.0,"{""Q0"":""A nun is kissing a ballerina.""}",7947.0,kiss,PC,y,The boxer is kissed by the artist.,A nun is kissing a ballerina.,1
