resp_iscorrect,verif_rt,responses,descr_rt,T_verb,P_type,verif_ans,P_sentence,clear_responses,isactive
True,12979.0,"{""Q0"":""the police men is chasing the swimmer""}",14589.0,chase,AC,n,The policeman chases the robber.,the police men is chasing the swimmer,1
True,7611.0,"{""Q0"":""the dancer is punched by the cowboy""}",12660.0,punch,PC,n,The policeman is punched by the artist.,the dancer is punched by the cowboy,0
True,4240.0,"{""Q0"":""the cowboy push the swimmer""}",16239.0,push,AI,y,The chef push the clown.,the cowboy push the swimmer,1
True,6446.0,"{""Q0"":""the artist is kissing the clown""}",20490.0,kiss,PC,n,The monk is kissed by the swimmer.,the artist is kissing the clown,1
True,3974.0,"{""Q0"":""the waitress kicks the clown""}",17989.0,kick,AI,y,The policeman kick the boxer.,the waitress kicks the clown,1
True,8521.0,"{""Q0"":""the doctor is punched by the cowboy""}",9996.0,punch,PC,y,The ballerina is punched by the artist.,the doctor is punched by the cowboy,0
True,4538.0,"{""Q0"":""the artist punched the clown""}",8343.0,punch,AC,y,The cowboy punches the swimmer.,the artist punched the clown,1
True,5948.0,"{""Q0"":""the waitress is chasing the doctor""}",12575.0,chase,PC,n,The swimmer is chased by the nun.,the waitress is chasing the doctor,1
True,3170.0,"{""Q0"":""the waitress tickles the doctor""}",10725.0,tickle,AI,n,The soldier tickle the boxer.,the waitress tickles the doctor,1
True,4545.0,"{""Q0"":""the sailor touches the clown""}",12879.0,touch,PI,y,The doctor is touchen by the waitress.,the sailor touches the clown,1
True,1697.0,"{""Q0"":""the pirate pulls the ballerina""}",40785.0,pull,AI,y,The boxer pull the soldier.,the pirate pulls the ballerina,1
True,18443.0,"{""Q0"":""the ballerina is slated by the cowboy""}",19048.0,slap,PC,n,The nurse is slapped by  the policeman.,the ballerina is slated by the cowboy,0
True,3100.0,"{""Q0"":""the sailor touches the swimmer""}",9986.0,touch,AI,n,The waitress touch the professor.,the sailor touches the swimmer,1
True,3163.0,"{""Q0"":""the ballerina is pushed by the cowboy""}",16158.0,push,PI,n,The monk is pushen by the policeman.,the ballerina is pushed by the cowboy,0
True,3640.0,"{""Q0"":""the police chases the thief""}",11190.0,chase,AC,y,The nun chases the sailor.,the police chases the thief,1
True,5534.0,"{""Q0"":""the pirate is chasing the thief""}",11963.0,chase,PC,y,The monk is chased by the policeman.,the pirate is chasing the thief,1
True,4767.0,"{""Q0"":""the monk kisses the boxer""}",7086.0,kiss,AC,y,The artist kisses the ballerina.,the monk kisses the boxer,1
True,12814.0,"{""Q0"":""the boxer is scolded by the police""}",10230.0,scold,PC,y,The doctor is scolded by the professor. ,the boxer is scolded by the police,0
True,3834.0,"{""Q0"":""the professor scolds the sailor""}",11170.0,scold,AC,y,The policeman scolds the doctor.,the professor scolds the sailor,1
True,7816.0,"{""Q0"":""the clown is pulled by the boxer""}",22831.0,pull,PI,n,The waitress is pullen by the pirate. ,the clown is pulled by the boxer,0
True,1958.0,"{""Q0"":""the police scolds the ballerina ""}",11063.0,scold,AC,n,The waitress scolds the boxer.,the police scolds the ballerina ,1
True,4133.0,"{""Q0"":""the soldier is followed by the monk""}",95329.0,follow,PC,y,The ballerina is followed by the pirate. ,the soldier is followed by the monk,0
True,20371.0,"{""Q0"":""the pirate follows the sailor""}",8073.0,follow,AC,y,The nun follows the doctor.,the pirate follows the sailor,1
True,4576.0,"{""Q0"":""the num follows the boxer""}",53216.0,follow,PC,n,The ballerina is followed by the pirate.,the num follows the boxer,1
True,2257.0,"{""Q0"":""the artist punches the monk""}",10138.0,punch,AC,n,The cowboy punches the nun.,the artist punches the monk,1
True,27933.0,"{""Q0"":""the num is kissing the ballerina""}",20476.0,kiss,PC,y,The boxer is kissed by the artist.,the num is kissing the ballerina,1
True,18744.0,"{""Q0"":""the artist is kissing the soldier""}",20890.0,kiss,AC,n,The pirate kisses the clown.,the artist is kissing the soldier,1
True,9254.0,"{""Q0"":""the professor scolds the soldier""}",11403.0,scold,PC,n,The monk is scolded by the swimmer. ,the professor scolds the soldier,1
True,3970.0,"{""Q0"":""the pirate follows the doctor""}",29761.0,follow,AC,n,The nun follows the cowboy.,the pirate follows the doctor,1
True,2239.0,"{""Q0"":""the waitress kicks the thief""}",13005.0,kick,PI,n,The clown is kicken by the nun. ,the waitress kicks the thief,1
True,5840.0,"{""Q0"":""the police slaps the swimmer""}",8571.0,slap,AC,y,The cowboy slaps the professor.,the police slaps the swimmer,1
True,2728.0,"{""Q0"":""the sailor is slated by the cowboy""}",13417.0,slap,PC,y,The clown is slapped by the policeman.,the sailor is slated by the cowboy,0
True,2271.0,"{""Q0"":""the police slaps the boxer""}",10428.0,slap,AC,n,The cowboy slaps the ballerina.,the police slaps the boxer,1
True,5111.0,"{""Q0"":""the waitress tickles the monk""}",27211.0,tickle,PI,y,The robber is ticklen by the soldier. ,the waitress tickles the monk,1
True,2544.0,"{""Q0"":""the chief shoots the boxer""}",8041.0,shoot,AI,n,The actress shoot the robber. ,the chief shoots the boxer,1
True,2829.0,"{""Q0"":""the chief shoots the swimmer""}",8574.0,shot,PI,y,The ballerina is shooted by the artist. ,the chief shoots the swimmer,1
