resp_iscorrect,verif_rt,responses,descr_rt,T_verb,P_type,verif_ans,P_sentence,clear_responses,isactive
True,5635.0,"{""Q0"":""The police officer slaps a person who just came out of the pool. ""}",48858.0,slap,AC,y,The cowboy slaps the professor.,The police officer slaps a person who just came out of the pool. ,1
True,15321.0,"{""Q0"":""A waitress kicked a thief""}",47562.0,kick,PI,n,The clown is kicken by the nun. ,A waitress kicked a thief,1
True,2530.0,"{""Q0"":""The waitress kicked a clown.""}",35286.0,kick,AI,y,The policeman kick the boxer.,The waitress kicked a clown.,1
True,3191.0,"{""Q0"":""The sailor touched the clown.""}",13798.0,touch,PI,y,The doctor is touchen by the waitress.,The sailor touched the clown.,1
True,10025.0,"{""Q0"":""The sailor touches a swimmer. ""}",36945.0,touch,AI,n,The waitress touch the professor.,The sailor touches a swimmer. ,1
True,3320.0,"{""Q0"":""The professor is scolding a terrorist. ""}",39294.0,scold,PC,n,The monk is scolded by the swimmer. ,The professor is scolding a terrorist. ,1
True,2711.0,"{""Q0"":""The cowboy pushed the swimmer.""}",17267.0,push,AI,y,The chef push the clown.,The cowboy pushed the swimmer.,1
True,3694.0,"{""Q0"":""The cowboy slapped a ballet dancer. ""}",28901.0,slap,PC,n,The nurse is slapped by  the policeman.,The cowboy slapped a ballet dancer. ,1
True,11249.0,"{""Q0"":""A pirate follows the sailor. ""}",23613.0,follow,AC,y,The nun follows the doctor.,A pirate follows the sailor. ,1
True,9508.0,"{""Q0"":""The cowboy pushes a dancer""}",17962.0,push,PI,n,The monk is pushen by the policeman.,The cowboy pushes a dancer,1
True,3931.0,"{""Q0"":""The police officer is chasing the swimmer.""}",21330.0,chase,AC,n,The policeman chases the robber.,The police officer is chasing the swimmer.,1
True,6478.0,"{""Q0"":""The cowboy punches the doctor.""}",18640.0,punch,PC,y,The ballerina is punched by the artist.,The cowboy punches the doctor.,1
True,5957.0,"{""Q0"":""The artist punches the clown.""}",15417.0,punch,AC,y,The cowboy punches the swimmer.,The artist punches the clown.,1
True,3472.0,"{""Q0"":""The pirate is chasing the thief.""}",19338.0,chase,PC,y,The monk is chased by the policeman.,The pirate is chasing the thief.,1
True,7276.0,"{""Q0"":""The chef shot the boxer.""}",22712.0,shoot,AI,n,The actress shoot the robber. ,The chef shot the boxer.,1
True,3213.0,"{""Q0"":""The police officer is scolding the boxer.""}",14125.0,scold,PC,y,The doctor is scolded by the professor. ,The police officer is scolding the boxer.,1
True,1844.0,"{""Q0"":""A monk kisses a boxer.""}",12831.0,kiss,AC,y,The artist kisses the ballerina.,A monk kisses a boxer.,1
True,6693.0,"{""Q0"":""The clown is kissed by an artist.""}",27309.0,kiss,PC,n,The monk is kissed by the swimmer.,The clown is kissed by an artist.,0
True,5643.0,"{""Q0"":""The pirate is pulling the ballerina""}",22393.0,pull,AI,y,The boxer pull the soldier.,The pirate is pulling the ballerina,1
True,3252.0,"{""Q0"":""A chef shot a swimmer.""}",16071.0,shot,PI,y,The ballerina is shooted by the artist. ,A chef shot a swimmer.,1
True,4202.0,"{""Q0"":""The waitress tickles the doctor""}",15941.0,tickle,AI,n,The soldier tickle the boxer.,The waitress tickles the doctor,1
True,2845.0,"{""Q0"":""The nun want to kiss the ballerina""}",29764.0,kiss,PC,y,The boxer is kissed by the artist.,The nun want to kiss the ballerina,1
True,6933.0,"{""Q0"":""The police officer slapped the boxer.""}",18123.0,slap,AC,n,The cowboy slaps the ballerina.,The police officer slapped the boxer.,1
True,3722.0,"{""Q0"":""A nun is following the soldier.""}",27387.0,follow,PC,y,The ballerina is followed by the pirate. ,A nun is following the soldier.,1
True,2076.0,"{""Q0"":""The police officer is scolding the ballerina.""}",14658.0,scold,AC,n,The waitress scolds the boxer.,The police officer is scolding the ballerina.,1
True,2971.0,"{""Q0"":""The boxer is pulling the clown.""}",13941.0,pull,PI,n,The waitress is pullen by the pirate. ,The boxer is pulling the clown.,1
True,3510.0,"{""Q0"":""The professor is scolding the sailor""}",19870.0,scold,AC,y,The policeman scolds the doctor.,The professor is scolding the sailor,1
True,8777.0,"{""Q0"":""The waitress is tickling the monk.""}",26630.0,tickle,PI,y,The robber is ticklen by the soldier. ,The waitress is tickling the monk.,1
True,2668.0,"{""Q0"":""The artist kisses the soldier""}",13373.0,kiss,AC,n,The pirate kisses the clown.,The artist kisses the soldier,1
True,2994.0,"{""Q0"":""The nun is following the boxer.""}",18539.0,follow,PC,n,The ballerina is followed by the pirate.,The nun is following the boxer.,1
True,6500.0,"{""Q0"":""The police officer is chasing the robber""}",14798.0,chase,AC,y,The nun chases the sailor.,The police officer is chasing the robber,1
True,8024.0,"{""Q0"":""The cowboy slapping the sailor""}",14894.0,slap,PC,y,The clown is slapped by the policeman.,The cowboy slapping the sailor,1
True,3750.0,"{""Q0"":""The artist punches the monk""}",17935.0,punch,AC,n,The cowboy punches the nun.,The artist punches the monk,1
True,3021.0,"{""Q0"":""The waitress is chasing the doctor""}",13370.0,chase,PC,n,The swimmer is chased by the nun.,The waitress is chasing the doctor,1
True,6649.0,"{""Q0"":""The pirate is following the doctor""}",11460.0,follow,AC,n,The nun follows the cowboy.,The pirate is following the doctor,1
True,2423.0,"{""Q0"":""The cowboy punched the ballerina""}",18149.0,punch,PC,n,The policeman is punched by the artist.,The cowboy punched the ballerina,1
