resp_iscorrect,verif_rt,responses,descr_rt,T_verb,P_type,verif_ans,P_sentence,clear_responses,isactive
False,14992.0,"{""Q0"":""the painter punches the nun ""}",13393.0,punch,AC,n,The cowboy punches the nun.,the painter punches the nun ,1
False,5492.0,"{""Q0"":""the doctor is being chased by the nurse ""}",16047.0,chase,PC,n,The swimmer is chased by the nun.,the doctor is being chased by the nurse ,0
False,7819.0,"{""Q0"":""The pirate pulls the ballerina ""}",59065.0,pull,AI,y,The boxer pull the soldier.,The pirate pulls the ballerina ,1
False,11220.0,"{""Q0"":""The clown is touched by the sailor ""}",14555.0,touch,PI,y,The doctor is touchen by the waitress.,The clown is touched by the sailor ,0
True,7552.0,"{""Q0"":""the police chases the robber""}",92298.0,chase,AC,y,The nun chases the sailor.,the police chases the robber,1
False,11002.0,"{""Q0"":""the cowboy slaps the ballerina ""}",55374.0,slap,PC,n,The nurse is slapped by  the policeman.,the cowboy slaps the ballerina ,1
False,10773.0,"{""Q0"":""The mattress kicked the clown ""}",15417.0,kick,AI,y,The policeman kick the boxer.,The mattress kicked the clown ,1
True,4136.0,"{""Q0"":""the chief shoots the swimmer ""}",60566.0,shot,PI,y,The ballerina is shooted by the artist. ,the chief shoots the swimmer ,1
False,3883.0,"{""Q0"":""the police slaps the boxer ""}",8873.0,slap,AC,n,The cowboy slaps the ballerina.,the police slaps the boxer ,1
True,6989.0,"{""Q0"":""the pirate chases the robber ""}",39422.0,chase,PC,y,The monk is chased by the policeman.,the pirate chases the robber ,1
False,9828.0,"{""Q0"":""the chief shoots the boxer""}",12993.0,shoot,AI,n,The actress shoot the robber. ,the chief shoots the boxer,1
False,11974.0,"{""Q0"":""the mattress tickles the nun ""}",23985.0,tickle,PI,y,The robber is ticklen by the soldier. ,the mattress tickles the nun ,1
True,5670.0,"{""Q0"":""the police slaps the swimmer ""}",10010.0,slap,AC,y,The cowboy slaps the professor.,the police slaps the swimmer ,1
False,7783.0,"{""Q0"":""the cowboy punches the doctor ""}",14577.0,punch,PC,y,The ballerina is punched by the artist.,the cowboy punches the doctor ,1
True,6971.0,"{""Q0"":""the painter kisses the solider ""}",11387.0,kiss,AC,n,The pirate kisses the clown.,the painter kisses the solider ,1
False,9899.0,"{""Q0"":""the cowboy slaps the sailor ""}",9625.0,slap,PC,y,The clown is slapped by the policeman.,the cowboy slaps the sailor ,1
True,4485.0,"{""Q0"":""the sailor touches the swimmer ""}",13565.0,touch,AI,n,The waitress touch the professor.,the sailor touches the swimmer ,1
False,7423.0,"{""Q0"":""the cowboy pushes the ballerina""}",28668.0,push,PI,n,The monk is pushen by the policeman.,the cowboy pushes the ballerina,1
False,3924.0,"{""Q0"":""the police scolds the ballerina""}",37971.0,scold,AC,n,The waitress scolds the boxer.,the police scolds the ballerina,1
False,23599.0,"{""Q0"":""the nun is following the boxer""}",16973.0,follow,PC,n,The ballerina is followed by the pirate.,the nun is following the boxer,1
True,4491.0,"{""Q0"":""the professor scolds the sailor ""}",16365.0,scold,AC,y,The policeman scolds the doctor.,the professor scolds the sailor ,1
True,5368.0,"{""Q0"":""the painter kisses the clown""}",13400.0,kiss,PC,n,The monk is kissed by the swimmer.,the painter kisses the clown,1
False,4338.0,"{""Q0"":""the policeman chases the swimmer ""}",15266.0,chase,AC,n,The policeman chases the robber.,the policeman chases the swimmer ,1
True,2740.0,"{""Q0"":""the policeman scolds the boxer""}",13185.0,scold,PC,y,The doctor is scolded by the professor. ,the policeman scolds the boxer,1
True,5611.0,"{""Q0"":""the painter punches the clown ""}",9262.0,punch,AC,y,The cowboy punches the swimmer.,the painter punches the clown ,1
True,2434.0,"{""Q0"":""the soldier is followed by the nun ""}",12231.0,follow,PC,y,The ballerina is followed by the pirate. ,the soldier is followed by the nun ,0
False,2487.0,"{""Q0"":""the cowboy pushes the swimmer ""}",13900.0,push,AI,y,The chef push the clown.,the cowboy pushes the swimmer ,1
True,2925.0,"{""Q0"":""the cowboy punches the ballerina ""}",19721.0,punch,PC,n,The policeman is punched by the artist.,the cowboy punches the ballerina ,1
False,6135.0,"{""Q0"":""the pirate follows the doctor ""}",14937.0,follow,AC,n,The nun follows the cowboy.,the pirate follows the doctor ,1
True,3389.0,"{""Q0"":""the mattress kicks the robber ""}",11207.0,kick,PI,n,The clown is kicken by the nun. ,the mattress kicks the robber ,1
True,2382.0,"{""Q0"":""the nun kisses the boxer""}",16283.0,kiss,AC,y,The artist kisses the ballerina.,the nun kisses the boxer,1
True,4727.0,"{""Q0"":""the nun kisses the ballerina ""}",18364.0,kiss,PC,y,The boxer is kissed by the artist.,the nun kisses the ballerina ,1
True,3834.0,"{""Q0"":""the pirate follows the sailor""}",10682.0,follow,AC,y,The nun follows the doctor.,the pirate follows the sailor,1
True,3280.0,"{""Q0"":""the clown is pulled by the boxer""}",13742.0,pull,PI,n,The waitress is pullen by the pirate. ,the clown is pulled by the boxer,0
True,3303.0,"{""Q0"":""the mattress tickles the doctor ""}",14557.0,tickle,AI,n,The soldier tickle the boxer.,the mattress tickles the doctor ,1
False,3068.0,"{""Q0"":""the professor scolds the solider ""}",13674.0,scold,PC,n,The monk is scolded by the swimmer. ,the professor scolds the solider ,1
