resp_iscorrect,verif_rt,responses,descr_rt,T_verb,P_type,verif_ans,P_sentence,clear_responses,isactive
True,1202.0,"{""Q0"":""the man slaps""}",7041.0,slap,AC,y,The cowboy slaps the professor.,the man slaps,1
True,1822.0,"{""Q0"":""the woman""}",6615.0,tickle,PI,y,The robber is ticklen by the soldier. ,the woman,1
True,4798.0,"{""Q0"":""the man pushes""}",9779.0,push,AI,y,The chef push the clown.,the man pushes,1
False,153.0,"{""Q0"":""the woman chases""}",6895.0,chase,PC,n,The swimmer is chased by the nun.,the woman chases,1
True,1660.0,"{""Q0"":""the nun kisses""}",6248.0,kiss,AC,y,The artist kisses the ballerina.,the nun kisses,1
False,1303.0,"{""Q0"":""the cowboy punches""}",6822.0,punch,PC,n,The policeman is punched by the artist.,the cowboy punches,1
False,1224.0,"{""Q0"":""The salior touches""}",6575.0,touch,AI,n,The waitress touch the professor.,The salior touches,1
False,1066.0,"{""Q0"":""the cowboy slaps""}",10361.0,slap,PC,n,The nurse is slapped by  the policeman.,the cowboy slaps,1
True,2294.0,"{""Q0"":""the man follows another man""}",10947.0,follow,AC,y,The nun follows the doctor.,the man follows another man,1
True,12087.0,"{""Q0"":""the boxer is followed by a nun""}",13418.0,follow,PC,n,The ballerina is followed by the pirate.,the boxer is followed by a nun,0
True,2349.0,"{""Q0"":""the artist punches a joker""}",8544.0,punch,AC,y,The cowboy punches the swimmer.,the artist punches a joker,1
True,3240.0,"{""Q0"":""the artist kisses the joker""}",19341.0,kiss,PC,n,The monk is kissed by the swimmer.,the artist kisses the joker,1
True,3173.0,"{""Q0"":""the boxer is slapped by a police""}",8852.0,slap,AC,n,The cowboy slaps the ballerina.,the boxer is slapped by a police,0
True,3614.0,"{""Q0"":""the robber is kicked by a woman""}",8955.0,kick,PI,n,The clown is kicken by the nun. ,the robber is kicked by a woman,0
True,7449.0,"{""Q0"":""a pulls b""}",11543.0,pull,AI,y,The boxer pull the soldier.,a pulls b,1
True,3339.0,"{""Q0"":""a shoots b""}",3480.0,shot,PI,y,The ballerina is shooted by the artist. ,a shoots b,1
True,2469.0,"{""Q0"":""a kisses b""}",6134.0,kiss,AC,n,The pirate kisses the clown.,a kisses b,1
True,8217.0,"{""Q0"":""the boxer is pulling a clown""}",14140.0,pull,PI,n,The waitress is pullen by the pirate. ,the boxer is pulling a clown,1
True,1394.0,"{""Q0"":""the porf is scolder a sailor""}",13617.0,scold,AC,y,The policeman scolds the doctor.,the porf is scolder a sailor,1
True,921.0,"{""Q0"":""nmsl""}",4447.0,chase,PC,y,The monk is chased by the policeman.,nmsl,1
True,4354.0,"{""Q0"":""are you a real person? a chases b""}",11214.0,chase,AC,n,The policeman chases the robber.,are you a real person? a chases b,1
True,13143.0,"{""Q0"":""So are you a bot? a pushes b""}",10256.0,push,PI,n,The monk is pushen by the policeman.,So are you a bot? a pushes b,0
True,11199.0,"{""Q0"":""sudo rm -rf""}",45162.0,shoot,AI,n,The actress shoot the robber. ,sudo rm -rf,1
True,4379.0,"{""Q0"":""the clown is touched by a sailor""}",13562.0,touch,PI,y,The doctor is touchen by the waitress.,the clown is touched by a sailor,0
True,4719.0,"{""Q0"":""a kickes b""}",16435.0,kick,AI,y,The policeman kick the boxer.,a kickes b,1
False,9438.0,"{""Q0"":""a scolds b""}",10739.0,scold,PC,n,The monk is scolded by the swimmer. ,a scolds b,1
True,12306.0,"{""Q0"":""a tickles b""}",5627.0,tickle,AI,n,The soldier tickle the boxer.,a tickles b,1
True,3353.0,"{""Q0"":""the nun kisses the  dancer""}",19051.0,kiss,PC,y,The boxer is kissed by the artist.,the nun kisses the  dancer,1
False,137.0,"{""Q0"":""the dancer is scolded by a policeman""}",10411.0,scold,AC,n,The waitress scolds the boxer.,the dancer is scolded by a policeman,0
True,3067.0,"{""Q0"":""the sailor is by the cowboy""}",20976.0,slap,PC,y,The clown is slapped by the policeman.,the sailor is by the cowboy,1
True,4605.0,"{""Q0"":""the monk is punched by the artist""}",13061.0,punch,AC,n,The cowboy punches the nun.,the monk is punched by the artist,0
True,4830.0,"{""Q0"":""the doctor is punched by the cowboy""}",11564.0,punch,PC,y,The ballerina is punched by the artist.,the doctor is punched by the cowboy,0
True,1768.0,"{""Q0"":""the robber is chased by a policeman""}",9575.0,chase,AC,y,The nun chases the sailor.,the robber is chased by a policeman,0
True,2375.0,"{""Q0"":""the nun follows a solider""}",29848.0,follow,PC,y,The ballerina is followed by the pirate. ,the nun follows a solider,1
True,3758.0,"{""Q0"":""The doctor is followed by a pirate""}",14518.0,follow,AC,n,The nun follows the cowboy.,The doctor is followed by a pirate,0
True,9366.0,"{""Q0"":""the police is scolded the boxer""}",10748.0,scold,PC,y,The doctor is scolded by the professor. ,the police is scolded the boxer,0
