resp_iscorrect,verif_rt,responses,descr_rt,T_verb,P_type,verif_ans,P_sentence,clear_responses,isactive
True,10490.0,"{""Q0"":""The waitress kicked the man""}",29221.0,kick,AI,y,The policeman kick the boxer.,The waitress kicked the man,1
True,8654.0,"{""Q0"":""The waitress is trying to tickle the man""}",28987.0,tickle,PI,y,The robber is ticklen by the soldier. ,The waitress is trying to tickle the man,1
True,6620.0,"{""Q0"":""The police slaps a man in swimming suit""}",32575.0,slap,AC,y,The cowboy slaps the professor.,The police slaps a man in swimming suit,1
True,4770.0,"{""Q0"":""The thief is chased by a pirate""}",22001.0,chase,PC,y,The monk is chased by the policeman.,The thief is chased by a pirate,0
True,5351.0,"{""Q0"":""The cook is shooting the boxer""}",17727.0,shoot,AI,n,The actress shoot the robber. ,The cook is shooting the boxer,1
True,4144.0,"{""Q0"":""The cowboy slaps the sailor""}",15820.0,slap,PC,y,The clown is slapped by the policeman.,The cowboy slaps the sailor,1
True,4497.0,"{""Q0"":""The pirate is pulling a dancer by a rope""}",33887.0,pull,AI,y,The boxer pull the soldier.,The pirate is pulling a dancer by a rope,1
True,11166.0,"{""Q0"":""The cowboy is going to push the dancer""}",28682.0,push,PI,n,The monk is pushen by the policeman.,The cowboy is going to push the dancer,0
True,15025.0,"{""Q0"":""The police slaps the boxer""}",16889.0,slap,AC,n,The cowboy slaps the ballerina.,The police slaps the boxer,1
True,10445.0,"{""Q0"":""The doctor was chased by the waitress""}",16228.0,chase,PC,n,The swimmer is chased by the nun.,The doctor was chased by the waitress,0
True,2238.0,"{""Q0"":""The artist kisses the soldier""}",39528.0,kiss,AC,n,The pirate kisses the clown.,The artist kisses the soldier,1
True,2654.0,"{""Q0"":""The clown is pulled by the boxer""}",16820.0,pull,PI,n,The waitress is pullen by the pirate. ,The clown is pulled by the boxer,0
True,2445.0,"{""Q0"":""The sailor touches the swimmer""}",16236.0,touch,AI,n,The waitress touch the professor.,The sailor touches the swimmer,1
True,3225.0,"{""Q0"":""The ballerina is punched by a cowboy""}",29475.0,punch,PC,n,The policeman is punched by the artist.,The ballerina is punched by a cowboy,0
True,2983.0,"{""Q0"":""The nun kisses the boxer""}",13377.0,kiss,AC,y,The artist kisses the ballerina.,The nun kisses the boxer,1
True,4023.0,"{""Q0"":""The doctor is punched by the cowboy""}",18173.0,punch,PC,y,The ballerina is punched by the artist.,The doctor is punched by the cowboy,0
True,6029.0,"{""Q0"":""The pirate follows the doctor""}",12169.0,follow,AC,n,The nun follows the cowboy.,The pirate follows the doctor,1
True,3541.0,"{""Q0"":""The nun wants to kiss the ballerina""}",19379.0,kiss,PC,y,The boxer is kissed by the artist.,The nun wants to kiss the ballerina,1
True,3210.0,"{""Q0"":""The sailor is being scolded by the professor""}",27105.0,scold,AC,y,The policeman scolds the doctor.,The sailor is being scolded by the professor,0
True,3416.0,"{""Q0"":""The cowboy slaps the ballerina""}",17259.0,slap,PC,n,The nurse is slapped by  the policeman.,The cowboy slaps the ballerina,1
True,4178.0,"{""Q0"":""The police is chasing the thief""}",14635.0,chase,AC,y,The nun chases the sailor.,The police is chasing the thief,1
True,3314.0,"{""Q0"":""The professor is scolding a soldier""}",16226.0,scold,PC,n,The monk is scolded by the swimmer. ,The professor is scolding a soldier,1
True,3008.0,"{""Q0"":""The pirate follows the sailor""}",12984.0,follow,AC,y,The nun follows the doctor.,The pirate follows the sailor,1
False,12838.0,"{""Q0"":""The sailor wants to touch the clown""}",13963.0,touch,PI,y,The doctor is touchen by the waitress.,The sailor wants to touch the clown,1
True,2008.0,"{""Q0"":""The swimmer is chased by the police""}",13774.0,chase,AC,n,The policeman chases the robber.,The swimmer is chased by the police,0
True,2604.0,"{""Q0"":""The artist kisses the clown""}",10262.0,kiss,PC,n,The monk is kissed by the swimmer.,The artist kisses the clown,1
True,3314.0,"{""Q0"":""The artist punched the nun""}",17988.0,punch,AC,n,The cowboy punches the nun.,The artist punched the nun,1
False,13782.0,"{""Q0"":""The cook is shooting the swimmer""}",16039.0,shot,PI,y,The ballerina is shooted by the artist. ,The cook is shooting the swimmer,1
True,2717.0,"{""Q0"":""The police scolds the ballerina""}",16319.0,scold,AC,n,The waitress scolds the boxer.,The police scolds the ballerina,1
True,4724.0,"{""Q0"":""The nun is following the soldier""}",15098.0,follow,PC,y,The ballerina is followed by the pirate. ,The nun is following the soldier,1
False,5631.0,"{""Q0"":""The cowboy pushed the swimmer""}",14279.0,push,AI,y,The chef push the clown.,The cowboy pushed the swimmer,1
True,5869.0,"{""Q0"":""The police scolds the boxer""}",17601.0,scold,PC,y,The doctor is scolded by the professor. ,The police scolds the boxer,1
True,6218.0,"{""Q0"":""The artist punched the clown""}",15097.0,punch,AC,y,The cowboy punches the swimmer.,The artist punched the clown,1
True,8729.0,"{""Q0"":""The waitress kicked the thief""}",17583.0,kick,PI,n,The clown is kicken by the nun. ,The waitress kicked the thief,1
True,3064.0,"{""Q0"":""The waitress tickles the doctor""}",14531.0,tickle,AI,n,The soldier tickle the boxer.,The waitress tickles the doctor,1
True,2346.0,"{""Q0"":""The boxer is followed by the nun""}",16268.0,follow,PC,n,The ballerina is followed by the pirate.,The boxer is followed by the nun,0
