resp_iscorrect,verif_rt,responses,descr_rt,T_verb,P_type,verif_ans,P_sentence,clear_responses,isactive
True,8783.0,"{""Q0"":""The god father is kissing the boxer.""}",24971.0,kiss,AC,y,The artist kisses the ballerina.,The god father is kissing the boxer.,1
True,6595.0,"{""Q0"":""The bald is pulled by the boxer.""}",35770.0,pull,PI,n,The waitress is pullen by the pirate. ,The bald is pulled by the boxer.,0
True,6133.0,"{""Q0"":""The cow boy is pushing the swimmer.""}",42336.0,push,AI,y,The chef push the clown.,The cow boy is pushing the swimmer.,1
True,13560.0,"{""Q0"":""The swimmer is shot by the chef.""}",39555.0,shot,PI,y,The ballerina is shooted by the artist. ,The swimmer is shot by the chef.,0
True,14351.0,"{""Q0"":""The soldier slaps the swimmer.""}",22854.0,slap,AC,y,The cowboy slaps the professor.,The soldier slaps the swimmer.,1
True,5138.0,"{""Q0"":""The cowboy is punching the doctor.""}",15328.0,punch,PC,y,The ballerina is punched by the artist.,The cowboy is punching the doctor.,1
True,4546.0,"{""Q0"":""The soldier is slapping the boxer.""}",16160.0,slap,AC,n,The cowboy slaps the ballerina.,The soldier is slapping the boxer.,1
True,3779.0,"{""Q0"":""The boxer is followed by the god father.""}",18795.0,follow,PC,n,The ballerina is followed by the pirate.,The boxer is followed by the god father.,0
True,5085.0,"{""Q0"":""The professor is scolding the navy.""}",46670.0,scold,AC,y,The policeman scolds the doctor.,The professor is scolding the navy.,1
True,7060.0,"{""Q0"":""The soldier is followed by the god father.""}",22107.0,follow,PC,y,The ballerina is followed by the pirate. ,The soldier is followed by the god father.,0
True,3313.0,"{""Q0"":""The pirate pulls the ballerina.""}",27754.0,pull,AI,y,The boxer pull the soldier.,The pirate pulls the ballerina.,1
False,8073.0,"{""Q0"":""The doctor is followed by the nurse.""}",19279.0,chase,PC,n,The swimmer is chased by the nun.,The doctor is followed by the nurse.,0
True,5947.0,"{""Q0"":""The artist is kissing the soldier.""}",16149.0,kiss,AC,n,The pirate kisses the clown.,The artist is kissing the soldier.,1
True,8055.0,"{""Q0"":""The god father is kissing dancer.""}",27498.0,kiss,PC,y,The boxer is kissed by the artist.,The god father is kissing dancer.,1
False,7084.0,"{""Q0"":""The waitress kicks the bald.""}",19117.0,kick,AI,y,The policeman kick the boxer.,The waitress kicks the bald.,1
True,9062.0,"{""Q0"":""The cowboy is slapping the navy.""}",15032.0,slap,PC,y,The clown is slapped by the policeman.,The cowboy is slapping the navy.,1
True,4663.0,"{""Q0"":""The navy touches the swimmer.""}",13618.0,touch,AI,n,The waitress touch the professor.,The navy touches the swimmer.,1
True,11898.0,"{""Q0"":""The cowboy is punching the dancer.""}",28503.0,punch,PC,n,The policeman is punched by the artist.,The cowboy is punching the dancer.,1
True,10548.0,"{""Q0"":""The policeman is chasing the thief.""}",19396.0,chase,AC,y,The nun chases the sailor.,The policeman is chasing the thief.,1
True,5423.0,"{""Q0"":""The clown is kissed by the artist.""}",14837.0,kiss,PC,n,The monk is kissed by the swimmer.,The clown is kissed by the artist.,0
False,5930.0,"{""Q0"":""The chef is shooting the boxer.""}",16294.0,shoot,AI,n,The actress shoot the robber. ,The chef is shooting the boxer.,1
False,2003.0,"{""Q0"":""The pirate is chasing the thief.""}",32414.0,chase,PC,y,The monk is chased by the policeman.,The pirate is chasing the thief.,1
True,3034.0,"{""Q0"":""The pirate is following the doctor.""}",19080.0,follow,AC,n,The nun follows the cowboy.,The pirate is following the doctor.,1
True,3118.0,"{""Q0"":""The soldier is scolded by the professor.""}",20765.0,scold,PC,n,The monk is scolded by the swimmer. ,The soldier is scolded by the professor.,0
True,5953.0,"{""Q0"":""The priate is following the navy.""}",29500.0,follow,AC,y,The nun follows the doctor.,The priate is following the navy.,1
True,7975.0,"{""Q0"":""The navy is touching the clown.""}",14002.0,touch,PI,y,The doctor is touchen by the waitress.,The navy is touching the clown.,1
True,6196.0,"{""Q0"":""The woman tickles the man.""}",11610.0,tickle,AI,n,The soldier tickle the boxer.,The woman tickles the man.,1
True,2656.0,"{""Q0"":""The man is slapping the woman.""}",10532.0,slap,PC,n,The nurse is slapped by  the policeman.,The man is slapping the woman.,1
True,3098.0,"{""Q0"":""The artist is punching the clown.""}",15030.0,punch,AC,y,The cowboy punches the swimmer.,The artist is punching the clown.,1
True,5214.0,"{""Q0"":""The woman is tickling the monk.""}",21982.0,tickle,PI,y,The robber is ticklen by the soldier. ,The woman is tickling the monk.,1
True,15475.0,"{""Q0"":""The artist is punching the monk.""}",14871.0,punch,AC,n,The cowboy punches the nun.,The artist is punching the monk.,1
True,3893.0,"{""Q0"":""The cowboy is pushing the dancer.""}",17610.0,push,PI,n,The monk is pushen by the policeman.,The cowboy is pushing the dancer.,1
True,16925.0,"{""Q0"":""The soldier scolds the dancer.""}",14212.0,scold,AC,n,The waitress scolds the boxer.,The soldier scolds the dancer.,1
True,3314.0,"{""Q0"":""The soldier is scolding the boxer.""}",14358.0,scold,PC,y,The doctor is scolded by the professor. ,The soldier is scolding the boxer.,1
True,4190.0,"{""Q0"":""The policemen is chasing the swimmer.""}",19146.0,chase,AC,n,The policeman chases the robber.,The policemen is chasing the swimmer.,1
True,7655.0,"{""Q0"":""The women is kicking the thief.""}",18272.0,kick,PI,n,The clown is kicken by the nun. ,The women is kicking the thief.,1
