resp_iscorrect,verif_rt,responses,descr_rt,T_verb,P_type,verif_ans,P_sentence,clear_responses,isactive
False,3405.0,"{""Q0"":""A ssolider scolds a dancer""}",13388.0,scold,AC,n,The waitress scolds the boxer.,A ssolider scolds a dancer,1
True,5071.0,"{""Q0"":""A navy is slapped by a cowboy""}",32115.0,slap,PC,y,The clown is slapped by the policeman.,A navy is slapped by a cowboy,0
True,10202.0,"{""Q0"":""A navy touches a swimer""}",14016.0,touch,AI,n,The waitress touch the professor.,A navy touches a swimer,1
True,5322.0,"{""Q0"":""A cowboy pushes a dancer""}",17358.0,push,PI,n,The monk is pushen by the policeman.,A cowboy pushes a dancer,1
True,23713.0,"{""Q0"":""A solider slaps a boxer""}",14559.0,slap,AC,n,The cowboy slaps the ballerina.,A solider slaps a boxer,1
True,7356.0,"{""Q0"":""The ballerina is kissed by priest""}",34937.0,kiss,PC,y,The boxer is kissed by the artist.,The ballerina is kissed by priest,0
True,3111.0,"{""Q0"":""The solider slaps the swimer""}",16496.0,slap,AC,y,The cowboy slaps the professor.,The solider slaps the swimer,1
True,8570.0,"{""Q0"":""The cowboy slaps the ballerina""}",27139.0,slap,PC,n,The nurse is slapped by  the policeman.,The cowboy slaps the ballerina,1
True,48529.0,"{""Q0"":""The professor scolds the solider""}",17877.0,scold,AC,y,The policeman scolds the doctor.,The professor scolds the solider,1
True,25347.0,"{""Q0"":""A solider is scolded by a professor""}",16691.0,scold,PC,n,The monk is scolded by the swimmer. ,A solider is scolded by a professor,0
False,6247.0,"{""Q0"":""The painter kisses the solider""}",11877.0,kiss,AC,n,The pirate kisses the clown.,The painter kisses the solider,1
True,17521.0,"{""Q0"":""The thef is kicked by the waitress""}",37106.0,kick,PI,n,The clown is kicken by the nun. ,The thef is kicked by the waitress,0
True,4177.0,"{""Q0"":""The waitress tickled the doctor""}",17220.0,tickle,AI,n,The soldier tickle the boxer.,The waitress tickled the doctor,1
True,4199.0,"{""Q0"":""The preist is tickled by the waitress""}",23426.0,tickle,PI,y,The robber is ticklen by the soldier. ,The preist is tickled by the waitress,0
True,5894.0,"{""Q0"":""The warrior pulls the ballerina""}",48093.0,pull,AI,y,The boxer pull the soldier.,The warrior pulls the ballerina,1
True,16217.0,"{""Q0"":""The solider is followed by the preist""}",23150.0,follow,PC,y,The ballerina is followed by the pirate. ,The solider is followed by the preist,0
True,4583.0,"{""Q0"":""The painter punches the preist""}",14857.0,punch,AC,n,The cowboy punches the nun.,The painter punches the preist,1
True,5062.0,"{""Q0"":""The joker is kissed by the paniter""}",11125.0,kiss,PC,n,The monk is kissed by the swimmer.,The joker is kissed by the paniter,0
False,2396.0,"{""Q0"":""The pirate follows the navy""}",11310.0,follow,AC,y,The nun follows the doctor.,The pirate follows the navy,1
True,2377.0,"{""Q0"":""The doctor is chased by the waitress""}",14720.0,chase,PC,n,The swimmer is chased by the nun.,The doctor is chased by the waitress,0
True,2946.0,"{""Q0"":""The swimer is chased by the solider""}",19094.0,chase,AC,n,The policeman chases the robber.,The swimer is chased by the solider,0
True,14196.0,"{""Q0"":""The robber is chased by the priate""}",17052.0,chase,PC,y,The monk is chased by the policeman.,The robber is chased by the priate,0
True,38412.0,"{""Q0"":""The painter punches the joker""}",11720.0,punch,AC,y,The cowboy punches the swimmer.,The painter punches the joker,1
True,28439.0,"{""Q0"":""The joker is pulled by the boxer""}",12216.0,pull,PI,n,The waitress is pullen by the pirate. ,The joker is pulled by the boxer,0
False,6339.0,"{""Q0"":""The policeman chases the robber""}",12526.0,chase,AC,y,The nun chases the sailor.,The policeman chases the robber,1
True,2589.0,"{""Q0"":""The boxer is followed by the presit""}",13798.0,follow,PC,n,The ballerina is followed by the pirate.,The boxer is followed by the presit,0
True,8376.0,"{""Q0"":""The cooker shoots the painter""}",18624.0,shoot,AI,n,The actress shoot the robber. ,The cooker shoots the painter,1
True,11008.0,"{""Q0"":""The doctor is punched by the cowboy""}",15897.0,punch,PC,y,The ballerina is punched by the artist.,The doctor is punched by the cowboy,0
True,6065.0,"{""Q0"":""The doctor is followed by the priate""}",16959.0,follow,AC,n,The nun follows the cowboy.,The doctor is followed by the priate,0
True,9081.0,"{""Q0"":""The swimer is shot by the cooker""}",15870.0,shot,PI,y,The ballerina is shooted by the artist. ,The swimer is shot by the cooker,0
False,25630.0,"{""Q0"":""The presit kissed the boxer""}",15046.0,kiss,AC,y,The artist kisses the ballerina.,The presit kissed the boxer,1
True,4001.0,"{""Q0"":""The boxer is scolded by the policeman""}",13123.0,scold,PC,y,The doctor is scolded by the professor. ,The boxer is scolded by the policeman,0
True,15534.0,"{""Q0"":""The swimer is pushed by the cowboy""}",12737.0,push,AI,y,The chef push the clown.,The swimer is pushed by the cowboy,0
True,3619.0,"{""Q0"":""The joker is tochen by the navy""}",19819.0,touch,PI,y,The doctor is touchen by the waitress.,The joker is tochen by the navy,1
True,2370.0,"{""Q0"":""The wairtess kicked the joker""}",16222.0,kick,AI,y,The policeman kick the boxer.,The wairtess kicked the joker,1
True,7301.0,"{""Q0"":""The ballerina is punched by the cowboy""}",13181.0,punch,PC,n,The policeman is punched by the artist.,The ballerina is punched by the cowboy,0
