resp_iscorrect,verif_rt,responses,descr_rt,T_verb,P_type,verif_ans,P_sentence,clear_responses,isactive
True,8440.0,"{""Q0"":""a pirate follows the doctor""}",18003.0,follow,AC,n,The nun follows the cowboy.,a pirate follows the doctor,1
True,2792.0,"{""Q0"":""a cowboy slaps a sailor""}",20478.0,slap,PC,y,The clown is slapped by the policeman.,a cowboy slaps a sailor,1
True,5745.0,"{""Q0"":""the artist kisses the soldier""}",14113.0,kiss,AC,n,The pirate kisses the clown.,the artist kisses the soldier,1
True,7145.0,"{""Q0"":""the nun follows the boxer""}",13700.0,follow,PC,n,The ballerina is followed by the pirate.,the nun follows the boxer,1
True,2672.0,"{""Q0"":""the policeman slaps the boxer""}",15124.0,slap,AC,n,The cowboy slaps the ballerina.,the policeman slaps the boxer,1
True,6220.0,"{""Q0"":""the professor scolds the soldier""}",32108.0,scold,PC,n,The monk is scolded by the swimmer. ,the professor scolds the soldier,1
True,1969.0,"{""Q0"":""the policeman chases the thief""}",14610.0,chase,AC,y,The nun chases the sailor.,the policeman chases the thief,1
True,2510.0,"{""Q0"":""the doctor is punched by the cowboy""}",20950.0,punch,PC,y,The ballerina is punched by the artist.,the doctor is punched by the cowboy,0
True,2148.0,"{""Q0"":""the artist punches the priest ""}",16686.0,punch,AC,n,The cowboy punches the nun.,the artist punches the priest ,1
True,6173.0,"{""Q0"":""the waitress tickles the priest""}",17224.0,tickle,PI,y,The robber is ticklen by the soldier. ,the waitress tickles the priest,1
True,9992.0,"{""Q0"":""the chef shoots the boxer""}",12889.0,shoot,AI,n,The actress shoot the robber. ,the chef shoots the boxer,1
True,7606.0,"{""Q0"":""the chef shoots the swimmer""}",15763.0,shot,PI,y,The ballerina is shooted by the artist. ,the chef shoots the swimmer,1
True,2882.0,"{""Q0"":""the nun kisses the boxer""}",20444.0,kiss,AC,y,The artist kisses the ballerina.,the nun kisses the boxer,1
True,5443.0,"{""Q0"":""the clown is kissed by the artist""}",16159.0,kiss,PC,n,The monk is kissed by the swimmer.,the clown is kissed by the artist,0
True,2390.0,"{""Q0"":""artist punches clown""}",12542.0,punch,AC,y,The cowboy punches the swimmer.,artist punches clown,1
True,3240.0,"{""Q0"":""nun kisses dancer""}",14724.0,kiss,PC,y,The boxer is kissed by the artist.,nun kisses dancer,1
True,2774.0,"{""Q0"":""waitress kicks the clown""}",13311.0,kick,AI,y,The policeman kick the boxer.,waitress kicks the clown,1
True,2109.0,"{""Q0"":""nun follows soldier""}",12496.0,follow,PC,y,The ballerina is followed by the pirate. ,nun follows soldier,1
True,1867.0,"{""Q0"":""police slaps swimmer""}",17942.0,slap,AC,y,The cowboy slaps the professor.,police slaps swimmer,1
True,5433.0,"{""Q0"":""pirate chases burglar""}",13394.0,chase,PC,y,The monk is chased by the policeman.,pirate chases burglar,1
True,2447.0,"{""Q0"":""professor scolds sailor""}",11383.0,scold,AC,y,The policeman scolds the doctor.,professor scolds sailor,1
True,2488.0,"{""Q0"":""dancer slapped by cowboy""}",13442.0,slap,PC,n,The nurse is slapped by  the policeman.,dancer slapped by cowboy,1
True,2430.0,"{""Q0"":""dancer scolded by police""}",9146.0,scold,AC,n,The waitress scolds the boxer.,dancer scolded by police,1
True,2296.0,"{""Q0"":""dancer punched by cowboy""}",11574.0,punch,PC,n,The policeman is punched by the artist.,dancer punched by cowboy,1
True,1939.0,"{""Q0"":""sailor touch swimmer""}",10220.0,touch,AI,n,The waitress touch the professor.,sailor touch swimmer,1
True,5942.0,"{""Q0"":""cowboy pushes dancer""}",10202.0,push,PI,n,The monk is pushen by the policeman.,cowboy pushes dancer,1
True,1860.0,"{""Q0"":""waitress tickles doctor""}",11830.0,tickle,AI,n,The soldier tickle the boxer.,waitress tickles doctor,1
True,1374.0,"{""Q0"":""boxer pulls clown""}",11372.0,pull,PI,n,The waitress is pullen by the pirate. ,boxer pulls clown,1
True,2268.0,"{""Q0"":""cowboy pushes swimmer""}",10962.0,push,AI,y,The chef push the clown.,cowboy pushes swimmer,1
True,3151.0,"{""Q0"":""doctor chased by waitress""}",21676.0,chase,PC,n,The swimmer is chased by the nun.,doctor chased by waitress,1
True,2719.0,"{""Q0"":""police chases swimmer""}",13919.0,chase,AC,n,The policeman chases the robber.,police chases swimmer,1
True,1994.0,"{""Q0"":""burglar kicked by waitress""}",10735.0,kick,PI,n,The clown is kicken by the nun. ,burglar kicked by waitress,1
True,1423.0,"{""Q0"":""pirate follows sailor""}",9380.0,follow,AC,y,The nun follows the doctor.,pirate follows sailor,1
True,6996.0,"{""Q0"":""clown touched by sailor""}",14714.0,touch,PI,y,The doctor is touchen by the waitress.,clown touched by sailor,1
True,1532.0,"{""Q0"":""pirate pulls dancer""}",9191.0,pull,AI,y,The boxer pull the soldier.,pirate pulls dancer,1
True,2630.0,"{""Q0"":""police scolds boxer""}",11095.0,scold,PC,y,The doctor is scolded by the professor. ,police scolds boxer,1
