resp_iscorrect,verif_rt,responses,descr_rt,T_verb,P_type,verif_ans,P_sentence,clear_responses,isactive
True,3479.0,"{""Q0"":""An artist is punching a monk""}",10864.0,punch,AC,n,The cowboy punches the nun.,An artist is punching a monk,1
True,3028.0,"{""Q0"":""A nun follows the soldier""}",14857.0,follow,PC,y,The ballerina is followed by the pirate. ,A nun follows the soldier,1
True,6933.0,"{""Q0"":""The doctor is followed by the pirate""}",10850.0,follow,AC,n,The nun follows the cowboy.,The doctor is followed by the pirate,0
True,2181.0,"{""Q0"":""The clown is pulled by the boxer""}",10748.0,pull,PI,n,The waitress is pullen by the pirate. ,The clown is pulled by the boxer,0
True,42158.0,"{""Q0"":""She kicks the clown""}",10357.0,kick,AI,y,The policeman kick the boxer.,She kicks the clown,1
True,3169.0,"{""Q0"":""She is chasing the doctor""}",11094.0,chase,PC,n,The swimmer is chased by the nun.,She is chasing the doctor,1
True,3404.0,"{""Q0"":""The pirate pulls the ballerina""}",8936.0,pull,AI,y,The boxer pull the soldier.,The pirate pulls the ballerina,1
True,4332.0,"{""Q0"":""The nun kisses the ballerina""}",7159.0,kiss,PC,y,The boxer is kissed by the artist.,The nun kisses the ballerina,1
True,1636.0,"{""Q0"":""The policeman slaps the swimmer""}",11653.0,slap,AC,y,The cowboy slaps the professor.,The policeman slaps the swimmer,1
True,2239.0,"{""Q0"":""The sailor is slapped by the cowboy""}",9488.0,slap,PC,y,The clown is slapped by the policeman.,The sailor is slapped by the cowboy,0
True,3033.0,"{""Q0"":""The sailor touches the swimmer""}",9827.0,touch,AI,n,The waitress touch the professor.,The sailor touches the swimmer,1
True,1292.0,"{""Q0"":""The nun follows the boxer""}",8317.0,follow,PC,n,The ballerina is followed by the pirate.,The nun follows the boxer,1
True,1823.0,"{""Q0"":""The policeman chases the robber""}",8320.0,chase,AC,y,The nun chases the sailor.,The policeman chases the robber,1
True,2185.0,"{""Q0"":""The ballerina is slapped by the cowboy""}",9786.0,slap,PC,n,The nurse is slapped by  the policeman.,The ballerina is slapped by the cowboy,0
True,1823.0,"{""Q0"":""The policeman slaps the boxer""}",9056.0,slap,AC,n,The cowboy slaps the ballerina.,The policeman slaps the boxer,1
True,2583.0,"{""Q0"":""The soldier is scolded by the professor""}",10700.0,scold,PC,n,The monk is scolded by the swimmer. ,The soldier is scolded by the professor,0
True,1919.0,"{""Q0"":""The pirate follows the sailor""}",7670.0,follow,AC,y,The nun follows the doctor.,The pirate follows the sailor,1
True,4619.0,"{""Q0"":""The cowboy is pushing the ballerina""}",11366.0,push,PI,n,The monk is pushen by the policeman.,The cowboy is pushing the ballerina,1
True,1990.0,"{""Q0"":""The policeman keeps on scolding the ballerina""}",12647.0,scold,AC,n,The waitress scolds the boxer.,The policeman keeps on scolding the ballerina,1
True,2598.0,"{""Q0"":""The monk is tickled by the woman""}",11893.0,tickle,PI,y,The robber is ticklen by the soldier. ,The monk is tickled by the woman,0
False,1436.0,"{""Q0"":""The chef shoots the boxer""}",8008.0,shoot,AI,n,The actress shoot the robber. ,The chef shoots the boxer,1
False,9933.0,"{""Q0"":""The sailor touches the clown""}",7874.0,touch,PI,y,The doctor is touchen by the waitress.,The sailor touches the clown,1
True,2316.0,"{""Q0"":""The nun kisses the boxer""}",7639.0,kiss,AC,y,The artist kisses the ballerina.,The nun kisses the boxer,1
True,12155.0,"{""Q0"":""the cowboy punches the doctor""}",11275.0,punch,PC,y,The ballerina is punched by the artist.,the cowboy punches the doctor,1
True,1928.0,"{""Q0"":""The policeman chases the swimmer""}",10386.0,chase,AC,n,The policeman chases the robber.,The policeman chases the swimmer,1
True,4643.0,"{""Q0"":""The boxer is scolded by the policeman""}",9154.0,scold,PC,y,The doctor is scolded by the professor. ,The boxer is scolded by the policeman,0
True,3564.0,"{""Q0"":""She tickles the doctor""}",9563.0,tickle,AI,n,The soldier tickle the boxer.,She tickles the doctor,1
True,1903.0,"{""Q0"":""She kicks the robber""}",6915.0,kick,PI,n,The clown is kicken by the nun. ,She kicks the robber,1
True,1356.0,"{""Q0"":""The artist kisses the soldier""}",9115.0,kiss,AC,n,The pirate kisses the clown.,The artist kisses the soldier,1
False,4474.0,"{""Q0"":""The swimmer was shot by the chef""}",12466.0,shot,PI,y,The ballerina is shooted by the artist. ,The swimmer was shot by the chef,0
True,5483.0,"{""Q0"":""The artist punches the clown""}",9667.0,punch,AC,y,The cowboy punches the swimmer.,The artist punches the clown,1
True,2388.0,"{""Q0"":""The artist kisses the clown""}",7637.0,kiss,PC,n,The monk is kissed by the swimmer.,The artist kisses the clown,1
True,1612.0,"{""Q0"":""The professor scolds the sailor""}",10629.0,scold,AC,y,The policeman scolds the doctor.,The professor scolds the sailor,1
True,2634.0,"{""Q0"":""The cowboy punches the ballerina""}",9947.0,punch,PC,n,The policeman is punched by the artist.,The cowboy punches the ballerina,1
False,9826.0,"{""Q0"":""The cowboy pushes the swimmer""}",19353.0,push,AI,y,The chef push the clown.,The cowboy pushes the swimmer,1
True,49402.0,"{""Q0"":""The pirate chases the robber""}",13577.0,chase,PC,y,The monk is chased by the policeman.,The pirate chases the robber,1
