resp_iscorrect,verif_rt,responses,descr_rt,T_verb,P_type,verif_ans,P_sentence,clear_responses,isactive
False,4812.0,"{""Q0"":""The police scolds the ballerina.""}",14465.0,scold,AC,n,The waitress scolds the boxer.,The police scolds the ballerina.,1
True,5715.0,"{""Q0"":""The ballerina is slapped by the cowboy""}",14886.0,slap,PC,n,The nurse is slapped by  the policeman.,The ballerina is slapped by the cowboy,0
False,3156.0,"{""Q0"":""The delivery woman kicked the clown.""}",24685.0,kick,AI,y,The policeman kick the boxer.,The delivery woman kicked the clown.,1
False,2765.0,"{""Q0"":""The swimmer is shot by the baker.""}",14698.0,shot,PI,y,The ballerina is shooted by the artist. ,The swimmer is shot by the baker.,0
True,4886.0,"{""Q0"":""The artist punches the clown.""}",14761.0,punch,AC,y,The cowboy punches the swimmer.,The artist punches the clown.,1
False,2562.0,"{""Q0"":""The doctor is being chased by the woman.""}",13767.0,chase,PC,n,The swimmer is chased by the nun.,The doctor is being chased by the woman.,0
True,2388.0,"{""Q0"":""The professor is scolding the sailor.""}",20075.0,scold,AC,y,The policeman scolds the doctor.,The professor is scolding the sailor.,1
True,4236.0,"{""Q0"":""The cowboy punched the ballerina.""}",24700.0,punch,PC,n,The policeman is punched by the artist.,The cowboy punched the ballerina.,1
False,3608.0,"{""Q0"":""The swimmer is pushed by the cowboy.""}",22181.0,push,AI,y,The chef push the clown.,The swimmer is pushed by the cowboy.,0
False,6056.0,"{""Q0"":""The professor is scolding the man.""}",36571.0,scold,PC,n,The monk is scolded by the swimmer. ,The professor is scolding the man.,1
True,2323.0,"{""Q0"":""The pirate is following the sailor.""}",13765.0,follow,AC,y,The nun follows the doctor.,The pirate is following the sailor.,1
True,2612.0,"{""Q0"":""The wrestler is scolded by the police officer.""}",15074.0,scold,PC,y,The doctor is scolded by the professor. ,The wrestler is scolded by the police officer.,0
True,4772.0,"{""Q0"":""The officer slaps the swimmer.""}",16333.0,slap,AC,y,The cowboy slaps the professor.,The officer slaps the swimmer.,1
True,2921.0,"{""Q0"":""The nun wants to kiss the ballerina.""}",10396.0,kiss,PC,y,The boxer is kissed by the artist.,The nun wants to kiss the ballerina.,1
True,4163.0,"{""Q0"":""The police offer slaps the boxer.""}",12478.0,slap,AC,n,The cowboy slaps the ballerina.,The police offer slaps the boxer.,1
True,4677.0,"{""Q0"":""The nun is tickled by the waitress. ""}",20780.0,tickle,PI,y,The robber is ticklen by the soldier. ,The nun is tickled by the waitress. ,0
True,6427.0,"{""Q0"":""The waitress tickles the doctor.""}",16672.0,tickle,AI,n,The soldier tickle the boxer.,The waitress tickles the doctor.,1
True,4982.0,"{""Q0"":""The nun is following the boxer.""}",22604.0,follow,PC,n,The ballerina is followed by the pirate.,The nun is following the boxer.,1
True,7059.0,"{""Q0"":""The artist punches the priest.""}",17897.0,punch,AC,n,The cowboy punches the nun.,The artist punches the priest.,1
True,1931.0,"{""Q0"":""The robber is kicked by the waitress.""}",9034.0,kick,PI,n,The clown is kicken by the nun. ,The robber is kicked by the waitress.,0
True,2981.0,"{""Q0"":""The police man chases the robber.""}",11989.0,chase,AC,y,The nun chases the sailor.,The police man chases the robber.,1
True,3490.0,"{""Q0"":""The cowboy slaps the sailor.""}",25035.0,slap,PC,y,The clown is slapped by the policeman.,The cowboy slaps the sailor.,1
True,4471.0,"{""Q0"":""The nun kisses the wrestler.""}",19162.0,kiss,AC,y,The artist kisses the ballerina.,The nun kisses the wrestler.,1
True,2688.0,"{""Q0"":""The doctor is punched by the cowboy.""}",17385.0,punch,PC,y,The ballerina is punched by the artist.,The doctor is punched by the cowboy.,0
True,3039.0,"{""Q0"":""The swimmer is being chased by the police.""}",13070.0,chase,AC,n,The policeman chases the robber.,The swimmer is being chased by the police.,0
True,3345.0,"{""Q0"":""The robber is being chased by the pirate.""}",20235.0,chase,PC,y,The monk is chased by the policeman.,The robber is being chased by the pirate.,0
True,1970.0,"{""Q0"":""The baker shoots a gun.""}",10885.0,shoot,AI,n,The actress shoot the robber. ,The baker shoots a gun.,1
False,2799.0,"{""Q0"":""The painter is kissed by the clown.""}",26309.0,kiss,PC,n,The monk is kissed by the swimmer.,The painter is kissed by the clown.,0
False,5463.0,"{""Q0"":""The doctor is being followed by the pirate.""}",17538.0,follow,AC,n,The nun follows the cowboy.,The doctor is being followed by the pirate.,0
True,2842.0,"{""Q0"":""The nun is following an armed man.""}",12782.0,follow,PC,y,The ballerina is followed by the pirate. ,The nun is following an armed man.,0
True,2611.0,"{""Q0"":""The ballerina is being pulled by the pirate.""}",20338.0,pull,AI,y,The boxer pull the soldier.,The ballerina is being pulled by the pirate.,0
False,1911.0,"{""Q0"":""The sailor is touching the clown.""}",41991.0,touch,PI,y,The doctor is touchen by the waitress.,The sailor is touching the clown.,1
True,6421.0,"{""Q0"":""The sailor is touching the swimmer.""}",41329.0,touch,AI,n,The waitress touch the professor.,The sailor is touching the swimmer.,1
False,8709.0,"{""Q0"":""The cowboy pushes the ballerina.""}",12632.0,push,PI,n,The monk is pushen by the policeman.,The cowboy pushes the ballerina.,1
True,3721.0,"{""Q0"":""The painter kisses the soldier.""}",13231.0,kiss,AC,n,The pirate kisses the clown.,The painter kisses the soldier.,1
True,1981.0,"{""Q0"":""The clown is being pulled by the wrestler.""}",22253.0,pull,PI,n,The waitress is pullen by the pirate. ,The clown is being pulled by the wrestler.,0
