resp_iscorrect,verif_rt,responses,descr_rt,T_verb,P_type,verif_ans,P_sentence,clear_responses,isactive
True,4333.0,"{""Q0"":""the soldier slaps the swimmer.""}",31961.0,slap,AC,y,The cowboy slaps the professor.,the soldier slaps the swimmer.,1
False,5661.0,"{""Q0"":""the artist kissed her husband""}",30289.0,kiss,PC,n,The monk is kissed by the swimmer.,the artist kissed her husband,1
False,5026.0,"{""Q0"":""the artist punches his wife.""}",32116.0,punch,AC,n,The cowboy punches the nun.,the artist punches his wife.,1
True,6150.0,"{""Q0"":""the cooker shoots the swimmer.""}",23935.0,shot,PI,y,The ballerina is shooted by the artist. ,the cooker shoots the swimmer.,1
True,2581.0,"{""Q0"":""the pirate follows the navy.""}",50645.0,follow,AC,y,The nun follows the doctor.,the pirate follows the navy.,1
True,13366.0,"{""Q0"":""the man is touched by the navy.""}",26533.0,touch,PI,y,The doctor is touchen by the waitress.,the man is touched by the navy.,0
True,7403.0,"{""Q0"":""the solider claps the wrestler.""}",33618.0,slap,AC,n,The cowboy slaps the ballerina.,the solider claps the wrestler.,1
True,3827.0,"{""Q0"":""the doctor is chased by the girl.""}",28126.0,chase,PC,n,The swimmer is chased by the nun.,the doctor is chased by the girl.,0
True,7632.0,"{""Q0"":""the cooker shoots the wrestler.""}",19167.0,shoot,AI,n,The actress shoot the robber. ,the cooker shoots the wrestler.,1
True,8092.0,"{""Q0"":""the police scolds the wrestler.""}",18034.0,scold,PC,y,The doctor is scolded by the professor. ,the police scolds the wrestler.,1
True,7500.0,"{""Q0"":""the doctor is tickled by his wife.""}",21969.0,tickle,AI,n,The soldier tickle the boxer.,the doctor is tickled by his wife.,0
False,6961.0,"{""Q0"":""the witness kicks the thief.""}",33232.0,kick,PI,n,The clown is kicken by the nun. ,the witness kicks the thief.,1
True,5258.0,"{""Q0"":""the nun kisses the wrestler.""}",13657.0,kiss,AC,y,The artist kisses the ballerina.,the nun kisses the wrestler.,1
True,3748.0,"{""Q0"":""the wrestler is followed by the nun.""}",15904.0,follow,PC,n,The ballerina is followed by the pirate.,the wrestler is followed by the nun.,0
True,6531.0,"{""Q0"":""the artist kisses the soldier.""}",17348.0,kiss,AC,n,The pirate kisses the clown.,the artist kisses the soldier.,1
True,6895.0,"{""Q0"":""the cowboy punches the ballerina.""}",21081.0,punch,PC,n,The policeman is punched by the artist.,the cowboy punches the ballerina.,1
True,5444.0,"{""Q0"":""the navy touches the swimmer.""}",15633.0,touch,AI,n,The waitress touch the professor.,the navy touches the swimmer.,1
True,4540.0,"{""Q0"":""the man is pulled by the wrestler.""}",17847.0,pull,PI,n,The waitress is pullen by the pirate. ,the man is pulled by the wrestler.,0
True,5487.0,"{""Q0"":""the artist punches the man.""}",15265.0,punch,AC,y,The cowboy punches the swimmer.,the artist punches the man.,1
True,3205.0,"{""Q0"":""the cowboys punches the doctor.""}",12101.0,punch,PC,y,The ballerina is punched by the artist.,the cowboys punches the doctor.,1
True,4380.0,"{""Q0"":""the police scolds the ballerina.""}",75726.0,scold,AC,n,The waitress scolds the boxer.,the police scolds the ballerina.,1
True,7444.0,"{""Q0"":""the cowboys slaps the ballerina.""}",15366.0,slap,PC,n,The nurse is slapped by  the policeman.,the cowboys slaps the ballerina.,1
True,7515.0,"{""Q0"":""the cowboys punches the swimmer.""}",17538.0,push,AI,y,The chef push the clown.,the cowboys punches the swimmer.,1
True,4901.0,"{""Q0"":""the cowboys slaps the navy.""}",12026.0,slap,PC,y,The clown is slapped by the policeman.,the cowboys slaps the navy.,1
True,3504.0,"{""Q0"":""the pirate follows the doctor.""}",19911.0,follow,AC,n,The nun follows the cowboy.,the pirate follows the doctor.,1
True,4909.0,"{""Q0"":""the cowboys pushes the ballerina.""}",16831.0,push,PI,n,The monk is pushen by the policeman.,the cowboys pushes the ballerina.,1
True,3397.0,"{""Q0"":""the policeman chases the swimmer.""}",15866.0,chase,AC,n,The policeman chases the robber.,the policeman chases the swimmer.,1
True,6724.0,"{""Q0"":""the pirate chases the thief.""}",19481.0,chase,PC,y,The monk is chased by the policeman.,the pirate chases the thief.,1
True,2329.0,"{""Q0"":""the witness kicks the clown.""}",21493.0,kick,AI,y,The policeman kick the boxer.,the witness kicks the clown.,1
True,7087.0,"{""Q0"":""the witness tickles the monk.""}",17053.0,tickle,PI,y,The robber is ticklen by the soldier. ,the witness tickles the monk.,1
True,2400.0,"{""Q0"":""the professor scolds the navy.""}",23459.0,scold,AC,y,The policeman scolds the doctor.,the professor scolds the navy.,1
True,3431.0,"{""Q0"":""the monk scolds the soldier.""}",17062.0,scold,PC,n,The monk is scolded by the swimmer. ,the monk scolds the soldier.,1
True,2588.0,"{""Q0"":""the pirate pulls the ballerina.""}",14164.0,pull,AI,y,The boxer pull the soldier.,the pirate pulls the ballerina.,1
True,2108.0,"{""Q0"":""the nun kisses the ballerina.""}",9574.0,kiss,PC,y,The boxer is kissed by the artist.,the nun kisses the ballerina.,1
True,3843.0,"{""Q0"":""the policeman chase the robber.""}",13820.0,chase,AC,y,The nun chases the sailor.,the policeman chase the robber.,1
True,2697.0,"{""Q0"":""the soldier is followed by the nun.""}",17939.0,follow,PC,y,The ballerina is followed by the pirate. ,the soldier is followed by the nun.,0
