resp_iscorrect,verif_rt,responses,descr_rt,T_verb,P_type,verif_ans,P_sentence,clear_responses,isactive
True,4389.0,"{""Q0"":""a poor man is kicked by a waitress""}",47806.0,kick,AI,y,The policeman kick the boxer.,a poor man is kicked by a waitress,0
True,5996.0,"{""Q0"":""A boxer is pulling a joker""}",37144.0,pull,PI,n,The waitress is pullen by the pirate. ,A boxer is pulling a joker,1
True,10171.0,"{""Q0"":""A disciple is punched by an artist""}",28126.0,punch,AC,n,The cowboy punches the nun.,A disciple is punched by an artist,0
True,4491.0,"{""Q0"":""A doctor is punched by a cowboy""}",17731.0,punch,PC,y,The ballerina is punched by the artist.,A doctor is punched by a cowboy,0
True,5041.0,"{""Q0"":""A cook shot a boxer""}",22544.0,shoot,AI,n,The actress shoot the robber. ,A cook shot a boxer,1
True,4088.0,"{""Q0"":""A disciple is tickled by a waitress""}",35124.0,tickle,PI,y,The robber is ticklen by the soldier. ,A disciple is tickled by a waitress,0
True,5211.0,"{""Q0"":""A cowboy pushed a swimmer""}",14106.0,push,AI,y,The chef push the clown.,A cowboy pushed a swimmer,1
False,5415.0,"{""Q0"":""a actress is slapped by a cowboy""}",14209.0,slap,PC,n,The nurse is slapped by  the policeman.,a actress is slapped by a cowboy,0
True,4281.0,"{""Q0"":""An artist punched the joker""}",20522.0,punch,AC,y,The cowboy punches the swimmer.,An artist punched the joker,1
True,3378.0,"{""Q0"":""A cowboy pushed an actress""}",19876.0,push,PI,n,The monk is pushen by the policeman.,A cowboy pushed an actress,1
True,5778.0,"{""Q0"":""A policemen chased the swimmer""}",14000.0,chase,AC,n,The policeman chases the robber.,A policemen chased the swimmer,1
True,4735.0,"{""Q0"":""A boxer is scolded by a pleacemen""}",14546.0,scold,PC,y,The doctor is scolded by the professor. ,A boxer is scolded by a pleacemen,0
True,2636.0,"{""Q0"":""A soldier is touching a swimmer""}",14117.0,touch,AI,n,The waitress touch the professor.,A soldier is touching a swimmer,1
True,5146.0,"{""Q0"":""A robber is chasing a thief""}",23274.0,chase,PC,y,The monk is chased by the policeman.,A robber is chasing a thief,1
True,2703.0,"{""Q0"":""A professor is scolding a soldier""}",13470.0,scold,AC,y,The policeman scolds the doctor.,A professor is scolding a soldier,1
True,2671.0,"{""Q0"":""A professor is scolding a soildier""}",13691.0,scold,PC,n,The monk is scolded by the swimmer. ,A professor is scolding a soildier,1
False,6246.0,"{""Q0"":""A robber is following a doctor""}",16439.0,follow,AC,n,The nun follows the cowboy.,A robber is following a doctor,1
True,3549.0,"{""Q0"":""A swimmer is shooted by a cook""}",14073.0,shot,PI,y,The ballerina is shooted by the artist. ,A swimmer is shooted by a cook,0
True,3318.0,"{""Q0"":""A policeman slaped a swimmer""}",22048.0,slap,AC,y,The cowboy slaps the professor.,A policeman slaped a swimmer,1
True,4047.0,"{""Q0"":""A nun is trying to kiss a ballerina""}",34712.0,kiss,PC,y,The boxer is kissed by the artist.,A nun is trying to kiss a ballerina,0
True,4431.0,"{""Q0"":""A nun is kissing a boxer""}",13369.0,kiss,AC,y,The artist kisses the ballerina.,A nun is kissing a boxer,1
True,7084.0,"{""Q0"":""A soldier is followed by a nun""}",13939.0,follow,PC,y,The ballerina is followed by the pirate. ,A soldier is followed by a nun,0
True,3796.0,"{""Q0"":""A boxer is slapped by a pliceman""}",20968.0,slap,AC,n,The cowboy slaps the ballerina.,A boxer is slapped by a pliceman,0
True,2962.0,"{""Q0"":""A doctor is chased by a waitress""}",16419.0,chase,PC,n,The swimmer is chased by the nun.,A doctor is chased by a waitress,0
True,5108.0,"{""Q0"":""A pliceman is chasing a thief""}",23348.0,chase,AC,y,The nun chases the sailor.,A pliceman is chasing a thief,1
True,2641.0,"{""Q0"":""A ballerina is punched by a cowboy""}",21166.0,punch,PC,n,The policeman is punched by the artist.,A ballerina is punched by a cowboy,0
True,3477.0,"{""Q0"":""A ballerina is scolded by a policeman""}",18374.0,scold,AC,n,The waitress scolds the boxer.,A ballerina is scolded by a policeman,0
False,4822.0,"{""Q0"":""A boxer is followed by a nun""}",10376.0,follow,PC,n,The ballerina is followed by the pirate.,A boxer is followed by a nun,0
True,2240.0,"{""Q0"":""A doctor is tickled by a waitress""}",15006.0,tickle,AI,n,The soldier tickle the boxer.,A doctor is tickled by a waitress,0
True,8328.0,"{""Q0"":""A soldier is slapped by a cowboy""}",14341.0,slap,PC,y,The clown is slapped by the policeman.,A soldier is slapped by a cowboy,0
True,4778.0,"{""Q0"":""A soldier is followed by a robber""}",30392.0,follow,AC,y,The nun follows the doctor.,A soldier is followed by a robber,0
True,2408.0,"{""Q0"":""A thief is kicked by a waitress""}",13720.0,kick,PI,n,The clown is kicken by the nun. ,A thief is kicked by a waitress,0
False,6653.0,"{""Q0"":""An artist is kissing a soldier""}",14218.0,kiss,AC,n,The pirate kisses the clown.,An artist is kissing a soldier,1
True,2795.0,"{""Q0"":""An artist is kissing a joker""}",12880.0,kiss,PC,n,The monk is kissed by the swimmer.,An artist is kissing a joker,1
True,2763.0,"{""Q0"":""A robber is pulling a ballerina""}",17929.0,pull,AI,y,The boxer pull the soldier.,A robber is pulling a ballerina,1
True,3120.0,"{""Q0"":""A joker is touched by a soldier""}",12719.0,touch,PI,y,The doctor is touchen by the waitress.,A joker is touched by a soldier,0
