resp_iscorrect,verif_rt,responses,descr_rt,T_verb,P_type,verif_ans,P_sentence,clear_responses,isactive
True,9280.0,"{""Q0"":""A guy scolds to a girl""}",26835.0,scold,AC,n,The waitress scolds the boxer.,A guy scolds to a girl,1
True,19237.0,"{""Q0"":""A priest follows a soldier""}",29565.0,follow,PC,y,The ballerina is followed by the pirate. ,A priest follows a soldier,1
True,3283.0,"{""Q0"":""A girl chases a girl""}",11870.0,chase,AC,n,The policeman chases the robber.,A girl chases a girl,1
True,6102.0,"{""Q0"":""A ballerina is slapped by a cowboy""}",29972.0,slap,PC,n,The nurse is slapped by  the policeman.,A ballerina is slapped by a cowboy,0
True,4846.0,"{""Q0"":""A dude kissed a soldier""}",13729.0,kiss,AC,n,The pirate kisses the clown.,A dude kissed a soldier,1
True,3921.0,"{""Q0"":""A boxer is followed by a priest""}",11655.0,follow,PC,n,The ballerina is followed by the pirate.,A boxer is followed by a priest,0
True,6415.0,"{""Q0"":""A sailor touched a strander""}",22236.0,touch,AI,n,The waitress touch the professor.,A sailor touched a strander,1
True,6350.0,"{""Q0"":""A clown is touched by a sailor""}",11945.0,touch,PI,y,The doctor is touchen by the waitress.,A clown is touched by a sailor,0
True,4561.0,"{""Q0"":""A clown is punched by a painter""}",13413.0,punch,AC,y,The cowboy punches the swimmer.,A clown is punched by a painter,0
True,3298.0,"{""Q0"":""A professor scolds at a soldier""}",18278.0,scold,PC,n,The monk is scolded by the swimmer. ,A professor scolds at a soldier,1
True,4954.0,"{""Q0"":""A boxer is slapped by a policeman""}",21704.0,slap,AC,n,The cowboy slaps the ballerina.,A boxer is slapped by a policeman,0
True,6073.0,"{""Q0"":""A waitress kicked a thief""}",15637.0,kick,PI,n,The clown is kicken by the nun. ,A waitress kicked a thief,1
True,4088.0,"{""Q0"":""A swimmer is pushed by a cowboy""}",21179.0,push,AI,y,The chef push the clown.,A swimmer is pushed by a cowboy,0
True,3733.0,"{""Q0"":""A waitress is chased by a doctor""}",13297.0,chase,PC,n,The swimmer is chased by the nun.,A waitress is chased by a doctor,0
True,5806.0,"{""Q0"":""A nun kisses a boxer""}",10918.0,kiss,AC,y,The artist kisses the ballerina.,A nun kisses a boxer,1
True,4324.0,"{""Q0"":""She tickled him""}",15894.0,tickle,PI,y,The robber is ticklen by the soldier. ,She tickled him,1
True,5236.0,"{""Q0"":""A cop chases a robber""}",19099.0,chase,AC,y,The nun chases the sailor.,A cop chases a robber,1
True,3366.0,"{""Q0"":""He chases him""}",10531.0,chase,PC,y,The monk is chased by the policeman.,He chases him,1
True,2211.0,"{""Q0"":""She tickled him""}",15923.0,tickle,AI,n,The soldier tickle the boxer.,She tickled him,1
True,3547.0,"{""Q0"":""A pirate kissed a police""}",23177.0,kiss,PC,y,The boxer is kissed by the artist.,A pirate kissed a police,1
True,15485.0,"{""Q0"":""he follows him""}",14643.0,follow,AC,y,The nun follows the doctor.,he follows him,1
True,1608.0,"{""Q0"":""He pulls him""}",7592.0,pull,PI,n,The waitress is pullen by the pirate. ,He pulls him,1
True,4924.0,"{""Q0"":""He punches him""}",8894.0,punch,AC,n,The cowboy punches the nun.,He punches him,1
True,6920.0,"{""Q0"":""He shoot him""}",10100.0,shot,PI,y,The ballerina is shooted by the artist. ,He shoot him,1
True,4418.0,"{""Q0"":""He slapped him""}",13867.0,slap,AC,y,The cowboy slaps the professor.,He slapped him,1
True,3539.0,"{""Q0"":""A cowboy punched a doctor""}",7975.0,punch,PC,y,The ballerina is punched by the artist.,A cowboy punched a doctor,1
True,4236.0,"{""Q0"":""He pulls her""}",8086.0,pull,AI,y,The boxer pull the soldier.,He pulls her,1
True,4471.0,"{""Q0"":""She pushes him""}",9312.0,push,PI,n,The monk is pushen by the policeman.,She pushes him,1
True,4737.0,"{""Q0"":""She kicked him""}",12937.0,kick,AI,y,The policeman kick the boxer.,She kicked him,1
True,2236.0,"{""Q0"":""He scolds him""}",6718.0,scold,PC,y,The doctor is scolded by the professor. ,He scolds him,1
True,7560.0,"{""Q0"":""He follows him""}",11461.0,follow,AC,n,The nun follows the cowboy.,He follows him,1
True,2115.0,"{""Q0"":""He slapped him""}",17624.0,slap,PC,y,The clown is slapped by the policeman.,He slapped him,1
True,5588.0,"{""Q0"":""A cook shoots a boxer""}",17610.0,shoot,AI,n,The actress shoot the robber. ,A cook shoots a boxer,1
True,5480.0,"{""Q0"":""A clown is kissed by an artist""}",12855.0,kiss,PC,n,The monk is kissed by the swimmer.,A clown is kissed by an artist,0
True,13331.0,"{""Q0"":""He scolds her""}",13357.0,scold,AC,y,The policeman scolds the doctor.,He scolds her,1
True,3534.0,"{""Q0"":""He punched her""}",7090.0,punch,PC,n,The policeman is punched by the artist.,He punched her,1
