resp_iscorrect,verif_rt,responses,descr_rt,P_type,T_verb,verif_ans,P_sentence,clear_responses,ispo
TRUE,26569,"{""Q0"":""The man is handing the clown a hat.""}",30578,DOC,hand2,y,The bartender handed the customer the cocktail.,The man is handing the clown a hat.,0
TRUE,6914,"{""Q0"":""The girl is handing the boy on the ladder a paint brush.""}",16623,POI,hand5,n,The swimmer handed the towel to they driver. ,The girl is handing the boy on the ladder a paint brush.,0
TRUE,3872,"{""Q0"":""The kids are climbing a tree.""}",9458,F,climb,n,The baby is climbing up that steps. ,The kids are climbing a tree.,0
TRUE,5720,"{""Q0"":""The seller is showing the buyer the gun.""}",17481,DOC,show1,y,The happy child showed her father the coloring book.,The seller is showing the buyer the gun.,0
TRUE,3294,"{""Q0"":""They are showing their teacher their drawing.""}",12829,POI,show3,n,The builder showed the blueprints to they new client.,They are showing their teacher their drawing.,0
TRUE,3143,"{""Q0"":""The old man is napping.""}",6454,F,nap,y,The cat is napping on the windowsill. ,The old man is napping.,0
TRUE,3647,"{""Q0"":""The boy is handing the singer a guitar.""}",16871,DOC,hand1,y,The teacher handed the student the certificate.,The boy is handing the singer a guitar.,0
TRUE,5862,"{""Q0"":""The lunch lady is giving the chef a cane.""}",19024,POC,give7,y,The mother gave the expensive toy to the hungry toddler.,The lunch lady is giving the chef a cane.,0
TRUE,2764,"{""Q0"":""The window washer is washing the window.""}",9453,F,wash,y,The dog groomer is washing the golden retriever. ,The window washer is washing the window.,0
TRUE,6125,"{""Q0"":""The man is giving the girl a present.""}",17871,DOC,give2,y,The woman gave the new neighbor the rusty bike.,The man is giving the girl a present.,0
TRUE,6982,"{""Q0"":""The person on the left is handing something to the person on the ladder.""}",17153,POC,hand8,y,The good looking bartender handed free drinks to the girls at the bar. ,The person on the left is handing something to the person on the ladder.,1
TRUE,2931,"{""Q0"":""She is ironing a shirt.""}",7371,F,iron,n,The man is ironing they wrinkled work shirt. ,She is ironing a shirt.,0
TRUE,8462,"{""Q0"":""The police man is giving the driver a ticket.""}",18268,DOI,give3,n,The disgruntled employee gave the manager them long letter.,The police man is giving the driver a ticket.,0
TRUE,3888,"{""Q0"":""The girl is giving the guy a plate.""}",21488,POI,hand6,n,The eager boyfriend handed the box of flowers to them girlfriend.  ,The girl is giving the guy a plate.,0
TRUE,5135,"{""Q0"":""Lil Donnie is brushing his teeth.""}",14149,F,brush,y,The rock star is brushing his long hair. ,Lil Donnie is brushing his teeth.,0
TRUE,2032,"{""Q0"":""The librarian is handing the kid a book.""}",11876,DOI,hand4,n,The secretary handed the manager they invoice.,The librarian is handing the kid a book.,0
TRUE,3237,"{""Q0"":""The sailor gave the soldier a tea pot.""}",11773,POI,give6,n,The researcher gave the detailed results to them experienced surgeon.,The sailor gave the soldier a tea pot.,0
TRUE,3466,"{""Q0"":""Lil Donnie is sleeping in his dad's bed.""}",13190,F,sleep,n,The mother wolf is sleeping with them pups. ,Lil Donnie is sleeping in his dad's bed.,0
TRUE,3424,"{""Q0"":""The nurse is handing the doctor the hearing instrument.""}",29326,DOI,hand3,n,The spy handed the double agent them submarine blueprints.,The nurse is handing the doctor the hearing instrument.,0
TRUE,4742,"{""Q0"":""Jenny gave her teacher flowers.""}",11989,POI,give5,n,The millionaire gave the valuable painting to they struggling artist.,Jenny gave her teacher flowers.,0
TRUE,5080,"{""Q0"":""The boy is carrying a big box.""}",11893,F,carry,y,The stock boy is carrying the egg cartons. ,The boy is carrying a big box.,0
TRUE,6457,"{""Q0"":""The lady is giving the old woman a birthday cake.""}",15921,DOI,give4,n,The captain gave the old sailor they spare life jacket.,The lady is giving the old woman a birthday cake.,0
TRUE,5731,"{""Q0"":""The waitress hands the customer a menu.""}",15129,POC,hand7,y,The mean neighbor handed a nasty note to the woman next door. ,The waitress hands the customer a menu.,0
TRUE,4328,"{""Q0"":""The person on the right is reading a book to the person on the left.""}",33509,F,read,y,The teacher is reading the magazine to her students. ,The person on the right is reading a book to the person on the left.,1
TRUE,12391,"{""Q0"":""The nurse is giving the patient food and medicine.""}",18761,DOC,give1,y,The fashion designer gave the famous journalist the pink jacket. ,The nurse is giving the patient food and medicine.,1
FALSE,21181,"{""Q0"":""The boy is giving a valentines letter to the girl.""}",17981,POC,give8,y,The travel agent gave the last ticket to the young fan.,The boy is giving a valentines letter to the girl.,1
TRUE,2326,"{""Q0"":""The floor was slippery so the man fell.""}",30938,F,fall,n,The ball was falling down them ramp. ,The floor was slippery so the man fell.,0
TRUE,3054,"{""Q0"":""The sales man showed the couple the car.""}",11290,DOI,show2,n,The photographer showed the editor them finished proofs.,The sales man showed the couple the car.,0
FALSE,9532,"{""Q0"":""The person on the left is showing a dress to the person of the right.""}",27006,POC,show4,y,The architect showed the model of the building to the architect. ,The person on the left is showing a dress to the person of the right.,1
TRUE,3206,"{""Q0"":""She is looking at her reflection in the mirror.""}",14695,F,look,n,The yellow duck is look at it lake. ,She is looking at her reflection in the mirror.,0