resp_iscorrect,verif_rt,responses,descr_rt,P_type,T_verb,verif_ans,P_sentence,clear_responses,ispo
TRUE,4613,"{""Q0"":""The women is handing over a book""}",12490,DOI,hand4,n,The secretary handed the manager they invoice.,The women is handing over a book,1
TRUE,10699,"{""Q0"":""The boy is giving a heart""}",24726,POC,give8,y,The travel agent gave the last ticket to the young fan.,The boy is giving a heart,1
TRUE,3818,"{""Q0"":""The person is falling on ice""}",13632,F,fall,n,The ball was falling down them ramp. ,The person is falling on ice,0
TRUE,7364,"{""Q0"":""A man is giving a gift""}",9895,DOC,give2,y,The woman gave the new neighbor the rusty bike.,A man is giving a gift,1
TRUE,4131,"{""Q0"":""The maid is giving a cane""}",9070,POC,give7,y,The mother gave the expensive toy to the hungry toddler.,The maid is giving a cane,1
TRUE,5188,"{""Q0"":""An old man is napping on a bed""}",11680,F,nap,y,The cat is napping on the windowsill. ,An old man is napping on a bed,0
TRUE,6236,"{""Q0"":""The man is showing the gun""}",45798,DOC,show1,y,The happy child showed her father the coloring book.,The man is showing the gun,1
TRUE,11894,"{""Q0"":""The girl is handing over chalk""}",38253,POC,hand8,y,The good looking bartender handed free drinks to the girls at the bar. ,The girl is handing over chalk,1
TRUE,2775,"{""Q0"":""The boy is sleeping in bed""}",9903,F,sleep,n,The mother wolf is sleeping with them pups. ,The boy is sleeping in bed,0
TRUE,4004,"{""Q0"":""A circus performer is handing over a hat""}",20442,DOC,hand2,y,The bartender handed the customer the cocktail.,A circus performer is handing over a hat,1
TRUE,5677,"{""Q0"":""The girl is handing over the paint brush""}",16068,POI,hand5,n,The swimmer handed the towel to they driver. ,The girl is handing over the paint brush,1
TRUE,4953,"{""Q0"":""The children are climbing the tree""}",9752,F,climb,n,The baby is climbing up that steps. ,The children are climbing the tree,0
TRUE,13910,"{""Q0"":""The policeman is giving a ticket""}",10854,DOI,give3,n,The disgruntled employee gave the manager them long letter.,The policeman is giving a ticket,1
TRUE,4601,"{""Q0"":""The woman is handing over a ring""}",22553,POI,hand6,n,The eager boyfriend handed the box of flowers to them girlfriend.  ,The woman is handing over a ring,1
TRUE,3958,"{""Q0"":""The girl is looking at a mirror""}",7778,F,look,n,The yellow duck is look at it lake. ,The girl is looking at a mirror,0
TRUE,21306,"{""Q0"":""The nurse is giving food""}",12333,DOC,give1,y,The fashion designer gave the famous journalist the pink jacket. ,The nurse is giving food,1
TRUE,5232,"{""Q0"":""A sailor is giving a teapot""}",10935,POI,give6,n,The researcher gave the detailed results to them experienced surgeon.,A sailor is giving a teapot,1
TRUE,4450,"{""Q0"":""The old man is washing the window""}",11988,F,wash,y,The dog groomer is washing the golden retriever. ,The old man is washing the window,0
TRUE,4955,"{""Q0"":""The nurse is handing over a tool""}",14346,DOI,hand3,n,The spy handed the double agent them submarine blueprints.,The nurse is handing over a tool,1
TRUE,3644,"{""Q0"":""The girl is giving flowers""}",7216,POI,give5,n,The millionaire gave the valuable painting to they struggling artist.,The girl is giving flowers,1
TRUE,8354,"{""Q0"":""The boy is reading to the girl""}",10630,F,read,y,The teacher is reading the magazine to her students. ,The boy is reading to the girl,0
TRUE,3601,"{""Q0"":""The woman is giving a cake""}",11944,DOI,give4,n,The captain gave the old sailor they spare life jacket.,The woman is giving a cake,1
TRUE,4200,"{""Q0"":""The woman is handing over a newpaper""}",9648,POC,hand7,y,The mean neighbor handed a nasty note to the woman next door. ,The woman is handing over a newpaper,1
TRUE,3697,"{""Q0"":""The boy is carrying a box""}",9240,F,carry,y,The stock boy is carrying the egg cartons. ,The boy is carrying a box,0
TRUE,11948,"{""Q0"":""The person is handing over the guitar""}",16800,DOC,hand1,y,The teacher handed the student the certificate.,The person is handing over the guitar,1
TRUE,3394,"{""Q0"":""The children are showing off their picture""}",16254,POI,show3,n,The builder showed the blueprints to they new client.,The children are showing off their picture,1
TRUE,2629,"{""Q0"":""The woman is ironing her cloths""}",9260,F,iron,n,The man is ironing they wrinkled work shirt. ,The woman is ironing her cloths,0
TRUE,3395,"{""Q0"":""The car salesman is showing off a car""}",13403,DOI,show2,n,The photographer showed the editor them finished proofs.,The car salesman is showing off a car,1
TRUE,15123,"{""Q0"":""The woman is showing a dress""}",12841,POC,show4,y,The architect showed the model of the building to the architect. ,The woman is showing a dress,1
FALSE,4702,"{""Q0"":""The boy is brushing his teeth""}",7951,F,brush,y,The rock star is brushing his long hair. ,The boy is brushing his teeth,0