resp_iscorrect,verif_rt,responses,descr_rt,P_type,T_verb,verif_ans,P_sentence,clear_responses,ispo
True,6806.0,"{""Q0"":""The officer is giving a ticket. ""}",22809.0,DOI,give3,n,The disgruntled employee gave the manager them long letter.,The officer is giving a ticket. ,0
False,13478.0,"{""Q0"":""One person shows a dress to another person.""}",24531.0,POC,show4,y,The architect showed the model of the building to the architect. ,One person shows a dress to another person.,1
True,4989.0,"{""Q0"":""He is reading her a book. ""}",27774.0,F,read,y,The teacher is reading the magazine to her students. ,He is reading her a book. ,0
True,5581.0,"{""Q0"":""The man hands a hat to the clown.""}",33132.0,DOC,hand2,y,The bartender handed the customer the cocktail.,The man hands a hat to the clown.,1
True,13990.0,"{""Q0"":""She handed him the next letter.""}",27716.0,POC,hand8,y,The good looking bartender handed free drinks to the girls at the bar. ,She handed him the next letter.,0
True,3174.0,"{""Q0"":""They are climbing a tree.""}",14116.0,F,climb,n,The baby is climbing up that steps. ,They are climbing a tree.,0
True,5503.0,"{""Q0"":""They're giving him a cake.""}",15661.0,DOI,give4,n,The captain gave the old sailor they spare life jacket.,They're giving him a cake.,0
True,3587.0,"{""Q0"":""She gave her teacher flowers.""}",14929.0,POI,give5,n,The millionaire gave the valuable painting to they struggling artist.,She gave her teacher flowers.,0
True,2365.0,"{""Q0"":""She looks at herself in a mirror.""}",16096.0,F,look,n,The yellow duck is look at it lake. ,She looks at herself in a mirror.,0
True,3263.0,"{""Q0"":""The nurse handed the doctor his stethoscope. ""}",36961.0,DOI,hand3,n,The spy handed the double agent them submarine blueprints.,The nurse handed the doctor his stethoscope. ,0
True,3337.0,"{""Q0"":""They're showing their teacher a picture.""}",17763.0,POI,show3,n,The builder showed the blueprints to they new client.,They're showing their teacher a picture.,0
True,4876.0,"{""Q0"":""He is napping. ""}",12977.0,F,nap,y,The cat is napping on the windowsill. ,He is napping. ,0
True,2291.0,"{""Q0"":""She hands the boy a book.""}",18485.0,DOI,hand4,n,The secretary handed the manager they invoice.,She hands the boy a book.,0
True,6875.0,"{""Q0"":""She was given a heart.""}",19064.0,POC,give8,y,The travel agent gave the last ticket to the young fan.,She was given a heart.,0
True,5543.0,"{""Q0"":""He is brushing his teeth.""}",35272.0,F,brush,y,The rock star is brushing his long hair. ,He is brushing his teeth.,0
False,15525.0,"{""Q0"":""The kid was given a gift. ""}",17171.0,DOC,give2,y,The woman gave the new neighbor the rusty bike.,The kid was given a gift. ,0
True,2865.0,"{""Q0"":""She handed him a plate.""}",9180.0,POI,hand6,n,The eager boyfriend handed the box of flowers to them girlfriend.  ,She handed him a plate.,0
True,4698.0,"{""Q0"":""He is carrying a box.""}",10334.0,F,carry,y,The stock boy is carrying the egg cartons. ,He is carrying a box.,0
True,6891.0,"{""Q0"":""The musician was handed a guitar. ""}",14858.0,DOC,hand1,y,The teacher handed the student the certificate.,The musician was handed a guitar. ,0
True,3859.0,"{""Q0"":""The waitress handed the menu to the customer.""}",16110.0,POC,hand7,y,The mean neighbor handed a nasty note to the woman next door. ,The waitress handed the menu to the customer.,1
True,2130.0,"{""Q0"":""She is falling.""}",7733.0,F,fall,n,The ball was falling down them ramp. ,She is falling.,0
True,2746.0,"{""Q0"":""The salesman showed them a car.""}",13695.0,DOI,show2,n,The photographer showed the editor them finished proofs.,The salesman showed them a car.,0
True,5603.0,"{""Q0"":""The waitress gave the cook a cane.""}",16076.0,POC,give7,y,The mother gave the expensive toy to the hungry toddler.,The waitress gave the cook a cane.,0
True,2034.0,"{""Q0"":""He is sleeping.""}",10690.0,F,sleep,n,The mother wolf is sleeping with them pups. ,He is sleeping.,0
True,6616.0,"{""Q0"":""The nurse gave him some medicine.""}",17722.0,DOC,give1,y,The fashion designer gave the famous journalist the pink jacket. ,The nurse gave him some medicine.,0
True,3459.0,"{""Q0"":""The sailor gave the soldier tea.""}",16362.0,POI,give6,n,The researcher gave the detailed results to them experienced surgeon.,The sailor gave the soldier tea.,0
True,2053.0,"{""Q0"":""She is ironing her shirt.""}",15275.0,F,iron,n,The man is ironing they wrinkled work shirt. ,She is ironing her shirt.,0
True,4405.0,"{""Q0"":""The lawyer showed the gun to the judge.""}",22076.0,DOC,show1,y,The happy child showed her father the coloring book.,The lawyer showed the gun to the judge.,1
True,2932.0,"{""Q0"":""The kid handed a paintbrush to the painter.""}",21408.0,POI,hand5,n,The swimmer handed the towel to they driver. ,The kid handed a paintbrush to the painter.,1
True,4412.0,"{""Q0"":""The man is washing the window. ""}",21591.0,F,wash,y,The dog groomer is washing the golden retriever. ,The man is washing the window. ,0
