resp_iscorrect,verif_rt,responses,descr_rt,P_type,T_verb,verif_ans,P_sentence,clear_responses,ispo
TRUE,2952,"{""Q0"":""He is showing something to the man. ""}",10767,DOC,show1,y,The happy child showed her father the coloring book.,He is showing something to the man. ,1
TRUE,3441,"{""Q0"":""She is handing him a brush.""}",10611,POI,hand5,n,The swimmer handed the towel to they driver. ,She is handing him a brush.,0
TRUE,1982,"{""Q0"":""She is looking at herself.""}",8257,F,look,n,The yellow duck is look at it lake. ,She is looking at herself.,0
TRUE,3401,"{""Q0"":""He is giving her a gift. ""}",6509,DOC,give2,y,The woman gave the new neighbor the rusty bike.,He is giving her a gift. ,0
TRUE,9248,"{""Q0"":""They are showing her a picture. ""}",8136,POI,show3,n,The builder showed the blueprints to they new client.,They are showing her a picture. ,0
TRUE,2634,"{""Q0"":""He is washing the window.""}",8041,F,wash,y,The dog groomer is washing the golden retriever. ,He is washing the window.,0
TRUE,6704,"{""Q0"":""He is giving him a ticket. ""}",9100,DOI,give3,n,The disgruntled employee gave the manager them long letter.,He is giving him a ticket. ,0
TRUE,30383,"{""Q0"":""She is showing him a dress. ""}",16052,POC,show4,y,The architect showed the model of the building to the architect. ,She is showing him a dress. ,0
TRUE,2727,"{""Q0"":""He is carrying a box. ""}",7917,F,carry,y,The stock boy is carrying the egg cartons. ,He is carrying a box. ,0
TRUE,11723,"{""Q0"":""She is handing him a book. ""}",11777,DOI,hand4,n,The secretary handed the manager they invoice.,She is handing him a book. ,0
FALSE,4504,"{""Q0"":""She is handing him a cane. ""}",13318,POC,give7,y,The mother gave the expensive toy to the hungry toddler.,She is handing him a cane. ,0
TRUE,2230,"{""Q0"":""They are climbing. ""}",7486,F,climb,n,The baby is climbing up that steps. ,They are climbing. ,0
TRUE,25538,"{""Q0"":""They are being shown a car. ""}",10166,DOI,show2,n,The photographer showed the editor them finished proofs.,They are being shown a car. ,
TRUE,3224,"{""Q0"":""He is being given a teapot. ""}",14557,POI,give6,n,The researcher gave the detailed results to them experienced surgeon.,He is being given a teapot. ,
TRUE,3111,"{""Q0"":""He is sleeping. ""}",4568,F,sleep,n,The mother wolf is sleeping with them pups. ,He is sleeping. ,0
TRUE,2145,"{""Q0"":""He is being handed a hat. ""}",9266,DOC,hand2,y,The bartender handed the customer the cocktail.,He is being handed a hat. ,
TRUE,2746,"{""Q0"":""She is handing him a writing utensil. ""}",16134,POC,hand8,y,The good looking bartender handed free drinks to the girls at the bar. ,She is handing him a writing utensil. ,0
TRUE,1979,"{""Q0"":""He is taking a nap. ""}",6212,F,nap,y,The cat is napping on the windowsill. ,He is taking a nap. ,0
TRUE,3756,"{""Q0"":""He is being given water. ""}",8891,DOC,give1,y,The fashion designer gave the famous journalist the pink jacket. ,He is being given water. ,
TRUE,7835,"{""Q0"":""He is giving her a heart. ""}",6204,POC,give8,y,The travel agent gave the last ticket to the young fan.,He is giving her a heart. ,0
TRUE,1698,"{""Q0"":""He is brushing his teeth. ""}",7372,F,brush,y,The rock star is brushing his long hair. ,He is brushing his teeth. ,0
TRUE,2882,"{""Q0"":""She is handing him something. ""}",7309,DOI,hand3,n,The spy handed the double agent them submarine blueprints.,She is handing him something. ,0
TRUE,3144,"{""Q0"":""She is handing him something. ""}",8046,POC,hand7,y,The mean neighbor handed a nasty note to the woman next door. ,She is handing him something. ,0
TRUE,2656,"{""Q0"":""She is ironing a shirt. ""}",5974,F,iron,n,The man is ironing they wrinkled work shirt. ,She is ironing a shirt. ,0
TRUE,2602,"{""Q0"":""She is handing him an instrument. ""}",7817,DOC,hand1,y,The teacher handed the student the certificate.,She is handing him an instrument. ,0
TRUE,3292,"{""Q0"":""She is giving flowers. ""}",8104,POI,give5,n,The millionaire gave the valuable painting to they struggling artist.,She is giving flowers. ,1
TRUE,1911,"{""Q0"":""He is falling. ""}",6256,F,fall,n,The ball was falling down them ramp. ,He is falling. ,0
TRUE,6048,"{""Q0"":""They are giving him a cake. ""}",6903,DOI,give4,n,The captain gave the old sailor they spare life jacket.,They are giving him a cake. ,0
TRUE,2386,"{""Q0"":""She is handing him something. ""}",8967,POI,hand6,n,The eager boyfriend handed the box of flowers to them girlfriend.  ,She is handing him something. ,0
TRUE,2339,"{""Q0"":""He is reading to her. ""}",6131,F,read,y,The teacher is reading the magazine to her students. ,He is reading to her. ,0