resp_iscorrect,verif_rt,responses,descr_rt,P_type,T_verb,verif_ans,P_sentence,clear_responses,ispo
TRUE,3812,"{""Q0"":""the doctor put his hand on his stomach""}",19879,DOI,hand3,n,The spy handed the double agent them submarine blueprints.,the doctor put his hand on his stomach,
TRUE,6350,"{""Q0"":""the tailor made the dress for the show""}",14088,POC,show4,y,The architect showed the model of the building to the architect. ,the tailor made the dress for the show,
TRUE,2000,"{""Q0"":""the people climb the tree""}",6759,F,climb,n,The baby is climbing up that steps. ,the people climb the tree,0
TRUE,7443,"{""Q0"":""the man wanted to give the present""}",19847,DOC,give2,y,The woman gave the new neighbor the rusty bike.,the man wanted to give the present,1
TRUE,2410,"{""Q0"":""the kids show the drawing""}",8244,POI,show3,n,The builder showed the blueprints to they new client.,the kids show the drawing,1
TRUE,2746,"{""Q0"":""larry liked to wash the window""}",11632,F,wash,y,The dog groomer is washing the golden retriever. ,larry liked to wash the window,0
TRUE,1961,"{""Q0"":""the kid was asked to hand the guitar""}",36019,DOC,hand1,y,The teacher handed the student the certificate.,the kid was asked to hand the guitar,1
TRUE,2571,"{""Q0"":""the girl wanted to give the flowers""}",8798,POI,give5,n,The millionaire gave the valuable painting to they struggling artist.,the girl wanted to give the flowers,1
TRUE,14335,"{""Q0"":""the man took a fall on the ice""}",7855,F,fall,n,The ball was falling down them ramp. ,the man took a fall on the ice,0
TRUE,1921,"{""Q0"":""the cop liked to give tickets""}",15940,DOI,give3,n,The disgruntled employee gave the manager them long letter.,the cop liked to give tickets,1
TRUE,3530,"{""Q0"":""lauren wanted the man to hand the menu""}",39648,POC,hand7,y,The mean neighbor handed a nasty note to the woman next door. ,lauren wanted the man to hand the menu,1
TRUE,2221,"{""Q0"":""martha used the big iron on her hip""}",17229,F,iron,n,The man is ironing they wrinkled work shirt. ,martha used the big iron on her hip,0
TRUE,2346,"{""Q0"":""jillian liked to hand books to boys""}",13905,DOI,hand4,n,The secretary handed the manager they invoice.,jillian liked to hand books to boys,1
TRUE,2502,"{""Q0"":""the man wanted to give it all""}",14865,POC,give8,y,The travel agent gave the last ticket to the young fan.,the man wanted to give it all,0
TRUE,6769,"{""Q0"":""gregory took a big ol nap""}",7881,F,nap,y,The cat is napping on the windowsill. ,gregory took a big ol nap,0
TRUE,1773,"{""Q0"":""may I take your hand in marriage? - maurice ""}",40418,DOC,hand2,y,The bartender handed the customer the cocktail.,may I take your hand in marriage? - maurice ,
TRUE,2605,"{""Q0"":""mckinley gave andrei a hand ""}",23745,POC,hand8,y,The good looking bartender handed free drinks to the girls at the bar. ,mckinley gave andrei a hand ,0
TRUE,2257,"{""Q0"":""edwin gave his teeth a quick brush""}",15042,F,brush,y,The rock star is brushing his long hair. ,edwin gave his teeth a quick brush,0
TRUE,2080,"{""Q0"":""rylan prepared the sock for the show""}",15971,DOC,show1,y,The happy child showed her father the coloring book.,rylan prepared the sock for the show,
TRUE,13739,"{""Q0"":""people like to hand things over""}",9279,POI,hand5,n,The swimmer handed the towel to they driver. ,people like to hand things over,0
TRUE,2990,"{""Q0"":""ginger took a look in the mirror""}",15049,F,look,n,The yellow duck is look at it lake. ,ginger took a look in the mirror,0
TRUE,2103,"{""Q0"":""the couple attended the car show""}",10399,DOI,show2,n,The photographer showed the editor them finished proofs.,the couple attended the car show,
TRUE,4795,"{""Q0"":""give me my cain - said eugene ""}",16756,POC,give7,y,The mother gave the expensive toy to the hungry toddler.,give me my cain - said eugene ,0
TRUE,7828,"{""Q0"":""reginald had to carry the box""}",10314,F,carry,y,The stock boy is carrying the egg cartons. ,reginald had to carry the box,0
TRUE,4040,"{""Q0"":""vinny was asked to give his will""}",17157,DOC,give1,y,The fashion designer gave the famous journalist the pink jacket. ,vinny was asked to give his will,1
TRUE,6588,"{""Q0"":""the sailor wanted to give the teapot""}",8895,POI,give6,n,The researcher gave the detailed results to them experienced surgeon.,the sailor wanted to give the teapot,1
TRUE,1496,"{""Q0"":""david could sleep tight, he aced his test""}",14544,F,sleep,n,The mother wolf is sleeping with them pups. ,"david could sleep tight, he aced his test",0
TRUE,2454,"{""Q0"":""the couple wanted to give miranda cake""}",20581,DOI,give4,n,The captain gave the old sailor they spare life jacket.,the couple wanted to give miranda cake,0
TRUE,1962,"{""Q0"":""the woman wanted to hand flint the plate""}",29864,POI,hand6,n,The eager boyfriend handed the box of flowers to them girlfriend.  ,the woman wanted to hand flint the plate,0
TRUE,5964,"{""Q0"":""zoboomafu read to lisa""}",16554,F,read,y,The teacher is reading the magazine to her students. ,zoboomafu read to lisa,0