resp_iscorrect,verif_rt,responses,descr_rt,P_type,T_verb,verif_ans,P_sentence,clear_responses,ispo
True,4614.0,"{""Q0"":""A man hands a clown a hat.""}",9511.0,DOC,hand2,y,The bartender handed the customer the cocktail.,A man hands a clown a hat.,0
True,10414.0,"{""Q0"":""A girl hands a man a brush.""}",20843.0,POI,hand5,n,The swimmer handed the towel to they driver. ,A girl hands a man a brush.,0
True,7317.0,"{""Q0"":""A man washes a window.""}",11118.0,F,wash,y,The dog groomer is washing the golden retriever. ,A man washes a window.,0
True,2178.0,"{""Q0"":""A nurse gives a man food.""}",9372.0,DOC,give1,y,The fashion designer gave the famous journalist the pink jacket. ,A nurse gives a man food.,0
True,3163.0,"{""Q0"":""A girl hands a man a plate.""}",11725.0,POI,hand6,n,The eager boyfriend handed the box of flowers to them girlfriend.  ,A girl hands a man a plate.,0
True,1592.0,"{""Q0"":""A boy sleeps in his bed.""}",7045.0,F,sleep,n,The mother wolf is sleeping with them pups. ,A boy sleeps in his bed.,0
True,2920.0,"{""Q0"":""The officer gives the boy a ticket.""}",11192.0,DOI,give3,n,The disgruntled employee gave the manager them long letter.,The officer gives the boy a ticket.,0
True,3460.0,"{""Q0"":""The girl gave her pupil a letter.""}",17390.0,POC,hand8,y,The good looking bartender handed free drinks to the girls at the bar. ,The girl gave her pupil a letter.,0
True,1739.0,"{""Q0"":""The old man naps in bed.""}",8344.0,F,nap,y,The cat is napping on the windowsill. ,The old man naps in bed.,0
True,2260.0,"{""Q0"":""The man shows the customer a gun.""}",9457.0,DOC,show1,y,The happy child showed her father the coloring book.,The man shows the customer a gun.,0
False,3088.0,"{""Q0"":""A woman shows a man a dress.""}",8211.0,POC,show4,y,The architect showed the model of the building to the architect. ,A woman shows a man a dress.,0
True,1976.0,"{""Q0"":""A girl looks in a mirror.""}",9699.0,F,look,n,The yellow duck is look at it lake. ,A girl looks in a mirror.,0
True,3490.0,"{""Q0"":""The librarian hands over a book.""}",9547.0,DOI,hand4,n,The secretary handed the manager they invoice.,The librarian hands over a book.,0
True,4931.0,"{""Q0"":""The student gives the teacher flowers.""}",11649.0,POI,give5,n,The millionaire gave the valuable painting to they struggling artist.,The student gives the teacher flowers.,0
True,3597.0,"{""Q0"":""Two kids climb a tree.""}",9743.0,F,climb,n,The baby is climbing up that steps. ,Two kids climb a tree.,0
True,2825.0,"{""Q0"":""They gave him a cake.""}",9113.0,DOI,give4,n,The captain gave the old sailor they spare life jacket.,They gave him a cake.,0
True,5159.0,"{""Q0"":""A boy gives a girl a card.""}",13366.0,POC,give8,y,The travel agent gave the last ticket to the young fan.,A boy gives a girl a card.,0
True,2745.0,"{""Q0"":""A boy is brushing his teeth.""}",9481.0,F,brush,y,The rock star is brushing his long hair. ,A boy is brushing his teeth.,0
True,8626.0,"{""Q0"":""The boy handed the rock star a guitar.""}",12048.0,DOC,hand1,y,The teacher handed the student the certificate.,The boy handed the rock star a guitar.,0
True,4988.0,"{""Q0"":""The waiter handed the man a menu.""}",10873.0,POC,hand7,y,The mean neighbor handed a nasty note to the woman next door. ,The waiter handed the man a menu.,0
True,2390.0,"{""Q0"":""Don't fall on the ice.""}",12160.0,F,fall,n,The ball was falling down them ramp. ,Don't fall on the ice.,0
True,4061.0,"{""Q0"":""The salesman shows off the car.""}",8488.0,DOI,show2,n,The photographer showed the editor them finished proofs.,The salesman shows off the car.,0
True,3795.0,"{""Q0"":""A waiter gives a chef a cane.""}",17235.0,POC,give7,y,The mother gave the expensive toy to the hungry toddler.,A waiter gives a chef a cane.,0
True,6436.0,"{""Q0"":""A woman irons a shirt.""}",12349.0,F,iron,n,The man is ironing they wrinkled work shirt. ,A woman irons a shirt.,0
True,2554.0,"{""Q0"":""The nurse hands a doctor his stethoscope.""}",19586.0,DOI,hand3,n,The spy handed the double agent them submarine blueprints.,The nurse hands a doctor his stethoscope.,0
True,5616.0,"{""Q0"":""The sailor gives a soldier tea.""}",7083.0,POI,give6,n,The researcher gave the detailed results to them experienced surgeon.,The sailor gives a soldier tea.,0
True,2547.0,"{""Q0"":""The boy reads the girl a book.""}",18878.0,F,read,y,The teacher is reading the magazine to her students. ,The boy reads the girl a book.,0
True,7104.0,"{""Q0"":""A father gives her daughter a present.""}",13133.0,DOC,give2,y,The woman gave the new neighbor the rusty bike.,A father gives her daughter a present.,0
True,2343.0,"{""Q0"":""The students show their teacher a present.""}",13973.0,POI,show3,n,The builder showed the blueprints to they new client.,The students show their teacher a present.,0
True,10539.0,"{""Q0"":""A boy carries a box.""}",6473.0,F,carry,y,The stock boy is carrying the egg cartons. ,A boy carries a box.,0
