resp_iscorrect,verif_rt,responses,descr_rt,P_type,T_verb,verif_ans,P_sentence,clear_responses,ispo
True,4581.0,"{""Q0"":""The officer gives the man a ticket""}",9942.0,DOI,give3,n,The disgruntled employee gave the manager them long letter.,The officer gives the man a ticket,0
True,4386.0,"{""Q0"":""the girl hands the boy a paint brush""}",11835.0,POI,hand5,n,The swimmer handed the towel to they driver. ,the girl hands the boy a paint brush,0
True,3674.0,"{""Q0"":""the man is napping""}",5751.0,F,nap,y,The cat is napping on the windowsill. ,the man is napping,0
True,5124.0,"{""Q0"":""the woman hands the doctor an item""}",14006.0,DOI,hand3,n,The spy handed the double agent them submarine blueprints.,the woman hands the doctor an item,0
True,4922.0,"{""Q0"":""the child hands a pen to the teacher""}",14227.0,POC,hand8,y,The good looking bartender handed free drinks to the girls at the bar. ,the child hands a pen to the teacher,1
True,2697.0,"{""Q0"":""the man brushes his teeth""}",8809.0,F,brush,y,The rock star is brushing his long hair. ,the man brushes his teeth,0
True,5671.0,"{""Q0"":""the man shows the other man the gun""}",11479.0,DOC,show1,y,The happy child showed her father the coloring book.,the man shows the other man the gun,0
True,2940.0,"{""Q0"":""the children show the teacher the painting ""}",9250.0,POI,show3,n,The builder showed the blueprints to they new client.,the children show the teacher the painting ,0
True,3428.0,"{""Q0"":""the girl looks in the mirror""}",8898.0,F,look,n,The yellow duck is look at it lake. ,the girl looks in the mirror,0
True,2569.0,"{""Q0"":""the man shows the car""}",33677.0,DOI,show2,n,The photographer showed the editor them finished proofs.,the man shows the car,0
True,5629.0,"{""Q0"":""the waitress hands over the menu""}",11382.0,POC,hand7,y,The mean neighbor handed a nasty note to the woman next door. ,the waitress hands over the menu,0
True,1756.0,"{""Q0"":""the man falls""}",3570.0,F,fall,n,The ball was falling down them ramp. ,the man falls,0
True,4723.0,"{""Q0"":""the doctor gives medicine""}",9645.0,DOC,give1,y,The fashion designer gave the famous journalist the pink jacket. ,the doctor gives medicine,0
True,5632.0,"{""Q0"":""the woman gives a cane ""}",7888.0,POC,give7,y,The mother gave the expensive toy to the hungry toddler.,the woman gives a cane ,0
False,7090.0,"{""Q0"":""the woman irons the shirt""}",8436.0,F,iron,n,The man is ironing they wrinkled work shirt. ,the woman irons the shirt,0
True,2569.0,"{""Q0"":""the woman hands a book to the boy""}",13999.0,DOI,hand4,n,The secretary handed the manager they invoice.,the woman hands a book to the boy,1
True,7461.0,"{""Q0"":""the boy gives a heart to girl""}",13179.0,POC,give8,y,The travel agent gave the last ticket to the young fan.,the boy gives a heart to girl,1
True,3084.0,"{""Q0"":""the kids climb up the tree""}",7736.0,F,climb,n,The baby is climbing up that steps. ,the kids climb up the tree,0
True,3067.0,"{""Q0"":""the parents give the cake to the man""}",9068.0,DOI,give4,n,The captain gave the old sailor they spare life jacket.,the parents give the cake to the man,1
True,2846.0,"{""Q0"":""the girl hands the plate to the boy""}",7865.0,POI,hand6,n,The eager boyfriend handed the box of flowers to them girlfriend.  ,the girl hands the plate to the boy,1
True,2960.0,"{""Q0"":""the boy reads to girl""}",6112.0,F,read,y,The teacher is reading the magazine to her students. ,the boy reads to girl,0
True,3089.0,"{""Q0"":""the man hands over the hat""}",7221.0,DOC,hand2,y,The bartender handed the customer the cocktail.,the man hands over the hat,0
True,4230.0,"{""Q0"":""the sailor gives the teapot""}",7635.0,POI,give6,n,The researcher gave the detailed results to them experienced surgeon.,the sailor gives the teapot,0
True,2868.0,"{""Q0"":""the man washes the window""}",5719.0,F,wash,y,The dog groomer is washing the golden retriever. ,the man washes the window,0
True,1925.0,"{""Q0"":""the man hands over the guitar""}",6331.0,DOC,hand1,y,The teacher handed the student the certificate.,the man hands over the guitar,0
True,3081.0,"{""Q0"":""the kid gives flowers""}",6124.0,POI,give5,n,The millionaire gave the valuable painting to they struggling artist.,the kid gives flowers,0
True,1942.0,"{""Q0"":""the man sleeps""}",3199.0,F,sleep,n,The mother wolf is sleeping with them pups. ,the man sleeps,0
True,4169.0,"{""Q0"":""the man gives a gift""}",6979.0,DOC,give2,y,The woman gave the new neighbor the rusty bike.,the man gives a gift,0
True,5718.0,"{""Q0"":""the girl shows the dress""}",10258.0,POC,show4,y,The architect showed the model of the building to the architect. ,the girl shows the dress,0
True,4968.0,"{""Q0"":""the man carries the box""}",5768.0,F,carry,y,The stock boy is carrying the egg cartons. ,the man carries the box,0
