resp_iscorrect,verif_rt,responses,descr_rt,P_type,T_verb,verif_ans,P_sentence,clear_responses,ispo
TRUE,6178,"{""Q0"":""the nurse has to give medicine""}",16194,DOC,give1,y,The fashion designer gave the famous journalist the pink jacket. ,the nurse has to give medicine,0
TRUE,2177,"{""Q0"":""the girl went to hand over the paint brush""}",16103,POI,hand5,n,The swimmer handed the towel to they driver. ,the girl went to hand over the paint brush,1
TRUE,2111,"{""Q0"":""the old man loves to nap""}",6895,F,nap,y,The cat is napping on the windowsill. ,the old man loves to nap,0
TRUE,5370,"{""Q0"":""the salesman always puts on a good show""}",19731,DOI,show2,n,The photographer showed the editor them finished proofs.,the salesman always puts on a good show,
TRUE,3844,"{""Q0"":""the boy went to give a valentine""}",8191,POC,give8,y,The travel agent gave the last ticket to the young fan.,the boy went to give a valentine,1
TRUE,2951,"{""Q0"":""the man realized he was going to fall""}",9171,F,fall,n,The ball was falling down them ramp. ,the man realized he was going to fall,0
TRUE,2770,"{""Q0"":""the librarian went to hand out a book""}",12855,DOI,hand4,n,The secretary handed the manager they invoice.,the librarian went to hand out a book,1
TRUE,4336,"{""Q0"":""the girl went to hand the boy chalk""}",10369,POC,hand8,y,The good looking bartender handed free drinks to the girls at the bar. ,the girl went to hand the boy chalk,0
TRUE,8030,"{""Q0"":""the man wanted to wash his window""}",12239,F,wash,y,The dog groomer is washing the golden retriever. ,the man wanted to wash his window,0
TRUE,2910,"{""Q0"":""the parents went to give a cake.""}",12239,DOI,give4,n,The captain gave the old sailor they spare life jacket.,the parents went to give a cake.,1
FALSE,4999,"{""Q0"":""the girl wanted to show off her dress""}",9793,POC,show4,y,The architect showed the model of the building to the architect. ,the girl wanted to show off her dress,
TRUE,9775,"{""Q0"":""the boy loves to read.""}",7883,F,read,y,The teacher is reading the magazine to her students. ,the boy loves to read.,0
TRUE,2555,"{""Q0"":""the nurse went to hand the stethoscope.""}",21395,DOI,hand3,n,The spy handed the double agent them submarine blueprints.,the nurse went to hand the stethoscope.,1
TRUE,94536,"{""Q0"":""the girl wanted to give flowers""}",10482,POI,give5,n,The millionaire gave the valuable painting to they struggling artist.,the girl wanted to give flowers,1
TRUE,3559,"{""Q0"":""the man remembered to brush his teeth""}",8611,F,brush,y,The rock star is brushing his long hair. ,the man remembered to brush his teeth,0
TRUE,2616,"{""Q0"":""the boy went to hand off the guitar""}",9179,DOC,hand1,y,The teacher handed the student the certificate.,the boy went to hand off the guitar,1
TRUE,8732,"{""Q0"":""the girl went to hand off the frisbee""}",11464,POI,hand6,n,The eager boyfriend handed the box of flowers to them girlfriend.  ,the girl went to hand off the frisbee,1
TRUE,9043,"{""Q0"":""the boy had to carry a box""}",9527,F,carry,y,The stock boy is carrying the egg cartons. ,the boy had to carry a box,0
TRUE,136056,"{""Q0"":""the man wanted to give a gift""}",11013,DOC,give2,y,The woman gave the new neighbor the rusty bike.,the man wanted to give a gift,1
TRUE,52669,"{""Q0"":""the maid wanted to give away the cane""}",11550,POC,give7,y,The mother gave the expensive toy to the hungry toddler.,the maid wanted to give away the cane,1
TRUE,8913,"{""Q0"":""the siblings wanted to climb a tree""}",136128,F,climb,n,The baby is climbing up that steps. ,the siblings wanted to climb a tree,0
TRUE,7320,"{""Q0"":""the cop had to give the man a ticket""}",28998,DOI,give3,n,The disgruntled employee gave the manager them long letter.,the cop had to give the man a ticket,0
TRUE,7769,"{""Q0"":""the waitress went to hand him a menu""}",12407,POC,hand7,y,The mean neighbor handed a nasty note to the woman next door. ,the waitress went to hand him a menu,0
TRUE,33127,"{""Q0"":""she had to iron a shirt.""}",9500,F,iron,n,The man is ironing they wrinkled work shirt. ,she had to iron a shirt.,0
TRUE,4219,"{""Q0"":""the man had to hand a hat to the clown""}",19655,DOC,hand2,y,The bartender handed the customer the cocktail.,the man had to hand a hat to the clown,1
TRUE,26772,"{""Q0"":""the children had to show off their art""}",10833,POI,show3,n,The builder showed the blueprints to they new client.,the children had to show off their art,
TRUE,4217,"{""Q0"":""the man wanted to go to sleep""}",7578,F,sleep,n,The mother wolf is sleeping with them pups. ,the man wanted to go to sleep,0
TRUE,2450,"{""Q0"":""the lawyer had to show the judge the gun""}",13006,DOC,show1,y,The happy child showed her father the coloring book.,the lawyer had to show the judge the gun,0
TRUE,7341,"{""Q0"":""the sailor went to give the tea away.""}",11101,POI,give6,n,The researcher gave the detailed results to them experienced surgeon.,the sailor went to give the tea away.,
TRUE,20303,"{""Q0"":""the girl went to look in the mirror""}",8663,F,look,n,The yellow duck is look at it lake. ,the girl went to look in the mirror,0