resp_iscorrect,verif_rt,responses,descr_rt,P_type,T_verb,verif_ans,P_sentence,clear_responses,ispo
True,4807.0,"{""Q0"":""The salesman shows the car""}",6992.0,DOI,show2,n,The photographer showed the editor them finished proofs.,The salesman shows the car,0
True,5733.0,"{""Q0"":""The waitress gives the cane to the chef""}",8861.0,POC,give7,y,The mother gave the expensive toy to the hungry toddler.,The waitress gives the cane to the chef,1
True,2674.0,"{""Q0"":""The girl looks at herself""}",6174.0,F,look,n,The yellow duck is look at it lake. ,The girl looks at herself,0
True,4520.0,"{""Q0"":""The person hands the guitar off""}",7184.0,DOC,hand1,y,The teacher handed the student the certificate.,The person hands the guitar off,0
True,3597.0,"{""Q0"":""The sailor gives the teapot away""}",10178.0,POI,give6,n,The researcher gave the detailed results to them experienced surgeon.,The sailor gives the teapot away,0
True,3273.0,"{""Q0"":""The man brushes his teeth""}",8214.0,F,brush,y,The rock star is brushing his long hair. ,The man brushes his teeth,0
True,3171.0,"{""Q0"":""The librarian hands the book to the kid""}",8950.0,DOI,hand4,n,The secretary handed the manager they invoice.,The librarian hands the book to the kid,1
True,4232.0,"{""Q0"":""The waitress hands the customer a menu""}",7880.0,POC,hand7,y,The mean neighbor handed a nasty note to the woman next door. ,The waitress hands the customer a menu,0
True,2020.0,"{""Q0"":""The boy sleeps""}",3605.0,F,sleep,n,The mother wolf is sleeping with them pups. ,The boy sleeps,0
True,2737.0,"{""Q0"":""The nurse hands an item over""}",7587.0,DOI,hand3,n,The spy handed the double agent them submarine blueprints.,The nurse hands an item over,0
True,3324.0,"{""Q0"":""The girl gives flowers""}",11225.0,POI,give5,n,The millionaire gave the valuable painting to they struggling artist.,The girl gives flowers,0
True,2542.0,"{""Q0"":""The woman irons""}",4590.0,F,iron,n,The man is ironing they wrinkled work shirt. ,The woman irons,0
True,4252.0,"{""Q0"":""The police officer gives a ticket""}",7571.0,DOI,give3,n,The disgruntled employee gave the manager them long letter.,The police officer gives a ticket,0
True,4136.0,"{""Q0"":""The girl hands the boy a marker""}",6180.0,POC,hand8,y,The good looking bartender handed free drinks to the girls at the bar. ,The girl hands the boy a marker,0
True,2808.0,"{""Q0"":""The man washes""}",4953.0,F,wash,y,The dog groomer is washing the golden retriever. ,The man washes,0
True,5079.0,"{""Q0"":""The nurse gives""}",7659.0,DOC,give1,y,The fashion designer gave the famous journalist the pink jacket. ,The nurse gives,0
True,3632.0,"{""Q0"":""THe boys gives""}",4168.0,POC,give8,y,The travel agent gave the last ticket to the young fan.,THe boys gives,0
True,6059.0,"{""Q0"":""THe boy carries""}",5511.0,F,carry,y,The stock boy is carrying the egg cartons. ,THe boy carries,0
True,2966.0,"{""Q0"":""The girl gives""}",5557.0,DOI,give4,n,The captain gave the old sailor they spare life jacket.,The girl gives,0
True,3053.0,"{""Q0"":""The boy shows""}",4903.0,POC,show4,y,The architect showed the model of the building to the architect. ,The boy shows,0
True,2251.0,"{""Q0"":""The grandpa naps""}",6325.0,F,nap,y,The cat is napping on the windowsill. ,The grandpa naps,0
True,4065.0,"{""Q0"":""The man shows""}",5848.0,DOC,show1,y,The happy child showed her father the coloring book.,The man shows,0
True,2902.0,"{""Q0"":""The girl hands""}",3700.0,POI,hand6,n,The eager boyfriend handed the box of flowers to them girlfriend.  ,The girl hands,0
True,4946.0,"{""Q0"":""The person reads on a stool""}",10146.0,F,read,y,The teacher is reading the magazine to her students. ,The person reads on a stool,0
True,2836.0,"{""Q0"":""The man gives a present""}",8070.0,DOC,give2,y,The woman gave the new neighbor the rusty bike.,The man gives a present,0
True,2749.0,"{""Q0"":""The children show""}",5306.0,POI,show3,n,The builder showed the blueprints to they new client.,The children show,0
True,3530.0,"{""Q0"":""The man falls""}",4374.0,F,fall,n,The ball was falling down them ramp. ,The man falls,0
True,5198.0,"{""Q0"":""The man hands""}",7201.0,DOC,hand2,y,The bartender handed the customer the cocktail.,The man hands,0
True,3209.0,"{""Q0"":""THe girl hands""}",4918.0,POI,hand5,n,The swimmer handed the towel to they driver. ,THe girl hands,0
True,1523.0,"{""Q0"":""The children climn""}",3850.0,F,climb,n,The baby is climbing up that steps. ,The children climn,0
