resp_iscorrect,verif_rt,responses,descr_rt,P_type,T_verb,verif_ans,P_sentence,clear_responses,ispo
True,3944.0,"{""Q0"":""GIVE""}",4922.0,DOC,give2,y,The woman gave the new neighbor the rusty bike.,GIVE,0
True,3568.0,"{""Q0"":""The girl is handing a guy alphabet letters""}",32747.0,POC,hand8,y,The good looking bartender handed free drinks to the girls at the bar. ,The girl is handing a guy alphabet letters,0
True,2644.0,"{""Q0"":""The old man is washing the dirty window""}",34808.0,F,wash,y,The dog groomer is washing the golden retriever. ,The old man is washing the dirty window,0
True,3165.0,"{""Q0"":""The policemen Is handing a person a ticket""}",15603.0,DOI,give3,n,The disgruntled employee gave the manager them long letter.,The policemen Is handing a person a ticket,0
True,2852.0,"{""Q0"":""The kids are showing a very drawn painting""}",28946.0,POI,show3,n,The builder showed the blueprints to they new client.,The kids are showing a very drawn painting,0
True,2099.0,"{""Q0"":""The little boy is carrying a heavy box""}",12861.0,F,carry,y,The stock boy is carrying the egg cartons. ,The little boy is carrying a heavy box,0
True,2777.0,"{""Q0"":""The nurse is handing the doctor his stethoscope""}",25826.0,DOI,hand3,n,The spy handed the double agent them submarine blueprints.,The nurse is handing the doctor his stethoscope,0
True,2974.0,"{""Q0"":""The lady is showing a person a dress""}",10793.0,POC,show4,y,The architect showed the model of the building to the architect. ,The lady is showing a person a dress,0
True,7149.0,"{""Q0"":""He is reading a book to the girl""}",21082.0,F,read,y,The teacher is reading the magazine to her students. ,He is reading a book to the girl,1
True,2242.0,"{""Q0"":""She is handing the person a library book""}",19325.0,DOI,hand4,n,The secretary handed the manager they invoice.,She is handing the person a library book,0
True,4196.0,"{""Q0"":""She is giving her teacher lovely looking flowers""}",16680.0,POI,give5,n,The millionaire gave the valuable painting to they struggling artist.,She is giving her teacher lovely looking flowers,0
True,2458.0,"{""Q0"":""The kids are climbing a tree unsafely""}",23511.0,F,climb,n,The baby is climbing up that steps. ,The kids are climbing a tree unsafely,0
True,3549.0,"{""Q0"":""The men is giving the clown his lost hat""}",16436.0,DOC,hand2,y,The bartender handed the customer the cocktail.,The men is giving the clown his lost hat,0
False,7937.0,"{""Q0"":""She is giving a cane to the chef""}",50639.0,POC,give7,y,The mother gave the expensive toy to the hungry toddler.,She is giving a cane to the chef,1
True,5290.0,"{""Q0"":""He is brushing his teeth near the sink""}",14841.0,F,brush,y,The rock star is brushing his long hair. ,He is brushing his teeth near the sink,0
True,2977.0,"{""Q0"":""The car salesmen is trying to sell cars""}",17280.0,DOI,show2,n,The photographer showed the editor them finished proofs.,The car salesmen is trying to sell cars,0
True,5313.0,"{""Q0"":""He is handing a teapot to the soldier""}",35444.0,POI,give6,n,The researcher gave the detailed results to them experienced surgeon.,He is handing a teapot to the soldier,1
True,4696.0,"{""Q0"":""He is about to fall on a puddle""}",79461.0,F,fall,n,The ball was falling down them ramp. ,He is about to fall on a puddle,0
True,3483.0,"{""Q0"":""He is handed back the guitarist his guitar""}",90593.0,DOC,hand1,y,The teacher handed the student the certificate.,He is handed back the guitarist his guitar,0
True,5265.0,"{""Q0"":""He is handing his love to the girl""}",27699.0,POC,give8,y,The travel agent gave the last ticket to the young fan.,He is handing his love to the girl,0
True,2435.0,"{""Q0"":""She is ironing clothes""}",6860.0,F,iron,n,The man is ironing they wrinkled work shirt. ,She is ironing clothes,0
True,7429.0,"{""Q0"":""A patient is being treated.""}",27558.0,DOC,give1,y,The fashion designer gave the famous journalist the pink jacket. ,A patient is being treated.,0
True,6822.0,"{""Q0"":""the girl is giving the man a brush.""}",15928.0,POI,hand5,n,The swimmer handed the towel to they driver. ,the girl is giving the man a brush.,0
True,5892.0,"{""Q0"":""A boy is in bed sleeping.""}",13868.0,F,sleep,n,The mother wolf is sleeping with them pups. ,A boy is in bed sleeping.,0
True,3876.0,"{""Q0"":""The woman is giving someone a cake. ""}",23436.0,DOI,give4,n,The captain gave the old sailor they spare life jacket.,The woman is giving someone a cake. ,0
True,3342.0,"{""Q0"":""She is handing him a lunch menu""}",19567.0,POC,hand7,y,The mean neighbor handed a nasty note to the woman next door. ,She is handing him a lunch menu,0
True,2396.0,"{""Q0"":""Old men is napping on his bed""}",22167.0,F,nap,y,The cat is napping on the windowsill. ,Old men is napping on his bed,0
True,10217.0,"{""Q0"":""he is buying a gun""}",31804.0,DOC,show1,y,The happy child showed her father the coloring book.,he is buying a gun,0
False,2956.0,"{""Q0"":""She is handing him a frisbee""}",6509.0,POI,hand6,n,The eager boyfriend handed the box of flowers to them girlfriend.  ,She is handing him a frisbee,0
True,2304.0,"{""Q0"":""She is looking at herself""}",6566.0,F,look,n,The yellow duck is look at it lake. ,She is looking at herself,0
