resp_iscorrect,verif_rt,responses,descr_rt,P_type,T_verb,verif_ans,P_sentence,clear_responses,ispo
True,6365.0,"{""Q0"":""The nurse is giving the patient food.""}",17367.0,DOC,give1,y,The fashion designer gave the famous journalist the pink jacket. ,The nurse is giving the patient food.,0
False,8560.0,"{""Q0"":""The waitress is giving a cane to the chef.""}",22033.0,POC,give7,y,The mother gave the expensive toy to the hungry toddler.,The waitress is giving a cane to the chef.,1
True,6781.0,"{""Q0"":""The girl is looking at her reflection.""}",15783.0,F,look,n,The yellow duck is look at it lake. ,The girl is looking at her reflection.,0
True,4126.0,"{""Q0"":""The person is giving a gift.""}",25106.0,DOI,give4,n,The captain gave the old sailor they spare life jacket.,The person is giving a gift.,0
False,13638.0,"{""Q0"":""The designer is showing his design.""}",18702.0,POC,show4,y,The architect showed the model of the building to the architect. ,The designer is showing his design.,0
True,2478.0,"{""Q0"":""The person is falling because of ice.""}",14108.0,F,fall,n,The ball was falling down them ramp. ,The person is falling because of ice.,0
True,6356.0,"{""Q0"":""The car dealer is showing people cars.""}",19350.0,DOI,show2,n,The photographer showed the editor them finished proofs.,The car dealer is showing people cars.,0
True,5665.0,"{""Q0"":""The waitress hands a menu to the customer.""}",26385.0,POC,hand7,y,The mean neighbor handed a nasty note to the woman next door. ,The waitress hands a menu to the customer.,1
True,23578.0,"{""Q0"":""The boy is carrying a box.""}",11103.0,F,carry,y,The stock boy is carrying the egg cartons. ,The boy is carrying a box.,0
True,3804.0,"{""Q0"":""The nurse hands the doctor a stethoscope.""}",27727.0,DOI,hand3,n,The spy handed the double agent them submarine blueprints.,The nurse hands the doctor a stethoscope.,0
True,8336.0,"{""Q0"":""The sailor gives a teapot to the soldier.""}",21621.0,POI,give6,n,The researcher gave the detailed results to them experienced surgeon.,The sailor gives a teapot to the soldier.,1
True,2576.0,"{""Q0"":""The children are climbing the tree.""}",15301.0,F,climb,n,The baby is climbing up that steps. ,The children are climbing the tree.,0
True,11417.0,"{""Q0"":""The salesman is showing guns.""}",15459.0,DOC,show1,y,The happy child showed her father the coloring book.,The salesman is showing guns.,0
True,7290.0,"{""Q0"":""The girl hands the boy a letter.""}",22020.0,POC,hand8,y,The good looking bartender handed free drinks to the girls at the bar. ,The girl hands the boy a letter.,0
True,4888.0,"{""Q0"":""The boy is reading a book to a girl.""}",23018.0,F,read,y,The teacher is reading the magazine to her students. ,The boy is reading a book to a girl.,1
True,8081.0,"{""Q0"":""The librarian hands the man a book.""}",15659.0,DOI,hand4,n,The secretary handed the manager they invoice.,The librarian hands the man a book.,0
True,4664.0,"{""Q0"":""The girl hands a paint brush to the boy.""}",14786.0,POI,hand5,n,The swimmer handed the towel to they driver. ,The girl hands a paint brush to the boy.,1
True,2251.0,"{""Q0"":""The woman is ironing.""}",8584.0,F,iron,n,The man is ironing they wrinkled work shirt. ,The woman is ironing.,0
True,2436.0,"{""Q0"":""A person hands the singer a guitar.""}",16771.0,DOC,hand1,y,The teacher handed the student the certificate.,A person hands the singer a guitar.,0
True,3759.0,"{""Q0"":""The girl hands the boy a plate.""}",13002.0,POI,hand6,n,The eager boyfriend handed the box of flowers to them girlfriend.  ,The girl hands the boy a plate.,0
True,2566.0,"{""Q0"":""The boy is sleeping.""}",6454.0,F,sleep,n,The mother wolf is sleeping with them pups. ,The boy is sleeping.,0
True,5388.0,"{""Q0"":""The cowboy hands his hat to the clown.""}",23692.0,DOC,hand2,y,The bartender handed the customer the cocktail.,The cowboy hands his hat to the clown.,0
False,12341.0,"{""Q0"":""The boy gives a heart to the girl.""}",18306.0,POC,give8,y,The travel agent gave the last ticket to the young fan.,The boy gives a heart to the girl.,1
True,5448.0,"{""Q0"":""The boy is brushing his teeth.""}",13983.0,F,brush,y,The rock star is brushing his long hair. ,The boy is brushing his teeth.,0
False,15831.0,"{""Q0"":""The person gives a gift to the girl.""}",16213.0,DOC,give2,y,The woman gave the new neighbor the rusty bike.,The person gives a gift to the girl.,1
True,4290.0,"{""Q0"":""The students show their work to the teacher.""}",34758.0,POI,show3,n,The builder showed the blueprints to they new client.,The students show their work to the teacher.,0
True,2533.0,"{""Q0"":""The old man is taking a nap.""}",8342.0,F,nap,y,The cat is napping on the windowsill. ,The old man is taking a nap.,0
True,4557.0,"{""Q0"":""The cop is giving a ticket.""}",10560.0,DOI,give3,n,The disgruntled employee gave the manager them long letter.,The cop is giving a ticket.,0
True,4919.0,"{""Q0"":""The girl gives flowers to the teacher.""}",14182.0,POI,give5,n,The millionaire gave the valuable painting to they struggling artist.,The girl gives flowers to the teacher.,0
True,7508.0,"{""Q0"":""The old man is washing the window.""}",21361.0,F,wash,y,The dog groomer is washing the golden retriever. ,The old man is washing the window.,0
