resp_iscorrect,verif_rt,responses,descr_rt,P_type,T_verb,verif_ans,P_sentence,clear_responses,ispo
True,3241.0,"{""Q0"":""The librarian handed the man a book.""}",14057.0,DOI,hand4,n,The secretary handed the manager they invoice.,The librarian handed the man a book.,0
True,4834.0,"{""Q0"":""The woman handed the man a paint brush.""}",16917.0,POI,hand5,n,The swimmer handed the towel to they driver. ,The woman handed the man a paint brush.,0
True,3498.0,"{""Q0"":""The teacher reads to the student.""}",12532.0,F,read,y,The teacher is reading the magazine to her students. ,The teacher reads to the student.,0
True,5504.0,"{""Q0"":""The man showed the sitting woman an item.""}",17313.0,DOC,show1,y,The happy child showed her father the coloring book.,The man showed the sitting woman an item.,0
True,4295.0,"{""Q0"":""The sailor gives the teapot to the soldier.""}",9341.0,POI,give6,n,The researcher gave the detailed results to them experienced surgeon.,The sailor gives the teapot to the soldier.,1
True,2762.0,"{""Q0"":""The woman irons the shirt.""}",7014.0,F,iron,n,The man is ironing they wrinkled work shirt. ,The woman irons the shirt.,0
True,3069.0,"{""Q0"":""The boy hands the singer his guitar.""}",12675.0,DOC,hand1,y,The teacher handed the student the certificate.,The boy hands the singer his guitar.,0
True,5427.0,"{""Q0"":""The girls hands the boy a piece of chalk.""}",12939.0,POC,hand8,y,The good looking bartender handed free drinks to the girls at the bar. ,The girls hands the boy a piece of chalk.,0
True,2629.0,"{""Q0"":""The man falls on ice.""}",7449.0,F,fall,n,The ball was falling down them ramp. ,The man falls on ice.,0
True,7331.0,"{""Q0"":""The man gives the girl a present.""}",7194.0,DOC,give2,y,The woman gave the new neighbor the rusty bike.,The man gives the girl a present.,0
True,4877.0,"{""Q0"":""The woman showed the man her dress.""}",7881.0,POC,show4,y,The architect showed the model of the building to the architect. ,The woman showed the man her dress.,0
True,5299.0,"{""Q0"":""The man sleeps in bed.""}",5756.0,F,sleep,n,The mother wolf is sleeping with them pups. ,The man sleeps in bed.,0
True,5191.0,"{""Q0"":""The woman gives the older woman a cake.""}",9504.0,DOI,give4,n,The captain gave the old sailor they spare life jacket.,The woman gives the older woman a cake.,0
True,6625.0,"{""Q0"":""The boy gives the girl a valentine.""}",8343.0,POC,give8,y,The travel agent gave the last ticket to the young fan.,The boy gives the girl a valentine.,0
True,2248.0,"{""Q0"":""The girl looks in the mirror at herself.""}",9513.0,F,look,n,The yellow duck is look at it lake. ,The girl looks in the mirror at herself.,0
True,6872.0,"{""Q0"":""The nurse gives the patient medicine.""}",10358.0,DOC,give1,y,The fashion designer gave the famous journalist the pink jacket. ,The nurse gives the patient medicine.,0
True,7206.0,"{""Q0"":""The woman hands a plate to the man.""}",9376.0,POI,hand6,n,The eager boyfriend handed the box of flowers to them girlfriend.  ,The woman hands a plate to the man.,1
True,7123.0,"{""Q0"":""The children climb up the tree.""}",6072.0,F,climb,n,The baby is climbing up that steps. ,The children climb up the tree.,0
True,8089.0,"{""Q0"":""The man showed the buyers the car.""}",12899.0,DOI,show2,n,The photographer showed the editor them finished proofs.,The man showed the buyers the car.,0
True,3764.0,"{""Q0"":""The waitress handed the menu to the man.""}",9920.0,POC,hand7,y,The mean neighbor handed a nasty note to the woman next door. ,The waitress handed the menu to the man.,1
True,2440.0,"{""Q0"":""The old man naps in bed.""}",4878.0,F,nap,y,The cat is napping on the windowsill. ,The old man naps in bed.,0
True,3666.0,"{""Q0"":""The nurse hands the doctor his object.""}",20334.0,DOI,hand3,n,The spy handed the double agent them submarine blueprints.,The nurse hands the doctor his object.,0
True,14623.0,"{""Q0"":""The girl gives her teacher flowers.""}",22802.0,POI,give5,n,The millionaire gave the valuable painting to they struggling artist.,The girl gives her teacher flowers.,0
True,8515.0,"{""Q0"":""The boy is carrying a heavy box.""}",6389.0,F,carry,y,The stock boy is carrying the egg cartons. ,The boy is carrying a heavy box.,0
True,5006.0,"{""Q0"":""The man hands the clown his hat.""}",6858.0,DOC,hand2,y,The bartender handed the customer the cocktail.,The man hands the clown his hat.,0
True,5759.0,"{""Q0"":""The children show the teacher their painting.""}",8046.0,POI,show3,n,The builder showed the blueprints to they new client.,The children show the teacher their painting.,0
True,10124.0,"{""Q0"":""The man is washing the window.""}",8322.0,F,wash,y,The dog groomer is washing the golden retriever. ,The man is washing the window.,0
True,11503.0,"{""Q0"":""The policeman gives the driver a ticket.""}",10821.0,DOI,give3,n,The disgruntled employee gave the manager them long letter.,The policeman gives the driver a ticket.,0
False,29166.0,"{""Q0"":""The woman gives the chef a cane.""}",13231.0,POC,give7,y,The mother gave the expensive toy to the hungry toddler.,The woman gives the chef a cane.,0
True,3737.0,"{""Q0"":""The boy brushes his teeth.""}",5997.0,F,brush,y,The rock star is brushing his long hair. ,The boy brushes his teeth.,0
