resp_iscorrect,verif_rt,responses,descr_rt,P_type,T_verb,verif_ans,P_sentence,clear_responses,ispo
True,4989.0,"{""Q0"":""The man gives the child a present.""}",7733.0,DOC,give2,y,The woman gave the new neighbor the rusty bike.,The man gives the child a present.,0
True,2861.0,"{""Q0"":""The girl gives the man flowers.""}",7852.0,POI,give5,n,The millionaire gave the valuable painting to they struggling artist.,The girl gives the man flowers.,0
True,3856.0,"{""Q0"":""The man brushes his teeth.""}",6589.0,F,brush,y,The rock star is brushing his long hair. ,The man brushes his teeth.,0
True,3539.0,"{""Q0"":""The children give the mom a cake.""}",13871.0,DOI,give4,n,The captain gave the old sailor they spare life jacket.,The children give the mom a cake.,0
True,4317.0,"{""Q0"":""The sailor gives the soldier a teapot.""}",7972.0,POI,give6,n,The researcher gave the detailed results to them experienced surgeon.,The sailor gives the soldier a teapot.,0
True,1727.0,"{""Q0"":""The kids climb a tree.""}",5048.0,F,climb,n,The baby is climbing up that steps. ,The kids climb a tree.,0
True,2048.0,"{""Q0"":""The kid hands the singer the guitar.""}",7723.0,DOC,hand1,y,The teacher handed the student the certificate.,The kid hands the singer the guitar.,0
True,4094.0,"{""Q0"":""The boy gives the girl a heart.""}",7679.0,POC,give8,y,The travel agent gave the last ticket to the young fan.,The boy gives the girl a heart.,0
True,2105.0,"{""Q0"":""The old man naps in his bed.""}",6289.0,F,nap,y,The cat is napping on the windowsill. ,The old man naps in his bed.,0
True,3094.0,"{""Q0"":""The nurse gives the patient water.""}",10032.0,DOC,give1,y,The fashion designer gave the famous journalist the pink jacket. ,The nurse gives the patient water.,0
True,4683.0,"{""Q0"":""The waitress hands the man a menu.""}",7147.0,POC,hand7,y,The mean neighbor handed a nasty note to the woman next door. ,The waitress hands the man a menu.,0
True,1826.0,"{""Q0"":""The girl looks at herself in the mirror.""}",6991.0,F,look,n,The yellow duck is look at it lake. ,The girl looks at herself in the mirror.,0
True,4274.0,"{""Q0"":""The nurse hands the doctor a stethoscope.""}",9540.0,DOI,hand3,n,The spy handed the double agent them submarine blueprints.,The nurse hands the doctor a stethoscope.,0
True,3550.0,"{""Q0"":""The girl hands a paintbrush to her mom.""}",8762.0,POI,hand5,n,The swimmer handed the towel to they driver. ,The girl hands a paintbrush to her mom.,1
True,1544.0,"{""Q0"":""The man slips and falls on ice.""}",8701.0,F,fall,n,The ball was falling down them ramp. ,The man slips and falls on ice.,0
True,2071.0,"{""Q0"":""The librarian hands the child a book.""}",7486.0,DOI,hand4,n,The secretary handed the manager they invoice.,The librarian hands the child a book.,0
True,8592.0,"{""Q0"":""The woman gives the man a cane.""}",10332.0,POC,give7,y,The mother gave the expensive toy to the hungry toddler.,The woman gives the man a cane.,0
True,3989.0,"{""Q0"":""The boy carries a box.""}",8993.0,F,carry,y,The stock boy is carrying the egg cartons. ,The boy carries a box.,0
True,8237.0,"{""Q0"":""The cop gives the man a ticket.""}",15612.0,DOI,give3,n,The disgruntled employee gave the manager them long letter.,The cop gives the man a ticket.,0
True,8865.0,"{""Q0"":""The girl hands th boy chalk.""}",8210.0,POC,hand8,y,The good looking bartender handed free drinks to the girls at the bar. ,The girl hands th boy chalk.,0
True,2440.0,"{""Q0"":""The woman irons a shirt.""}",6329.0,F,iron,n,The man is ironing they wrinkled work shirt. ,The woman irons a shirt.,0
True,7511.0,"{""Q0"":""The dealer shows the couple a car.""}",9575.0,DOI,show2,n,The photographer showed the editor them finished proofs.,The dealer shows the couple a car.,0
True,2632.0,"{""Q0"":""The kids show the teacher a drawing.""}",10312.0,POI,show3,n,The builder showed the blueprints to they new client.,The kids show the teacher a drawing.,0
True,3402.0,"{""Q0"":""The man sleeps in his bed.""}",8654.0,F,sleep,n,The mother wolf is sleeping with them pups. ,The man sleeps in his bed.,0
True,3039.0,"{""Q0"":""The man hands the clown a hat.""}",9322.0,DOC,hand2,y,The bartender handed the customer the cocktail.,The man hands the clown a hat.,0
True,2531.0,"{""Q0"":""The woman shows a dress to the man.""}",7500.0,POC,show4,y,The architect showed the model of the building to the architect. ,The woman shows a dress to the man.,1
True,2340.0,"{""Q0"":""The old man washes the window.""}",11736.0,F,wash,y,The dog groomer is washing the golden retriever. ,The old man washes the window.,0
True,7067.0,"{""Q0"":""The attorney shows the judge evidence.""}",16277.0,DOC,show1,y,The happy child showed her father the coloring book.,The attorney shows the judge evidence.,0
True,2513.0,"{""Q0"":""The girl hands the boy a hoop.""}",7831.0,POI,hand6,n,The eager boyfriend handed the box of flowers to them girlfriend.  ,The girl hands the boy a hoop.,0
True,2081.0,"{""Q0"":""The child is reading to his sister.""}",8680.0,F,read,y,The teacher is reading the magazine to her students. ,The child is reading to his sister.,0
