resp_iscorrect,verif_rt,responses,descr_rt,P_type,T_verb,verif_ans,P_sentence,clear_responses,ispo
True,14009.0,"{""Q0"":""He hands the guitar to the singer""}",39227.0,DOC,hand1,y,The teacher handed the student the certificate.,He hands the guitar to the singer,1
True,9819.0,"{""Q0"":""She hands him a menu""}",10124.0,POC,hand7,y,The mean neighbor handed a nasty note to the woman next door. ,She hands him a menu,0
False,3051.0,"{""Q0"":""The man naps""}",8140.0,F,nap,y,The cat is napping on the windowsill. ,The man naps,0
True,2682.0,"{""Q0"":""The officer gives the man a ticket""}",41477.0,DOI,give3,n,The disgruntled employee gave the manager them long letter.,The officer gives the man a ticket,0
True,2835.0,"{""Q0"":""She hands him the brush""}",6964.0,POI,hand5,n,The swimmer handed the towel to they driver. ,She hands him the brush,0
True,1762.0,"{""Q0"":""They climb a tree""}",5412.0,F,climb,n,The baby is climbing up that steps. ,They climb a tree,0
True,4785.0,"{""Q0"":""He hands the clown a hat""}",6956.0,DOC,hand2,y,The bartender handed the customer the cocktail.,He hands the clown a hat,0
False,17563.0,"{""Q0"":""He gives her his heart""}",16612.0,POC,give8,y,The travel agent gave the last ticket to the young fan.,He gives her his heart,0
True,4658.0,"{""Q0"":""He washes the window""}",7484.0,F,wash,y,The dog groomer is washing the golden retriever. ,He washes the window,0
True,5371.0,"{""Q0"":""He shows the gun to the judge""}",18676.0,DOC,show1,y,The happy child showed her father the coloring book.,He shows the gun to the judge,1
False,2692.0,"{""Q0"":""She gives him her cane""}",9900.0,POC,give7,y,The mother gave the expensive toy to the hungry toddler.,She gives him her cane,0
True,2347.0,"{""Q0"":""She irons""}",4155.0,F,iron,n,The man is ironing they wrinkled work shirt. ,She irons,0
True,2299.0,"{""Q0"":""She hands the stethoscope to the doctor""}",38812.0,DOI,hand3,n,The spy handed the double agent them submarine blueprints.,She hands the stethoscope to the doctor,1
True,32764.0,"{""Q0"":""She shows him a dress""}",9611.0,POC,show4,y,The architect showed the model of the building to the architect. ,She shows him a dress,0
True,2780.0,"{""Q0"":""He brushes his teeth""}",5125.0,F,brush,y,The rock star is brushing his long hair. ,He brushes his teeth,0
True,2290.0,"{""Q0"":""She gives him a cake""}",5965.0,DOI,give4,n,The captain gave the old sailor they spare life jacket.,She gives him a cake,0
True,2203.0,"{""Q0"":""She gives her flowers""}",6748.0,POI,give5,n,The millionaire gave the valuable painting to they struggling artist.,She gives her flowers,0
True,1658.0,"{""Q0"":""He sleeps""}",3053.0,F,sleep,n,The mother wolf is sleeping with them pups. ,He sleeps,0
True,8364.0,"{""Q0"":""He gives her a toy""}",6540.0,DOC,give2,y,The woman gave the new neighbor the rusty bike.,He gives her a toy,0
True,2427.0,"{""Q0"":""He gives him a teapot""}",7164.0,POI,give6,n,The researcher gave the detailed results to them experienced surgeon.,He gives him a teapot,0
True,2075.0,"{""Q0"":""She looks at herself""}",6813.0,F,look,n,The yellow duck is look at it lake. ,She looks at herself,0
True,1803.0,"{""Q0"":""He shows his car""}",7909.0,DOI,show2,n,The photographer showed the editor them finished proofs.,He shows his car,0
True,5635.0,"{""Q0"":""She hands him the chalk""}",8332.0,POC,hand8,y,The good looking bartender handed free drinks to the girls at the bar. ,She hands him the chalk,0
True,3770.0,"{""Q0"":""He carries a box""}",5924.0,F,carry,y,The stock boy is carrying the egg cartons. ,He carries a box,0
True,2322.0,"{""Q0"":""She hands him a book""}",6092.0,DOI,hand4,n,The secretary handed the manager they invoice.,She hands him a book,0
True,2155.0,"{""Q0"":""They show the teacher a painting""}",7594.0,POI,show3,n,The builder showed the blueprints to they new client.,They show the teacher a painting,0
True,1914.0,"{""Q0"":""She falls""}",4437.0,F,fall,n,The ball was falling down them ramp. ,She falls,0
True,4818.0,"{""Q0"":""She gives him water""}",7365.0,DOC,give1,y,The fashion designer gave the famous journalist the pink jacket. ,She gives him water,0
True,2370.0,"{""Q0"":""She hands him the frisbee""}",8916.0,POI,hand6,n,The eager boyfriend handed the box of flowers to them girlfriend.  ,She hands him the frisbee,0
True,2147.0,"{""Q0"":""He reads to her""}",4757.0,F,read,y,The teacher is reading the magazine to her students. ,He reads to her,0
