resp_iscorrect,verif_rt,responses,descr_rt,P_type,T_verb,verif_ans,P_sentence,clear_responses,ispo
True,20799.0,"{""Q0"":""They show the gun to the judge.""}",57594.0,DOC,show1,y,The happy child showed her father the coloring book.,They show the gun to the judge.,1
True,31410.0,"{""Q0"":""The waitress gives the cane to the chef.""}",43057.0,POC,give7,y,The mother gave the expensive toy to the hungry toddler.,The waitress gives the cane to the chef.,1
True,9252.0,"{""Q0"":""She looks at herself in the mirror.""}",35195.0,F,look,n,The yellow duck is look at it lake. ,She looks at herself in the mirror.,0
True,12192.0,"{""Q0"":""He gives the girl a present.""}",30281.0,DOC,give2,y,The woman gave the new neighbor the rusty bike.,He gives the girl a present.,0
True,9414.0,"{""Q0"":""The girl hands the brush to the painter.""}",114320.0,POI,hand5,n,The swimmer handed the towel to they driver. ,The girl hands the brush to the painter.,1
True,4693.0,"{""Q0"":""The boy is sleeping.""}",14869.0,F,sleep,n,The mother wolf is sleeping with them pups. ,The boy is sleeping.,0
True,5365.0,"{""Q0"":""""}",12478.0,DOI,hand3,n,The spy handed the double agent them submarine blueprints.,,0
True,10628.0,"{""Q0"":""""}",13218.0,POI,give5,n,The millionaire gave the valuable painting to they struggling artist.,,0
True,5290.0,"{""Q0"":""She irons the clothing.""}",19808.0,F,iron,n,The man is ironing they wrinkled work shirt. ,She irons the clothing.,0
True,7220.0,"{""Q0"":""He hands the clown a hat.""}",30449.0,DOC,hand2,y,The bartender handed the customer the cocktail.,He hands the clown a hat.,0
True,8652.0,"{""Q0"":""He gives her a heart-shaped letter.""}",66873.0,POC,give8,y,The travel agent gave the last ticket to the young fan.,He gives her a heart-shaped letter.,0
True,12103.0,"{""Q0"":""He takes a nap.""}",9889.0,F,nap,y,The cat is napping on the windowsill. ,He takes a nap.,0
True,5828.0,"{""Q0"":""He shows them the car for sale.""}",32238.0,DOI,show2,n,The photographer showed the editor them finished proofs.,He shows them the car for sale.,0
True,3784.0,"{""Q0"":""She hands him the toy.""}",47479.0,POI,hand6,n,The eager boyfriend handed the box of flowers to them girlfriend.  ,She hands him the toy.,0
True,4442.0,"{""Q0"":""He reads a book to the girl.""}",31041.0,F,read,y,The teacher is reading the magazine to her students. ,He reads a book to the girl.,1
True,11595.0,"{""Q0"":""The nurse gives a patient their medicine.""}",41513.0,DOC,give1,y,The fashion designer gave the famous journalist the pink jacket. ,The nurse gives a patient their medicine.,0
True,8117.0,"{""Q0"":""She hands him the menu.""}",17625.0,POC,hand7,y,The mean neighbor handed a nasty note to the woman next door. ,She hands him the menu.,0
True,6776.0,"{""Q0"":""He washes the window.""}",15389.0,F,wash,y,The dog groomer is washing the golden retriever. ,He washes the window.,0
True,4553.0,"{""Q0"":""The officer gives the driver a ticket.""}",23013.0,DOI,give3,n,The disgruntled employee gave the manager them long letter.,The officer gives the driver a ticket.,0
False,44930.0,"{""Q0"":""She shows him a dress.""}",20901.0,POC,show4,y,The architect showed the model of the building to the architect. ,She shows him a dress.,0
True,12061.0,"{""Q0"":""He carries a big box.""}",16628.0,F,carry,y,The stock boy is carrying the egg cartons. ,He carries a big box.,0
True,4425.0,"{""Q0"":""They give her a cake.""}",20635.0,DOI,give4,n,The captain gave the old sailor they spare life jacket.,They give her a cake.,0
True,4305.0,"{""Q0"":""The sailor gives the teapot to the soldier.""}",56248.0,POI,give6,n,The researcher gave the detailed results to them experienced surgeon.,The sailor gives the teapot to the soldier.,1
True,4283.0,"{""Q0"":""They climb the tree.""}",11033.0,F,climb,n,The baby is climbing up that steps. ,They climb the tree.,0
True,6915.0,"{""Q0"":""She hands him a book.""}",17436.0,DOI,hand4,n,The secretary handed the manager they invoice.,She hands him a book.,0
True,5777.0,"{""Q0"":""They show her their drawing.""}",27120.0,POI,show3,n,The builder showed the blueprints to they new client.,They show her their drawing.,0
True,6664.0,"{""Q0"":""He brushes his teeth.""}",13842.0,F,brush,y,The rock star is brushing his long hair. ,He brushes his teeth.,0
True,4963.0,"{""Q0"":""He hands the guitar to the singer.""}",44428.0,DOC,hand1,y,The teacher handed the student the certificate.,He hands the guitar to the singer.,1
True,10870.0,"{""Q0"":""She hands him a letter.""}",32486.0,POC,hand8,y,The good looking bartender handed free drinks to the girls at the bar. ,She hands him a letter.,0
True,2692.0,"{""Q0"":""They slip and fall.""}",18223.0,F,fall,n,The ball was falling down them ramp. ,They slip and fall.,0
