resp_iscorrect,verif_rt,responses,descr_rt,P_type,T_verb,verif_ans,P_sentence,clear_responses,ispo
True,3955.0,"{""Q0"":""People give a cake to someone else.""}",59265.0,DOI,give4,n,The captain gave the old sailor they spare life jacket.,People give a cake to someone else.,1
True,7678.0,"{""Q0"":""The boy gives a heart to the girl.""}",18157.0,POC,give8,y,The travel agent gave the last ticket to the young fan.,The boy gives a heart to the girl.,1
True,4998.0,"{""Q0"":""The old man is napping.""}",9643.0,F,nap,y,The cat is napping on the windowsill. ,The old man is napping.,0
True,6383.0,"{""Q0"":""The librarian hands a book to the child.""}",18772.0,DOI,hand4,n,The secretary handed the manager they invoice.,The librarian hands a book to the child.,1
True,10103.0,"{""Q0"":""One student hands chalk to another.""}",17558.0,POC,hand8,y,The good looking bartender handed free drinks to the girls at the bar. ,One student hands chalk to another.,1
True,3702.0,"{""Q0"":""Someone is sleeping.""}",15844.0,F,sleep,n,The mother wolf is sleeping with them pups. ,Someone is sleeping.,0
True,7239.0,"{""Q0"":""Someone shows a gun to a judge.""}",18932.0,DOC,show1,y,The happy child showed her father the coloring book.,Someone shows a gun to a judge.,1
True,4406.0,"{""Q0"":""The students show a picture to their teacher.""}",22797.0,POI,show3,n,The builder showed the blueprints to they new client.,The students show a picture to their teacher.,1
True,2606.0,"{""Q0"":""Two people climb a tree.""}",15220.0,F,climb,n,The baby is climbing up that steps. ,Two people climb a tree.,0
True,5848.0,"{""Q0"":""The salesman shows off a car.""}",20677.0,DOI,show2,n,The photographer showed the editor them finished proofs.,The salesman shows off a car.,0
True,12511.0,"{""Q0"":""A waiter gives a cane to someone else.""}",18180.0,POC,give7,y,The mother gave the expensive toy to the hungry toddler.,A waiter gives a cane to someone else.,1
True,4111.0,"{""Q0"":""A child looks in a mirror.""}",21565.0,F,look,n,The yellow duck is look at it lake. ,A child looks in a mirror.,0
True,5335.0,"{""Q0"":""The nurse hands the doctor a stethoscope.""}",24860.0,DOI,hand3,n,The spy handed the double agent them submarine blueprints.,The nurse hands the doctor a stethoscope.,0
True,7015.0,"{""Q0"":""The waiter hands a costumer a menu.""}",26749.0,POC,hand7,y,The mean neighbor handed a nasty note to the woman next door. ,The waiter hands a costumer a menu.,0
True,8390.0,"{""Q0"":""A child carries a heavy box.""}",19708.0,F,carry,y,The stock boy is carrying the egg cartons. ,A child carries a heavy box.,0
True,4167.0,"{""Q0"":""The policeman gives the driver a ticket.""}",15916.0,DOI,give3,n,The disgruntled employee gave the manager them long letter.,The policeman gives the driver a ticket.,0
True,4415.0,"{""Q0"":""The sailor gives the solder a teapot.""}",22308.0,POI,give6,n,The researcher gave the detailed results to them experienced surgeon.,The sailor gives the solder a teapot.,0
True,6958.0,"{""Q0"":""Someone is reading a book to a child.""}",26460.0,F,read,y,The teacher is reading the magazine to her students. ,Someone is reading a book to a child.,1
True,4438.0,"{""Q0"":""Someone gives the child a present.""}",21428.0,DOC,give2,y,The woman gave the new neighbor the rusty bike.,Someone gives the child a present.,0
True,7270.0,"{""Q0"":""Someone shows another person a dress.""}",25421.0,POC,show4,y,The architect showed the model of the building to the architect. ,Someone shows another person a dress.,0
True,4367.0,"{""Q0"":""Someone brushes their teeth.""}",14731.0,F,brush,y,The rock star is brushing his long hair. ,Someone brushes their teeth.,0
True,6919.0,"{""Q0"":""Someone hands the musician a guitar.""}",16300.0,DOC,hand1,y,The teacher handed the student the certificate.,Someone hands the musician a guitar.,0
True,4711.0,"{""Q0"":""One child hands a paintbrush to another.""}",23581.0,POI,hand5,n,The swimmer handed the towel to they driver. ,One child hands a paintbrush to another.,1
True,2902.0,"{""Q0"":""Someone falls on the ice.""}",10172.0,F,fall,n,The ball was falling down them ramp. ,Someone falls on the ice.,0
True,8407.0,"{""Q0"":""The nurse gives the patient some water.""}",15341.0,DOC,give1,y,The fashion designer gave the famous journalist the pink jacket. ,The nurse gives the patient some water.,0
True,4215.0,"{""Q0"":""Someone hands someone else a plate.""}",17139.0,POI,hand6,n,The eager boyfriend handed the box of flowers to them girlfriend.  ,Someone hands someone else a plate.,0
True,6573.0,"{""Q0"":""Someone is washing a window.""}",13692.0,F,wash,y,The dog groomer is washing the golden retriever. ,Someone is washing a window.,0
True,6551.0,"{""Q0"":""Someone hands a clown a hat.""}",15491.0,DOC,hand2,y,The bartender handed the customer the cocktail.,Someone hands a clown a hat.,0
True,4687.0,"{""Q0"":""The student gives the teacher a flower.""}",14403.0,POI,give5,n,The millionaire gave the valuable painting to they struggling artist.,The student gives the teacher a flower.,0
True,2854.0,"{""Q0"":""Someone irons their clothes.""}",16165.0,F,iron,n,The man is ironing they wrinkled work shirt. ,Someone irons their clothes.,0
