resp_iscorrect,verif_rt,responses,descr_rt,P_type,T_verb,verif_ans,P_sentence,clear_responses,ispo
True,17622.0,"{""Q0"":""The man gave the girl a gift""}",14651.0,DOC,give2,y,The woman gave the new neighbor the rusty bike.,The man gave the girl a gift,0
True,7445.0,"{""Q0"":""The sailor gives the soldier a tea pot""}",45177.0,POI,give6,n,The researcher gave the detailed results to them experienced surgeon.,The sailor gives the soldier a tea pot,0
True,32073.0,"{""Q0"":""The man is brushing his teeth""}",13653.0,F,brush,y,The rock star is brushing his long hair. ,The man is brushing his teeth,0
True,15951.0,"{""Q0"":""The man hands the hat to a clown""}",21938.0,DOC,hand2,y,The bartender handed the customer the cocktail.,The man hands the hat to a clown,1
True,7308.0,"{""Q0"":""The girl hands the boy a letter""}",32614.0,POC,hand8,y,The good looking bartender handed free drinks to the girls at the bar. ,The girl hands the boy a letter,0
True,3592.0,"{""Q0"":""the man is carrying a box""}",10300.0,F,carry,y,The stock boy is carrying the egg cartons. ,the man is carrying a box,0
True,4200.0,"{""Q0"":""The police officer gave the driver a ticket""}",22245.0,DOI,give3,n,The disgruntled employee gave the manager them long letter.,The police officer gave the driver a ticket,0
True,11426.0,"{""Q0"":""The kids show their project the teacher""}",32282.0,POI,show3,n,The builder showed the blueprints to they new client.,The kids show their project the teacher,0
True,6767.0,"{""Q0"":""The boy reads a book to the girl""}",14832.0,F,read,y,The teacher is reading the magazine to her students. ,The boy reads a book to the girl,1
True,3053.0,"{""Q0"":""They gave presents to their grandma""}",25374.0,DOI,give4,n,The captain gave the old sailor they spare life jacket.,They gave presents to their grandma,0
True,54098.0,"{""Q0"":""The girl hands the ring to the boy""}",25798.0,POI,hand6,n,The eager boyfriend handed the box of flowers to them girlfriend.  ,The girl hands the ring to the boy,1
True,15038.0,"{""Q0"":""the boy sleeps in his bed""}",29746.0,F,sleep,n,The mother wolf is sleeping with them pups. ,the boy sleeps in his bed,0
True,14825.0,"{""Q0"":""the nurse gives the patient food ""}",32820.0,DOC,give1,y,The fashion designer gave the famous journalist the pink jacket. ,the nurse gives the patient food ,0
True,7753.0,"{""Q0"":""The man shows the dress to the other man""}",35691.0,POC,show4,y,The architect showed the model of the building to the architect. ,The man shows the dress to the other man,1
True,18860.0,"{""Q0"":""The kids climb the tree""}",7104.0,F,climb,n,The baby is climbing up that steps. ,The kids climb the tree,0
True,3993.0,"{""Q0"":""The car dealer man showed the car to the couple""}",58708.0,DOI,show2,n,The photographer showed the editor them finished proofs.,The car dealer man showed the car to the couple,1
True,12409.0,"{""Q0"":""The student gives the teacher flowers""}",20630.0,POI,give5,n,The millionaire gave the valuable painting to they struggling artist.,The student gives the teacher flowers,0
True,5310.0,"{""Q0"":""The girl looks at herself in the mirror""}",14099.0,F,look,n,The yellow duck is look at it lake. ,The girl looks at herself in the mirror,0
True,28806.0,"{""Q0"":""The boy hands the man a guitar""}",16206.0,DOC,hand1,y,The teacher handed the student the certificate.,The boy hands the man a guitar,0
True,60566.0,"{""Q0"":""The person gives the girl a paper heart""}",16601.0,POC,give8,y,The travel agent gave the last ticket to the young fan.,The person gives the girl a paper heart,0
True,8090.0,"{""Q0"":""The man washes the window""}",23526.0,F,wash,y,The dog groomer is washing the golden retriever. ,The man washes the window,0
True,3291.0,"{""Q0"":""the librarian hands the boy a book""}",66590.0,DOI,hand4,n,The secretary handed the manager they invoice.,the librarian hands the boy a book,0
True,8805.0,"{""Q0"":""the maid gives the chef a cane""}",18095.0,POC,give7,y,The mother gave the expensive toy to the hungry toddler.,the maid gives the chef a cane,0
True,2690.0,"{""Q0"":""The lady falls when she walks in the puddle""}",11495.0,F,fall,n,The ball was falling down them ramp. ,The lady falls when she walks in the puddle,0
True,10434.0,"{""Q0"":""the man shows the judge evidence""}",25912.0,DOC,show1,y,The happy child showed her father the coloring book.,the man shows the judge evidence,0
True,4201.0,"{""Q0"":""The waitress hands the man a menu""}",27674.0,POC,hand7,y,The mean neighbor handed a nasty note to the woman next door. ,The waitress hands the man a menu,0
True,4339.0,"{""Q0"":""The lady irons her shirt""}",10172.0,F,iron,n,The man is ironing they wrinkled work shirt. ,The lady irons her shirt,0
True,3936.0,"{""Q0"":""the nurse hands the doctor a stethescope""}",19171.0,DOI,hand3,n,The spy handed the double agent them submarine blueprints.,the nurse hands the doctor a stethescope,0
True,11368.0,"{""Q0"":""The girl hands the boy on the ladder a paint brush""}",22208.0,POI,hand5,n,The swimmer handed the towel to they driver. ,The girl hands the boy on the ladder a paint brush,0
True,14972.0,"{""Q0"":""the old man is taking a nap""}",9729.0,F,nap,y,The cat is napping on the windowsill. ,the old man is taking a nap,0
