resp_iscorrect,verif_rt,responses,descr_rt,P_type,T_verb,verif_ans,P_sentence,clear_responses,ispo
True,7323.0,"{""Q0"":""The nurse gives the patient medicine""}",12763.0,DOC,give1,y,The fashion designer gave the famous journalist the pink jacket. ,The nurse gives the patient medicine,0
True,2748.0,"{""Q0"":""The girl hands the boy the paintbrush""}",8535.0,POI,hand5,n,The swimmer handed the towel to they driver. ,The girl hands the boy the paintbrush,0
True,2679.0,"{""Q0"":""The girl is looking in the mirror""}",9199.0,F,look,n,The yellow duck is look at it lake. ,The girl is looking in the mirror,0
True,4246.0,"{""Q0"":""The librarian hands a boy a book""}",11014.0,DOI,hand4,n,The secretary handed the manager they invoice.,The librarian hands a boy a book,0
True,7323.0,"{""Q0"":""The sailor gave the teapot to the solider""}",14837.0,POI,give6,n,The researcher gave the detailed results to them experienced surgeon.,The sailor gave the teapot to the solider,1
True,4045.0,"{""Q0"":""The woman is ironing a shirt""}",12882.0,F,iron,n,The man is ironing they wrinkled work shirt. ,The woman is ironing a shirt,0
True,4984.0,"{""Q0"":""The police man gave the driver a ticket""}",12969.0,DOI,give3,n,The disgruntled employee gave the manager them long letter.,The police man gave the driver a ticket,0
False,13879.0,"{""Q0"":""The salesperson showed a dress to the customer.""}",18088.0,POC,show4,y,The architect showed the model of the building to the architect. ,The salesperson showed a dress to the customer.,1
True,64270.0,"{""Q0"":""The man is napping. ""}",9024.0,F,nap,y,The cat is napping on the windowsill. ,The man is napping. ,0
True,2840.0,"{""Q0"":""The man handed the clown the hat. ""}",10649.0,DOC,hand2,y,The bartender handed the customer the cocktail.,The man handed the clown the hat. ,0
True,5255.0,"{""Q0"":""The waitress handed the man a menu. ""}",10293.0,POC,hand7,y,The mean neighbor handed a nasty note to the woman next door. ,The waitress handed the man a menu. ,0
True,3844.0,"{""Q0"":""The boy is carrying a box. ""}",6616.0,F,carry,y,The stock boy is carrying the egg cartons. ,The boy is carrying a box. ,0
True,2762.0,"{""Q0"":""The salesperson showed off the new car. ""}",10241.0,DOI,show2,n,The photographer showed the editor them finished proofs.,The salesperson showed off the new car. ,0
True,6000.0,"{""Q0"":""The girl handed the marker to the boy. ""}",11596.0,POC,hand8,y,The good looking bartender handed free drinks to the girls at the bar. ,The girl handed the marker to the boy. ,1
True,1968.0,"{""Q0"":""The man fell on the ice. ""}",10483.0,F,fall,n,The ball was falling down them ramp. ,The man fell on the ice. ,0
True,2676.0,"{""Q0"":""The woman gave the older woman a cake. ""}",16113.0,DOI,give4,n,The captain gave the old sailor they spare life jacket.,The woman gave the older woman a cake. ,0
True,3876.0,"{""Q0"":""The girl gave her teacher flowers. ""}",9783.0,POI,give5,n,The millionaire gave the valuable painting to they struggling artist.,The girl gave her teacher flowers. ,0
True,3183.0,"{""Q0"":""The boy is sleeping. ""}",5285.0,F,sleep,n,The mother wolf is sleeping with them pups. ,The boy is sleeping. ,0
True,4055.0,"{""Q0"":""The attorney showed the judge evidence. ""}",12438.0,DOC,show1,y,The happy child showed her father the coloring book.,The attorney showed the judge evidence. ,0
True,6477.0,"{""Q0"":""The boy gave the girl a valentine""}",17638.0,POC,give8,y,The travel agent gave the last ticket to the young fan.,The boy gave the girl a valentine,0
True,5025.0,"{""Q0"":""He is brushing his teeth. ""}",10115.0,F,brush,y,The rock star is brushing his long hair. ,He is brushing his teeth. ,0
True,3351.0,"{""Q0"":""The boy is handing the man the guitar""}",36859.0,DOC,hand1,y,The teacher handed the student the certificate.,The boy is handing the man the guitar,0
True,5055.0,"{""Q0"":""The cleaner gave the cane to the chef. ""}",9800.0,POC,give7,y,The mother gave the expensive toy to the hungry toddler.,The cleaner gave the cane to the chef. ,1
True,2600.0,"{""Q0"":""The kids climb the tree. ""}",8297.0,F,climb,n,The baby is climbing up that steps. ,The kids climb the tree. ,0
True,3943.0,"{""Q0"":""The man gave the girl a present. ""}",7870.0,DOC,give2,y,The woman gave the new neighbor the rusty bike.,The man gave the girl a present. ,0
True,3159.0,"{""Q0"":""The kids showed their teacher their drawing.""}",18136.0,POI,show3,n,The builder showed the blueprints to they new client.,The kids showed their teacher their drawing.,0
True,2846.0,"{""Q0"":""The woman is reading to the boy""}",9638.0,F,read,y,The teacher is reading the magazine to her students. ,The woman is reading to the boy,0
True,2993.0,"{""Q0"":""The nurse handed it to the doctor""}",14067.0,DOI,hand3,n,The spy handed the double agent them submarine blueprints.,The nurse handed it to the doctor,0
True,3265.0,"{""Q0"":""The girl handed the frisbee to the boy. ""}",8459.0,POI,hand6,n,The eager boyfriend handed the box of flowers to them girlfriend.  ,The girl handed the frisbee to the boy. ,1
True,2696.0,"{""Q0"":""The man is washing the windows. ""}",6849.0,F,wash,y,The dog groomer is washing the golden retriever. ,The man is washing the windows. ,0
