resp_iscorrect,verif_rt,responses,descr_rt,P_type,T_verb,verif_ans,P_sentence,clear_responses,ispo
TRUE,9438,"{""Q0"":""the man gives the girl a gift""}",9733,DOC,give2,y,The woman gave the new neighbor the rusty bike.,the man gives the girl a gift,0
TRUE,10253,"{""Q0"":""the boy hands the girl chalk""}",15841,POC,hand8,y,The good looking bartender handed free drinks to the girls at the bar. ,the boy hands the girl chalk,0
TRUE,3370,"{""Q0"":""the girl looks in the mirror""}",7800,F,look,n,The yellow duck is look at it lake. ,the girl looks in the mirror,0
TRUE,8227,"{""Q0"":""the nurse gives the man food""}",9521,DOC,give1,y,The fashion designer gave the famous journalist the pink jacket. ,the nurse gives the man food,0
TRUE,7233,"{""Q0"":""the boy gives the girl a gift""}",13321,POC,give8,y,The travel agent gave the last ticket to the young fan.,the boy gives the girl a gift,0
TRUE,5606,"{""Q0"":""the man naps""}",8871,F,nap,y,The cat is napping on the windowsill. ,the man naps,0
TRUE,6708,"{""Q0"":""the cowboy hands the clown a hat""}",14082,DOC,hand2,y,The bartender handed the customer the cocktail.,the cowboy hands the clown a hat,0
TRUE,4249,"{""Q0"":""the girl hands the boy a hat""}",13530,POI,hand6,n,The eager boyfriend handed the box of flowers to them girlfriend.  ,the girl hands the boy a hat,0
TRUE,2155,"{""Q0"":""the man washes the window""}",15019,F,wash,y,The dog groomer is washing the golden retriever. ,the man washes the window,0
TRUE,3005,"{""Q0"":""the officer gives the man a ticket""}",15458,DOI,give3,n,The disgruntled employee gave the manager them long letter.,the officer gives the man a ticket,0
TRUE,2484,"{""Q0"":""the girl gives the teacher flowers""}",11819,POI,give5,n,The millionaire gave the valuable painting to they struggling artist.,the girl gives the teacher flowers,0
TRUE,2190,"{""Q0"":""the kids climb the tree""}",8207,F,climb,n,The baby is climbing up that steps. ,the kids climb the tree,0
TRUE,3493,"{""Q0"":""the couple gives the grandma a cake""}",29448,DOI,give4,n,The captain gave the old sailor they spare life jacket.,the couple gives the grandma a cake,0
TRUE,2173,"{""Q0"":""the kids show their teacher the art""}",17518,POI,show3,n,The builder showed the blueprints to they new client.,the kids show their teacher the art,0
TRUE,4653,"{""Q0"":""the boy brushes his teeth""}",10361,F,brush,y,The rock star is brushing his long hair. ,the boy brushes his teeth,0
TRUE,8850,"{""Q0"":""the man shows the other man a gun""}",27474,DOC,show1,y,The happy child showed her father the coloring book.,the man shows the other man a gun,0
TRUE,3035,"{""Q0"":""the girl hands the boy a paint brush""}",12982,POI,hand5,n,The swimmer handed the towel to they driver. ,the girl hands the boy a paint brush,0
TRUE,1977,"{""Q0"":""the man falls on the ice""}",10363,F,fall,n,The ball was falling down them ramp. ,the man falls on the ice,0
TRUE,2101,"{""Q0"":""the librarian hands the kid the book""}",10734,DOI,hand4,n,The secretary handed the manager they invoice.,the librarian hands the kid the book,0
TRUE,3289,"{""Q0"":""the sailor gives the soldier a teapot""}",10414,POI,give6,n,The researcher gave the detailed results to them experienced surgeon.,the sailor gives the soldier a teapot,0
TRUE,3559,"{""Q0"":""the boy is carrying the box""}",23126,F,carry,y,The stock boy is carrying the egg cartons. ,the boy is carrying the box,0
TRUE,3512,"{""Q0"":""the man shows the couple the car""}",20163,DOI,show2,n,The photographer showed the editor them finished proofs.,the man shows the couple the car,0
TRUE,6673,"{""Q0"":""the woman hands the man a menu""}",11018,POC,hand7,y,The mean neighbor handed a nasty note to the woman next door. ,the woman hands the man a menu,0
TRUE,3211,"{""Q0"":""the women irons her clothes""}",8463,F,iron,n,The man is ironing they wrinkled work shirt. ,the women irons her clothes,0
TRUE,9293,"{""Q0"":""the nurse hands the doctor his stethoscope""}",17120,DOI,hand3,n,The spy handed the double agent them submarine blueprints.,the nurse hands the doctor his stethoscope,0
TRUE,4221,"{""Q0"":""the woman gives the man a cane""}",21696,POC,give7,y,The mother gave the expensive toy to the hungry toddler.,the woman gives the man a cane,0
TRUE,4182,"{""Q0"":""the book is read to the girl""}",15562,F,read,y,The teacher is reading the magazine to her students. ,the book is read to the girl,0
TRUE,3386,"{""Q0"":""the woman hands the guitar to the man""}",17643,DOC,hand1,y,The teacher handed the student the certificate.,the woman hands the guitar to the man,1
TRUE,13229,"{""Q0"":""the woman shows the man her dress""}",11242,POC,show4,y,The architect showed the model of the building to the architect. ,the woman shows the man her dress,0
TRUE,2654,"{""Q0"":""the man sleeps in the bed""}",6206,F,sleep,n,The mother wolf is sleeping with them pups. ,the man sleeps in the bed,0