resp_iscorrect,verif_rt,responses,descr_rt,P_type,T_verb,verif_ans,P_sentence,clear_responses,ispo
TRUE,5406,"{""Q0"":""She gave him medicine.""}",23848,DOC,give1,y,The fashion designer gave the famous journalist the pink jacket. ,She gave him medicine.,0
TRUE,4545,"{""Q0"":""The sailor gave a teapot to the soldier.""}",22235,POI,give6,n,The researcher gave the detailed results to them experienced surgeon.,The sailor gave a teapot to the soldier.,1
TRUE,2124,"{""Q0"":""They climbed the tree.""}",14138,F,climb,n,The baby is climbing up that steps. ,They climbed the tree.,0
TRUE,3761,"{""Q0"":""She handed the guitar to him.""}",22753,DOC,hand1,y,The teacher handed the student the certificate.,She handed the guitar to him.,1
TRUE,3889,"{""Q0"":""The waitress gave the cane to the chef.""}",17773,POC,give7,y,The mother gave the expensive toy to the hungry toddler.,The waitress gave the cane to the chef.,1
TRUE,3202,"{""Q0"":""She looked at herself.""}",9915,F,look,n,The yellow duck is look at it lake. ,She looked at herself.,0
TRUE,3160,"{""Q0"":""The cop gave him a ticket.""}",11475,DOI,give3,n,The disgruntled employee gave the manager them long letter.,The cop gave him a ticket.,0
TRUE,5884,"{""Q0"":""He gave her a heart.""}",10238,POC,give8,y,The travel agent gave the last ticket to the young fan.,He gave her a heart.,0
TRUE,1991,"{""Q0"":""He fell on the ice.""}",10697,F,fall,n,The ball was falling down them ramp. ,He fell on the ice.,0
TRUE,2307,"{""Q0"":""She handed him a book.""}",13678,DOI,hand4,n,The secretary handed the manager they invoice.,She handed him a book.,0
TRUE,3213,"{""Q0"":""She gave her flowers.""}",23462,POI,give5,n,The millionaire gave the valuable painting to they struggling artist.,She gave her flowers.,0
TRUE,2266,"{""Q0"":""He took a nap.""}",7312,F,nap,y,The cat is napping on the windowsill. ,He took a nap.,0
TRUE,3959,"{""Q0"":""He gave her a gift.""}",14875,DOC,give2,y,The woman gave the new neighbor the rusty bike.,He gave her a gift.,0
TRUE,2388,"{""Q0"":""They showed her a picture.""}",13016,POI,show3,n,The builder showed the blueprints to they new client.,They showed her a picture.,0
TRUE,2920,"{""Q0"":""She ironed the shirt.""}",11449,F,iron,n,The man is ironing they wrinkled work shirt. ,She ironed the shirt.,0
TRUE,2727,"{""Q0"":""He showed them the car.""}",11561,DOI,show2,n,The photographer showed the editor them finished proofs.,He showed them the car.,0
TRUE,5911,"{""Q0"":""She handed it to him.""}",15851,POC,hand8,y,The good looking bartender handed free drinks to the girls at the bar. ,She handed it to him.,1
TRUE,6110,"{""Q0"":""He washed the window.""}",10769,F,wash,y,The dog groomer is washing the golden retriever. ,He washed the window.,0
TRUE,3143,"{""Q0"":""He handed to hat to the clown.""}",19806,DOC,hand2,y,The bartender handed the customer the cocktail.,He handed to hat to the clown.,1
TRUE,7378,"{""Q0"":""She showed him the dress.""}",11318,POC,show4,y,The architect showed the model of the building to the architect. ,She showed him the dress.,0
TRUE,2416,"{""Q0"":""He is sleeping.""}",7331,F,sleep,n,The mother wolf is sleeping with them pups. ,He is sleeping.,0
TRUE,2556,"{""Q0"":""He showed her the gun.""}",14369,DOC,show1,y,The happy child showed her father the coloring book.,He showed her the gun.,0
TRUE,2747,"{""Q0"":""She handed it to him.""}",12998,POI,hand6,n,The eager boyfriend handed the box of flowers to them girlfriend.  ,She handed it to him.,1
TRUE,3446,"{""Q0"":""He is carrying a box.""}",8954,F,carry,y,The stock boy is carrying the egg cartons. ,He is carrying a box.,0
TRUE,2699,"{""Q0"":""She handed him the stethoscope.""}",16961,DOI,hand3,n,The spy handed the double agent them submarine blueprints.,She handed him the stethoscope.,0
TRUE,2743,"{""Q0"":""She handed him the brush.""}",12297,POI,hand5,n,The swimmer handed the towel to they driver. ,She handed him the brush.,0
TRUE,2273,"{""Q0"":""He read a book to her.""}",9793,F,read,y,The teacher is reading the magazine to her students. ,He read a book to her.,1
TRUE,3102,"{""Q0"":""They gave her a cake.""}",18556,DOI,give4,n,The captain gave the old sailor they spare life jacket.,They gave her a cake.,0
TRUE,4528,"{""Q0"":""She handed him a menu.""}",20743,POC,hand7,y,The mean neighbor handed a nasty note to the woman next door. ,She handed him a menu.,0
TRUE,2961,"{""Q0"":""He is brushing his teeth.""}",13105,F,brush,y,The rock star is brushing his long hair. ,He is brushing his teeth.,0