resp_iscorrect,verif_rt,responses,descr_rt,P_type,T_verb,verif_ans,P_sentence,clear_responses,ispo
TRUE,5916,"{""Q0"":""They observe a car at a car show. ""}",33041,DOI,show2,n,The photographer showed the editor them finished proofs.,They observe a car at a car show. ,0
TRUE,4688,"{""Q0"":""The children show a completed drawing to someone.""}",63103,POI,show3,n,The builder showed the blueprints to they new client.,The children show a completed drawing to someone.,1
TRUE,5765,"{""Q0"":""The girl is listening to the boy read.""}",21701,F,read,y,The teacher is reading the magazine to her students. ,The girl is listening to the boy read.,0
FALSE,19144,"{""Q0"":""He decided to give the girl a gift.""}",88330,DOC,give2,y,The woman gave the new neighbor the rusty bike.,He decided to give the girl a gift.,0
TRUE,4142,"{""Q0"":""She was asked to hand him the letter.""}",89588,POC,hand8,y,The good looking bartender handed free drinks to the girls at the bar. ,She was asked to hand him the letter.,0
TRUE,4111,"{""Q0"":""The man decided to wash the window.""}",17148,F,wash,y,The dog groomer is washing the golden retriever. ,The man decided to wash the window.,0
TRUE,5374,"{""Q0"":""She decided to give a cake as a gift. ""}",187086,DOI,give4,n,The captain gave the old sailor they spare life jacket.,She decided to give a cake as a gift. ,1
FALSE,5348,"{""Q0"":""The waitress was asked to give back the cane.""}",98874,POC,give7,y,The mother gave the expensive toy to the hungry toddler.,The waitress was asked to give back the cane.,1
TRUE,3126,"{""Q0"":""The woman was asked to iron the shirt.""}",22932,F,iron,n,The man is ironing they wrinkled work shirt. ,The woman was asked to iron the shirt.,0
FALSE,9834,"{""Q0"":""The caregiver was asked to give the medicine.""}",70503,DOC,give1,y,The fashion designer gave the famous journalist the pink jacket. ,The caregiver was asked to give the medicine.,1
TRUE,3921,"{""Q0"":""The sailor wanted to give the soldier a teapot.""}",233481,POI,give6,n,The researcher gave the detailed results to them experienced surgeon.,The sailor wanted to give the soldier a teapot.,0
TRUE,3695,"{""Q0"":""The boy needs to brush his teeth.""}",15408,F,brush,y,The rock star is brushing his long hair. ,The boy needs to brush his teeth.,0
TRUE,4523,"{""Q0"":""The police officer had to give a ticket.""}",33957,DOI,give3,n,The disgruntled employee gave the manager them long letter.,The police officer had to give a ticket.,1
TRUE,9126,"{""Q0"":""The student wanted to give her teacher flowers.""}",25974,POI,give5,n,The millionaire gave the valuable painting to they struggling artist.,The student wanted to give her teacher flowers.,0
TRUE,2380,"{""Q0"":""The man slipped and started to fall.""}",15619,F,fall,n,The ball was falling down them ramp. ,The man slipped and started to fall.,0
TRUE,4858,"{""Q0"":""The boy wanted to hand the singer a guitar. ""}",106561,DOC,hand1,y,The teacher handed the student the certificate.,The boy wanted to hand the singer a guitar. ,1
TRUE,3917,"{""Q0"":""She was asked to hand him a plate.""}",12709,POI,hand6,n,The eager boyfriend handed the box of flowers to them girlfriend.  ,She was asked to hand him a plate.,0
TRUE,4999,"{""Q0"":""The boy struggles to carry the box.""}",84223,F,carry,y,The stock boy is carrying the egg cartons. ,The boy struggles to carry the box.,0
TRUE,4860,"{""Q0"":""The man decided to hand the clown his hat.""}",33635,DOC,hand2,y,The bartender handed the customer the cocktail.,The man decided to hand the clown his hat.,0
TRUE,8721,"{""Q0"":""The waitress needs to hand the customer a menu.""}",33918,POC,hand7,y,The mean neighbor handed a nasty note to the woman next door. ,The waitress needs to hand the customer a menu.,0
TRUE,2328,"{""Q0"":""The climb the tree as part of a race.""}",11770,F,climb,n,The baby is climbing up that steps. ,The climb the tree as part of a race.,0
TRUE,3896,"{""Q0"":""The nurse got asked to hand over a stethoscope. ""}",63187,DOI,hand3,n,The spy handed the double agent them submarine blueprints.,The nurse got asked to hand over a stethoscope. ,1
FALSE,20720,"{""Q0"":""The boy wanted to give the girl a valentine. ""}",26614,POC,give8,y,The travel agent gave the last ticket to the young fan.,The boy wanted to give the girl a valentine. ,0
TRUE,3692,"{""Q0"":""The man decided to nap.""}",15437,F,nap,y,The cat is napping on the windowsill. ,The man decided to nap.,0
TRUE,57812,"{""Q0"":""A salesman will show him the parts of a gun.""}",56721,DOC,show1,y,The happy child showed her father the coloring book.,A salesman will show him the parts of a gun.,0
TRUE,4403,"{""Q0"":""She was asked to hand over the paintbrush.""}",19697,POI,hand5,n,The swimmer handed the towel to they driver. ,She was asked to hand over the paintbrush.,1
TRUE,3888,"{""Q0"":""She wanted to look at herself in the mirror. ""}",25542,F,look,n,The yellow duck is look at it lake. ,She wanted to look at herself in the mirror. ,0
TRUE,16706,"{""Q0"":""The librarian wanted to hand him a book.""}",23695,DOI,hand4,n,The secretary handed the manager they invoice.,The librarian wanted to hand him a book.,0
FALSE,9435,"{""Q0"":""She was asked to show him the dress.""}",12602,POC,show4,y,The architect showed the model of the building to the architect. ,She was asked to show him the dress.,0
TRUE,2261,"{""Q0"":""The boy is going to sleep.""}",37981,F,sleep,n,The mother wolf is sleeping with them pups. ,The boy is going to sleep.,0