resp_iscorrect,verif_rt,responses,descr_rt,P_type,T_verb,verif_ans,P_sentence,clear_responses,ispo
TRUE,3794,"{""Q0"":""The salesman shows the car off.""}",14823,DOI,show2,n,The photographer showed the editor them finished proofs.,The salesman shows the car off.,0
TRUE,3146,"{""Q0"":""The kids show their teacher a picture.""}",12523,POI,show3,n,The builder showed the blueprints to they new client.,The kids show their teacher a picture.,0
TRUE,6622,"{""Q0"":""The old man is washing the window.""}",21718,F,wash,y,The dog groomer is washing the golden retriever. ,The old man is washing the window.,0
TRUE,7383,"{""Q0"":""The man gave the girl a gift.""}",15311,DOC,give2,y,The woman gave the new neighbor the rusty bike.,The man gave the girl a gift.,0
FALSE,8710,"{""Q0"":""The waitress gives the cane away.""}",17101,POC,give7,y,The mother gave the expensive toy to the hungry toddler.,The waitress gives the cane away.,0
TRUE,2561,"{""Q0"":""The boy carries a box.""}",16828,F,carry,y,The stock boy is carrying the egg cartons. ,The boy carries a box.,0
TRUE,3635,"{""Q0"":""The nurse gave her patient medicine. ""}",12393,DOC,give1,y,The fashion designer gave the famous journalist the pink jacket. ,The nurse gave her patient medicine. ,0
TRUE,7109,"{""Q0"":""The waitress hands menus to customers.""}",26141,POC,hand7,y,The mean neighbor handed a nasty note to the woman next door. ,The waitress hands menus to customers.,1
TRUE,3734,"{""Q0"":""The old man naps often. ""}",18205,F,nap,y,The cat is napping on the windowsill. ,The old man naps often. ,0
TRUE,3391,"{""Q0"":""The librarian hands the book to the child.""}",24993,DOI,hand4,n,The secretary handed the manager they invoice.,The librarian hands the book to the child.,1
TRUE,3541,"{""Q0"":""The girl gives flowers to a teacher.""}",18872,POI,give5,n,The millionaire gave the valuable painting to they struggling artist.,The girl gives flowers to a teacher.,1
TRUE,2332,"{""Q0"":""The boy read to the girl.""}",15126,F,read,y,The teacher is reading the magazine to her students. ,The boy read to the girl.,0
TRUE,4141,"{""Q0"":""She gives her friend a cake.""}",11379,DOI,give4,n,The captain gave the old sailor they spare life jacket.,She gives her friend a cake.,0
TRUE,3427,"{""Q0"":""The girl hands the paintbrush to her brother.""}",12468,POI,hand5,n,The swimmer handed the towel to they driver. ,The girl hands the paintbrush to her brother.,1
TRUE,1844,"{""Q0"":""A girl looks in the mirror.""}",11230,F,look,n,The yellow duck is look at it lake. ,A girl looks in the mirror.,0
TRUE,5082,"{""Q0"":""The man hands the hat to the clown.""}",14865,DOC,hand2,y,The bartender handed the customer the cocktail.,The man hands the hat to the clown.,1
TRUE,7494,"{""Q0"":""The girl hands a letter to the boy.""}",15139,POC,hand8,y,The good looking bartender handed free drinks to the girls at the bar. ,The girl hands a letter to the boy.,1
TRUE,20691,"{""Q0"":""The man brushes her teeth.""}",13544,F,brush,y,The rock star is brushing his long hair. ,The man brushes her teeth.,0
TRUE,4380,"{""Q0"":""The officer gave the man a ticket.""}",15464,DOI,give3,n,The disgruntled employee gave the manager them long letter.,The officer gave the man a ticket.,0
TRUE,3240,"{""Q0"":""The girl hands the plate to her friend.""}",12175,POI,hand6,n,The eager boyfriend handed the box of flowers to them girlfriend.  ,The girl hands the plate to her friend.,1
TRUE,2823,"{""Q0"":""She irons her clothes.""}",11155,F,iron,n,The man is ironing they wrinkled work shirt. ,She irons her clothes.,0
TRUE,7036,"{""Q0"":""The nurse hands the doctor his equipment.""}",18687,DOI,hand3,n,The spy handed the double agent them submarine blueprints.,The nurse hands the doctor his equipment.,0
FALSE,6925,"{""Q0"":""She showed him the dress.""}",11913,POC,show4,y,The architect showed the model of the building to the architect. ,She showed him the dress.,0
TRUE,2214,"{""Q0"":""He sleeps at night.""}",9562,F,sleep,n,The mother wolf is sleeping with them pups. ,He sleeps at night.,0
TRUE,4920,"{""Q0"":""He handed the singer his guitar.""}",11238,DOC,hand1,y,The teacher handed the student the certificate.,He handed the singer his guitar.,0
TRUE,6538,"{""Q0"":""He gave her a valentine.""}",11969,POC,give8,y,The travel agent gave the last ticket to the young fan.,He gave her a valentine.,0
TRUE,2203,"{""Q0"":""The kids climb trees.""}",10093,F,climb,n,The baby is climbing up that steps. ,The kids climb trees.,0
TRUE,9723,"{""Q0"":""The salesman shows off the gun.""}",13745,DOC,show1,y,The happy child showed her father the coloring book.,The salesman shows off the gun.,0
TRUE,4854,"{""Q0"":""The sailor gave the solider a teapot.""}",21040,POI,give6,n,The researcher gave the detailed results to them experienced surgeon.,The sailor gave the solider a teapot.,0
TRUE,3332,"{""Q0"":""The man falls on ice.""}",9121,F,fall,n,The ball was falling down them ramp. ,The man falls on ice.,0