resp_iscorrect,verif_rt,responses,descr_rt,P_type,T_verb,verif_ans,P_sentence,clear_responses,ispo
TRUE,4003,"{""Q0"":""They show the car.""}",17245,DOI,show2,n,The photographer showed the editor them finished proofs.,They show the car.,0
TRUE,4755,"{""Q0"":""He hands her the pencil.""}",7648,POC,hand8,y,The good looking bartender handed free drinks to the girls at the bar. ,He hands her the pencil.,0
TRUE,4890,"{""Q0"":""He is reading.""}",5975,F,read,y,The teacher is reading the magazine to her students. ,He is reading.,0
TRUE,5828,"{""Q0"":""She gives her cake.""}",7744,DOI,give4,n,The captain gave the old sailor they spare life jacket.,She gives her cake.,0
TRUE,4079,"{""Q0"":""He gives the pot.""}",5324,POI,give6,n,The researcher gave the detailed results to them experienced surgeon.,He gives the pot.,0
TRUE,15758,"{""Q0"":""She is looking in the mirror.""}",9775,F,look,n,The yellow duck is look at it lake. ,She is looking in the mirror.,0
TRUE,3591,"{""Q0"":""He gives her a present.""}",7841,DOC,give2,y,The woman gave the new neighbor the rusty bike.,He gives her a present.,0
TRUE,34510,"{""Q0"":""She gives it to her.""}",12181,POC,give8,y,The travel agent gave the last ticket to the young fan.,She gives it to her.,1
TRUE,5351,"{""Q0"":""They are climbing the tree.""}",6514,F,climb,n,The baby is climbing up that steps. ,They are climbing the tree.,0
TRUE,3702,"{""Q0"":""She is giving it to him.""}",8813,DOC,give1,y,The fashion designer gave the famous journalist the pink jacket. ,She is giving it to him.,1
TRUE,3475,"{""Q0"":""They are showing him the drawing.""}",11800,POI,show3,n,The builder showed the blueprints to they new client.,They are showing him the drawing.,0
TRUE,2066,"{""Q0"":""He sleeps.""}",2985,F,sleep,n,The mother wolf is sleeping with them pups. ,He sleeps.,0
TRUE,3130,"{""Q0"":""She hands it to him.""}",8235,DOI,hand3,n,The spy handed the double agent them submarine blueprints.,She hands it to him.,1
TRUE,2425,"{""Q0"":""She hands it to him.""}",5203,POI,hand6,n,The eager boyfriend handed the box of flowers to them girlfriend.  ,She hands it to him.,1
TRUE,3035,"{""Q0"":""He naps.""}",3362,F,nap,y,The cat is napping on the windowsill. ,He naps.,0
TRUE,9025,"{""Q0"":""She shows him.""}",6895,DOC,show1,y,The happy child showed her father the coloring book.,She shows him.,0
TRUE,4880,"{""Q0"":""She gives him the cane.""}",6596,POC,give7,y,The mother gave the expensive toy to the hungry toddler.,She gives him the cane.,0
TRUE,3096,"{""Q0"":""The woman falls.""}",10465,F,fall,n,The ball was falling down them ramp. ,The woman falls.,0
TRUE,9226,"{""Q0"":""She hands him the book.""}",5719,DOI,hand4,n,The secretary handed the manager they invoice.,She hands him the book.,0
TRUE,3931,"{""Q0"":""She hands him the menu.""}",6972,POC,hand7,y,The mean neighbor handed a nasty note to the woman next door. ,She hands him the menu.,0
TRUE,2550,"{""Q0"":""He is washing.""}",4551,F,wash,y,The dog groomer is washing the golden retriever. ,He is washing.,0
TRUE,2277,"{""Q0"":""She handed the guitar to the man.""}",8536,DOC,hand1,y,The teacher handed the student the certificate.,She handed the guitar to the man.,1
TRUE,21543,"{""Q0"":""She is showing him.""}",7184,POC,show4,y,The architect showed the model of the building to the architect. ,She is showing him.,0
TRUE,10177,"{""Q0"":""He brushes his teeth.""}",6350,F,brush,y,The rock star is brushing his long hair. ,He brushes his teeth.,0
TRUE,2855,"{""Q0"":""He hands him the hat.""}",10989,DOC,hand2,y,The bartender handed the customer the cocktail.,He hands him the hat.,0
TRUE,2458,"{""Q0"":""She handed it to him.""}",6230,POI,hand5,n,The swimmer handed the towel to they driver. ,She handed it to him.,1
TRUE,7669,"{""Q0"":""He is carrying the box.""}",6115,F,carry,y,The stock boy is carrying the egg cartons. ,He is carrying the box.,0
TRUE,6736,"{""Q0"":""She gives him a ticket.""}",6589,DOI,give3,n,The disgruntled employee gave the manager them long letter.,She gives him a ticket.,0
TRUE,26675,"{""Q0"":""She gives her flowers.""}",23870,POI,give5,n,The millionaire gave the valuable painting to they struggling artist.,She gives her flowers.,0
TRUE,6402,"{""Q0"":""She is ironing.""}",4483,F,iron,n,The man is ironing they wrinkled work shirt. ,She is ironing.,0