resp_iscorrect,verif_rt,responses,descr_rt,P_type,T_verb,verif_ans,P_sentence,clear_responses,ispo
TRUE,11074,"{""Q0"":""The nurse handed the doctor the equipment. ""}",16696,DOI,hand3,n,The spy handed the double agent them submarine blueprints.,The nurse handed the doctor the equipment. ,0
TRUE,7145,"{""Q0"":""He showed him the clothing. ""}",18219,POC,show4,y,The architect showed the model of the building to the architect. ,He showed him the clothing. ,0
TRUE,4915,"{""Q0"":""The woman irons the shirt. ""}",10607,F,iron,n,The man is ironing they wrinkled work shirt. ,The woman irons the shirt. ,0
TRUE,3522,"{""Q0"":""The care salesman shows the couple the new vehicle. ""}",24181,DOI,show2,n,The photographer showed the editor them finished proofs.,The care salesman shows the couple the new vehicle. ,0
TRUE,7913,"{""Q0"":""The waitress handed the man the menu. ""}",17548,POC,hand7,y,The mean neighbor handed a nasty note to the woman next door. ,The waitress handed the man the menu. ,0
TRUE,6632,"{""Q0"":""The teacher is reading the book to her students.""}",14713,F,read,y,The teacher is reading the magazine to her students. ,The teacher is reading the book to her students.,1
TRUE,7031,"{""Q0"":""The police officer gives the man a ticket. ""}",43196,DOI,give3,n,The disgruntled employee gave the manager them long letter.,The police officer gives the man a ticket. ,0
TRUE,3571,"{""Q0"":""The girl gave her grandma a bouquet of flowers.  ""}",36956,POI,give5,n,The millionaire gave the valuable painting to they struggling artist.,The girl gave her grandma a bouquet of flowers.  ,0
TRUE,9401,"{""Q0"":""The woman falls on ice. ""}",12651,F,fall,n,The ball was falling down them ramp. ,The woman falls on ice. ,0
TRUE,4314,"{""Q0"":""The couple gave the lady a cake. ""}",11791,DOI,give4,n,The captain gave the old sailor they spare life jacket.,The couple gave the lady a cake. ,0
TRUE,3849,"{""Q0"":""The girl handed the brush to the boy on the ladder.""}",15993,POI,hand5,n,The swimmer handed the towel to they driver. ,The girl handed the brush to the boy on the ladder.,1
TRUE,8497,"{""Q0"":""The girl looks at herself. ""}",8218,F,look,n,The yellow duck is look at it lake. ,The girl looks at herself. ,0
TRUE,3140,"{""Q0"":""The cowboy handed the clown his hat. ""}",17616,DOC,hand2,y,The bartender handed the customer the cocktail.,The cowboy handed the clown his hat. ,0
TRUE,4037,"{""Q0"":""The sailor gave the teapot to the soldier. ""}",17755,POI,give6,n,The researcher gave the detailed results to them experienced surgeon.,The sailor gave the teapot to the soldier. ,1
TRUE,14037,"{""Q0"":""The boy carries the box. ""}",8962,F,carry,y,The stock boy is carrying the egg cartons. ,The boy carries the box. ,0
TRUE,4520,"{""Q0"":""The man handed the singer his guitar. ""}",24706,DOC,hand1,y,The teacher handed the student the certificate.,The man handed the singer his guitar. ,0
TRUE,8935,"{""Q0"":""The girl handed the boy chalk. ""}",17011,POC,hand8,y,The good looking bartender handed free drinks to the girls at the bar. ,The girl handed the boy chalk. ,0
TRUE,4882,"{""Q0"":""The old man naps. ""}",6746,F,nap,y,The cat is napping on the windowsill. ,The old man naps. ,0
TRUE,3523,"{""Q0"":""The librarian handed the boy the book. ""}",12553,DOI,hand4,n,The secretary handed the manager they invoice.,The librarian handed the boy the book. ,0
TRUE,4062,"{""Q0"":""The children showed their drawing to the teacher. ""}",21115,POI,show3,n,The builder showed the blueprints to they new client.,The children showed their drawing to the teacher. ,1
TRUE,3785,"{""Q0"":""The man sleeps. ""}",10341,F,sleep,n,The mother wolf is sleeping with them pups. ,The man sleeps. ,0
TRUE,8044,"{""Q0"":""The lawyer showed the judged the gun. ""}",19631,DOC,show1,y,The happy child showed her father the coloring book.,The lawyer showed the judged the gun. ,0
TRUE,6404,"{""Q0"":""The boy gives the girl a valentine. ""}",17047,POC,give8,y,The travel agent gave the last ticket to the young fan.,The boy gives the girl a valentine. ,0
TRUE,3594,"{""Q0"":""The man is brushing his teeth. ""}",11132,F,brush,y,The rock star is brushing his long hair. ,The man is brushing his teeth. ,0
TRUE,6592,"{""Q0"":""The nurse gave the patient food. ""}",15118,DOC,give1,y,The fashion designer gave the famous journalist the pink jacket. ,The nurse gave the patient food. ,0
TRUE,6447,"{""Q0"":""The girl hands the man a plate. ""}",16989,POI,hand6,n,The eager boyfriend handed the box of flowers to them girlfriend.  ,The girl hands the man a plate. ,0
TRUE,4239,"{""Q0"":""The man is washing the window. ""}",14605,F,wash,y,The dog groomer is washing the golden retriever. ,The man is washing the window. ,0
TRUE,7585,"{""Q0"":""The child's dad gave her a present. ""}",15412,DOC,give2,y,The woman gave the new neighbor the rusty bike.,The child's dad gave her a present. ,0
TRUE,6858,"{""Q0"":""The maid gives the chef his cane. ""}",37138,POC,give7,y,The mother gave the expensive toy to the hungry toddler.,The maid gives the chef his cane. ,0
TRUE,20743,"{""Q0"":""The children climb the tree. ""}",9365,F,climb,n,The baby is climbing up that steps. ,The children climb the tree. ,0