resp_iscorrect,verif_rt,responses,descr_rt,P_type,T_verb,verif_ans,P_sentence,clear_responses,ispo
True,13487.0,"{""Q0"":""the man handed the hat to another individual.""}",57807.0,DOC,hand2,y,The bartender handed the customer the cocktail.,the man handed the hat to another individual.,1
True,35046.0,"{""Q0"":""the waiter handed the lady the menu""}",23445.0,POC,hand7,y,The mean neighbor handed a nasty note to the woman next door. ,the waiter handed the lady the menu,0
True,4731.0,"{""Q0"":""the man is washing the window""}",11784.0,F,wash,y,The dog groomer is washing the golden retriever. ,the man is washing the window,0
True,4334.0,"{""Q0"":""The family is giving the lady a cake.""}",39919.0,DOI,give4,n,The captain gave the old sailor they spare life jacket.,The family is giving the lady a cake.,0
True,3887.0,"{""Q0"":""The sailor is giving the teapot to another.""}",52982.0,POI,give6,n,The researcher gave the detailed results to them experienced surgeon.,The sailor is giving the teapot to another.,1
True,3337.0,"{""Q0"":""The man is brushing his teeth.""}",10940.0,F,brush,y,The rock star is brushing his long hair. ,The man is brushing his teeth.,0
True,3157.0,"{""Q0"":""The nurse is handing the doctor his stethoscope.""}",77083.0,DOI,hand3,n,The spy handed the double agent them submarine blueprints.,The nurse is handing the doctor his stethoscope.,0
True,2571.0,"{""Q0"":""The children are showing the teacher a drawing. ""}",81094.0,POI,show3,n,The builder showed the blueprints to they new client.,The children are showing the teacher a drawing. ,0
True,3541.0,"{""Q0"":""The boy is reading to the girl.""}",60811.0,F,read,y,The teacher is reading the magazine to her students. ,The boy is reading to the girl.,0
True,3865.0,"{""Q0"":""The man is giving a gift to another.""}",39348.0,DOC,give2,y,The woman gave the new neighbor the rusty bike.,The man is giving a gift to another.,1
True,2921.0,"{""Q0"":""A woman is handing an object to another.""}",20770.0,POI,hand6,n,The eager boyfriend handed the box of flowers to them girlfriend.  ,A woman is handing an object to another.,1
True,3642.0,"{""Q0"":""The woman is looking at her reflection.""}",19769.0,F,look,n,The yellow duck is look at it lake. ,The woman is looking at her reflection.,0
True,2878.0,"{""Q0"":""The doctor is giving care to the patient.""}",21935.0,DOC,give1,y,The fashion designer gave the famous journalist the pink jacket. ,The doctor is giving care to the patient.,0
False,7615.0,"{""Q0"":""The waitress is giving the cane to another.""}",56215.0,POC,give7,y,The mother gave the expensive toy to the hungry toddler.,The waitress is giving the cane to another.,1
True,2871.0,"{""Q0"":""The man is taking a nap.""}",9697.0,F,nap,y,The cat is napping on the windowsill. ,The man is taking a nap.,0
True,2980.0,"{""Q0"":""The librarian is handing the book to another. ""}",21655.0,DOI,hand4,n,The secretary handed the manager they invoice.,The librarian is handing the book to another. ,1
True,3688.0,"{""Q0"":""The student is giving the teacher flowers.""}",20739.0,POI,give5,n,The millionaire gave the valuable painting to they struggling artist.,The student is giving the teacher flowers.,0
True,3438.0,"{""Q0"":""The woman is ironing a shirt.""}",11217.0,F,iron,n,The man is ironing they wrinkled work shirt. ,The woman is ironing a shirt.,0
True,2449.0,"{""Q0"":""One individual is showing an object to another.""}",46339.0,DOC,show1,y,The happy child showed her father the coloring book.,One individual is showing an object to another.,1
True,7223.0,"{""Q0"":""The boy is giving a valentines to another.""}",19283.0,POC,give8,y,The travel agent gave the last ticket to the young fan.,The boy is giving a valentines to another.,0
True,3261.0,"{""Q0"":""The man is sleeping.""}",6742.0,F,sleep,n,The mother wolf is sleeping with them pups. ,The man is sleeping.,0
True,6571.0,"{""Q0"":""The police is giving the man a ticket""}",10841.0,DOI,give3,n,The disgruntled employee gave the manager them long letter.,The police is giving the man a ticket,0
True,9224.0,"{""Q0"":""The woman is showing the man a dress.""}",20547.0,POC,show4,y,The architect showed the model of the building to the architect. ,The woman is showing the man a dress.,0
True,1731.0,"{""Q0"":""The individuals are climbing a tree.""}",12864.0,F,climb,n,The baby is climbing up that steps. ,The individuals are climbing a tree.,0
True,2693.0,"{""Q0"":""The salesman is showing the customers a car.""}",54637.0,DOI,show2,n,The photographer showed the editor them finished proofs.,The salesman is showing the customers a car.,0
True,2804.0,"{""Q0"":""The girl is handing the man a paintbrush.""}",15506.0,POI,hand5,n,The swimmer handed the towel to they driver. ,The girl is handing the man a paintbrush.,0
True,1720.0,"{""Q0"":""The women had fallen on the ice.""}",14129.0,F,fall,n,The ball was falling down them ramp. ,The women had fallen on the ice.,0
True,3473.0,"{""Q0"":""The boy handed the musician a guitar.""}",25163.0,DOC,hand1,y,The teacher handed the student the certificate.,The boy handed the musician a guitar.,0
True,2984.0,"{""Q0"":""The girl handed a letter to the boy.""}",17038.0,POC,hand8,y,The good looking bartender handed free drinks to the girls at the bar. ,The girl handed a letter to the boy.,1
False,3931.0,"{""Q0"":""The boy is carrying a box.""}",8959.0,F,carry,y,The stock boy is carrying the egg cartons. ,The boy is carrying a box.,0
