resp_iscorrect,verif_rt,responses,descr_rt,P_type,T_verb,verif_ans,P_sentence,clear_responses,ispo
True,2733.0,"{""Q0"":""The nurse is giving the patient water.""}",18661.0,DOC,give1,y,The fashion designer gave the famous journalist the pink jacket. ,The nurse is giving the patient water.,0
True,3710.0,"{""Q0"":""The teacher is being shown the drawing. ""}",20448.0,POI,show3,n,The builder showed the blueprints to they new client.,The teacher is being shown the drawing. ,0
True,1817.0,"{""Q0"":""The kids are climbing the tree.""}",19948.0,F,climb,n,The baby is climbing up that steps. ,The kids are climbing the tree.,0
True,2594.0,"{""Q0"":""The couple is giving the woman a cake. ""}",24620.0,DOI,give4,n,The captain gave the old sailor they spare life jacket.,The couple is giving the woman a cake. ,0
True,3587.0,"{""Q0"":""The sailor is giving the soldier a teapot.""}",14435.0,POI,give6,n,The researcher gave the detailed results to them experienced surgeon.,The sailor is giving the soldier a teapot.,0
True,2704.0,"{""Q0"":""The boy is carrying the box.""}",8569.0,F,carry,y,The stock boy is carrying the egg cartons. ,The boy is carrying the box.,0
True,3237.0,"{""Q0"":""The nurse is handing the doctor his tools. ""}",20835.0,DOI,hand3,n,The spy handed the double agent them submarine blueprints.,The nurse is handing the doctor his tools. ,0
True,8396.0,"{""Q0"":""The waitress is giving the chef the cane. ""}",14176.0,POC,give7,y,The mother gave the expensive toy to the hungry toddler.,The waitress is giving the chef the cane. ,0
True,2001.0,"{""Q0"":""The woman is ironing a shirt""}",18578.0,F,iron,n,The man is ironing they wrinkled work shirt. ,The woman is ironing a shirt,0
True,4807.0,"{""Q0"":""The judge is being shown a gun""}",21990.0,DOC,show1,y,The happy child showed her father the coloring book.,The judge is being shown a gun,0
True,3622.0,"{""Q0"":""The child is giving the teacher flowers. ""}",11528.0,POI,give5,n,The millionaire gave the valuable painting to they struggling artist.,The child is giving the teacher flowers. ,0
True,3543.0,"{""Q0"":""The teacher is reading a book aloud. ""}",11809.0,F,read,y,The teacher is reading the magazine to her students. ,The teacher is reading a book aloud. ,0
True,2161.0,"{""Q0"":""The cowboy handed the clown the hat.""}",18063.0,DOC,hand2,y,The bartender handed the customer the cocktail.,The cowboy handed the clown the hat.,0
True,1994.0,"{""Q0"":""The girl handed the paintbrush to the painter.""}",23661.0,POI,hand5,n,The swimmer handed the towel to they driver. ,The girl handed the paintbrush to the painter.,1
True,2068.0,"{""Q0"":""The boy is sleeping in his bed""}",7517.0,F,sleep,n,The mother wolf is sleeping with them pups. ,The boy is sleeping in his bed,0
True,2718.0,"{""Q0"":""The policeman is giving the driver a ticket""}",14146.0,DOI,give3,n,The disgruntled employee gave the manager them long letter.,The policeman is giving the driver a ticket,0
True,5878.0,"{""Q0"":""The student handed the letter up.""}",22298.0,POC,hand8,y,The good looking bartender handed free drinks to the girls at the bar. ,The student handed the letter up.,0
True,2787.0,"{""Q0"":""The girl looked at herself in the mirror. ""}",13675.0,F,look,n,The yellow duck is look at it lake. ,The girl looked at herself in the mirror. ,0
True,3720.0,"{""Q0"":""The man gave the girl a present""}",11285.0,DOC,give2,y,The woman gave the new neighbor the rusty bike.,The man gave the girl a present,0
False,8844.0,"{""Q0"":""The woman showed the dress on the table""}",12803.0,POC,show4,y,The architect showed the model of the building to the architect. ,The woman showed the dress on the table,0
True,1829.0,"{""Q0"":""The man is napping in bed""}",11144.0,F,nap,y,The cat is napping on the windowsill. ,The man is napping in bed,0
True,2072.0,"{""Q0"":""The librarian handed the kid a book.""}",13477.0,DOI,hand4,n,The secretary handed the manager they invoice.,The librarian handed the kid a book.,0
True,3824.0,"{""Q0"":""The waitress handed the menu to the customer.""}",16227.0,POC,hand7,y,The mean neighbor handed a nasty note to the woman next door. ,The waitress handed the menu to the customer.,1
True,1947.0,"{""Q0"":""The man is washing the windows.""}",9628.0,F,wash,y,The dog groomer is washing the golden retriever. ,The man is washing the windows.,0
True,2751.0,"{""Q0"":""The boy handed the singer the guitar.""}",11780.0,DOC,hand1,y,The teacher handed the student the certificate.,The boy handed the singer the guitar.,0
True,2634.0,"{""Q0"":""The girl handed the object to the boy. ""}",11578.0,POI,hand6,n,The eager boyfriend handed the box of flowers to them girlfriend.  ,The girl handed the object to the boy. ,1
True,3100.0,"{""Q0"":""The boy is brushing his teeth. ""}",7502.0,F,brush,y,The rock star is brushing his long hair. ,The boy is brushing his teeth. ,0
True,2251.0,"{""Q0"":""The man showed the couple the car.""}",13880.0,DOI,show2,n,The photographer showed the editor them finished proofs.,The man showed the couple the car.,0
True,11567.0,"{""Q0"":""The boy gave the girl a heart. ""}",9965.0,POC,give8,y,The travel agent gave the last ticket to the young fan.,The boy gave the girl a heart. ,0
True,1791.0,"{""Q0"":""The man was falling on the slippery ice.""}",13211.0,F,fall,n,The ball was falling down them ramp. ,The man was falling on the slippery ice.,0
