resp_iscorrect,verif_rt,responses,descr_rt,P_type,T_verb,verif_ans,P_sentence,clear_responses,ispo
True,4245.0,"{""Q0"":""The nurse hands the doctor the stethoscope.""}",29790.0,DOI,hand3,n,The spy handed the double agent them submarine blueprints.,The nurse hands the doctor the stethoscope.,0
True,3340.0,"{""Q0"":""The girl hands the paintbrush to the painter.""}",15707.0,POI,hand5,n,The swimmer handed the towel to they driver. ,The girl hands the paintbrush to the painter.,1
True,3914.0,"{""Q0"":""She uses the mirror to look at herself. ""}",20705.0,F,look,n,The yellow duck is look at it lake. ,She uses the mirror to look at herself. ,1
True,5362.0,"{""Q0"":""The lawyer shows the judge the evidence.""}",46020.0,DOC,show1,y,The happy child showed her father the coloring book.,The lawyer shows the judge the evidence.,0
True,3915.0,"{""Q0"":""The waitress hands him the menu.""}",21989.0,POC,hand7,y,The mean neighbor handed a nasty note to the woman next door. ,The waitress hands him the menu.,0
True,6694.0,"{""Q0"":""He is carrying a box.""}",15263.0,F,carry,y,The stock boy is carrying the egg cartons. ,He is carrying a box.,0
True,4228.0,"{""Q0"":""The cowboy gives the clown a hand.""}",30388.0,DOC,hand2,y,The bartender handed the customer the cocktail.,The cowboy gives the clown a hand.,0
True,4398.0,"{""Q0"":""The sailor gives the soldier a teapot. ""}",15879.0,POI,give6,n,The researcher gave the detailed results to them experienced surgeon.,The sailor gives the soldier a teapot. ,0
True,4022.0,"{""Q0"":""He brushes his teeth.""}",12286.0,F,brush,y,The rock star is brushing his long hair. ,He brushes his teeth.,0
True,4582.0,"{""Q0"":""He gives the girl a present. ""}",9758.0,DOC,give2,y,The woman gave the new neighbor the rusty bike.,He gives the girl a present. ,0
True,3470.0,"{""Q0"":""The kids show their teacher a drawing. ""}",16889.0,POI,show3,n,The builder showed the blueprints to they new client.,The kids show their teacher a drawing. ,0
True,3564.0,"{""Q0"":""The teacher reads a book to her student.""}",13869.0,F,read,y,The teacher is reading the magazine to her students. ,The teacher reads a book to her student.,1
True,4210.0,"{""Q0"":""The salesman is showing the couple a car.""}",13737.0,DOI,show2,n,The photographer showed the editor them finished proofs.,The salesman is showing the couple a car.,0
True,5385.0,"{""Q0"":""The boy gives the girl a valentine.""}",13279.0,POC,give8,y,The travel agent gave the last ticket to the young fan.,The boy gives the girl a valentine.,0
True,2279.0,"{""Q0"":""The man washes a window.""}",10331.0,F,wash,y,The dog groomer is washing the golden retriever. ,The man washes a window.,0
True,3559.0,"{""Q0"":""The cop gives the driver a ticket. ""}",14455.0,DOI,give3,n,The disgruntled employee gave the manager them long letter.,The cop gives the driver a ticket. ,0
True,3183.0,"{""Q0"":""She hands the frisbee to the boy. ""}",14738.0,POI,hand6,n,The eager boyfriend handed the box of flowers to them girlfriend.  ,She hands the frisbee to the boy. ,1
True,2087.0,"{""Q0"":""The man falls into a puddle.""}",13778.0,F,fall,n,The ball was falling down them ramp. ,The man falls into a puddle.,0
True,2647.0,"{""Q0"":""The man hands the singer a guitar. ""}",13608.0,DOC,hand1,y,The teacher handed the student the certificate.,The man hands the singer a guitar. ,0
True,3793.0,"{""Q0"":""The girl gives her teacher flowers. ""}",11046.0,POI,give5,n,The millionaire gave the valuable painting to they struggling artist.,The girl gives her teacher flowers. ,0
True,2458.0,"{""Q0"":""The kids climb up a tree.""}",11784.0,F,climb,n,The baby is climbing up that steps. ,The kids climb up a tree.,0
True,2853.0,"{""Q0"":""The librarian hands the boy a book.""}",14883.0,DOI,hand4,n,The secretary handed the manager they invoice.,The librarian hands the boy a book.,0
True,6060.0,"{""Q0"":""The waitress gives the cane to the chef. ""}",22179.0,POC,give7,y,The mother gave the expensive toy to the hungry toddler.,The waitress gives the cane to the chef. ,1
True,2066.0,"{""Q0"":""The boy sleeps.""}",6389.0,F,sleep,n,The mother wolf is sleeping with them pups. ,The boy sleeps.,0
True,5427.0,"{""Q0"":""The nurse gives the patient water. ""}",19702.0,DOC,give1,y,The fashion designer gave the famous journalist the pink jacket. ,The nurse gives the patient water. ,0
True,7332.0,"{""Q0"":""The girl hands the chalk to the teacher.""}",18866.0,POC,hand8,y,The good looking bartender handed free drinks to the girls at the bar. ,The girl hands the chalk to the teacher.,1
True,2603.0,"{""Q0"":""The man is taking a nap.""}",8089.0,F,nap,y,The cat is napping on the windowsill. ,The man is taking a nap.,0
True,2701.0,"{""Q0"":""The parents give their son a cake.""}",12330.0,DOI,give4,n,The captain gave the old sailor they spare life jacket.,The parents give their son a cake.,0
True,6016.0,"{""Q0"":""The woman shows an outfit to a man.""}",11124.0,POC,show4,y,The architect showed the model of the building to the architect. ,The woman shows an outfit to a man.,1
True,2752.0,"{""Q0"":""The woman uses an iron.""}",8481.0,F,iron,n,The man is ironing they wrinkled work shirt. ,The woman uses an iron.,0
