resp_iscorrect,verif_rt,responses,descr_rt,P_type,T_verb,verif_ans,P_sentence,clear_responses,ispo
TRUE,5532,"{""Q0"":""A man is giving a gift to a girl""}",11230,DOC,give2,y,The woman gave the new neighbor the rusty bike.,A man is giving a gift to a girl,1
TRUE,3436,"{""Q0"":""A girl gives flowers to another person""}",10556,POI,give5,n,The millionaire gave the valuable painting to they struggling artist.,A girl gives flowers to another person,1
TRUE,4338,"{""Q0"":""The man is washing the window""}",11992,F,wash,y,The dog groomer is washing the golden retriever. ,The man is washing the window,0
TRUE,3988,"{""Q0"":""The police officer is giving a ticket""}",10776,DOI,give3,n,The disgruntled employee gave the manager them long letter.,The police officer is giving a ticket,0
TRUE,2886,"{""Q0"":""The girl is handing a paintbrush to someone""}",14293,POI,hand5,n,The swimmer handed the towel to they driver. ,The girl is handing a paintbrush to someone,1
TRUE,4482,"{""Q0"":""The boy is sleeping in the bed""}",11433,F,sleep,n,The mother wolf is sleeping with them pups. ,The boy is sleeping in the bed,0
TRUE,4482,"{""Q0"":""The nurse is giving the patient something""}",11365,DOC,give1,y,The fashion designer gave the famous journalist the pink jacket. ,The nurse is giving the patient something,0
TRUE,8979,"{""Q0"":""The salesperson is showing a dress ""}",11462,POC,show4,y,The architect showed the model of the building to the architect. ,The salesperson is showing a dress ,0
TRUE,3656,"{""Q0"":""The man is napping on the bed""}",6308,F,nap,y,The cat is napping on the windowsill. ,The man is napping on the bed,0
TRUE,4558,"{""Q0"":""The man is handing the hat to the clown""}",8252,DOC,hand2,y,The bartender handed the customer the cocktail.,The man is handing the hat to the clown,1
TRUE,3704,"{""Q0"":""The sailor is giving a teapot to the soldier""}",10832,POI,give6,n,The researcher gave the detailed results to them experienced surgeon.,The sailor is giving a teapot to the soldier,1
TRUE,4071,"{""Q0"":""The boy is brushing his teeth""}",6577,F,brush,y,The rock star is brushing his long hair. ,The boy is brushing his teeth,0
TRUE,4285,"{""Q0"":""The nurse hands the stethoscope to the doctor""}",26536,DOI,hand3,n,The spy handed the double agent them submarine blueprints.,The nurse hands the stethoscope to the doctor,1
TRUE,3164,"{""Q0"":""The children show the picture to the teacher""}",7500,POI,show3,n,The builder showed the blueprints to they new client.,The children show the picture to the teacher,1
TRUE,3308,"{""Q0"":""The boy carries a large box""}",6098,F,carry,y,The stock boy is carrying the egg cartons. ,The boy carries a large box,0
TRUE,2316,"{""Q0"":""The salesperson shows the couple a car""}",10245,DOI,show2,n,The photographer showed the editor them finished proofs.,The salesperson shows the couple a car,0
TRUE,3166,"{""Q0"":""The girl hands something to the boy""}",8968,POI,hand6,n,The eager boyfriend handed the box of flowers to them girlfriend.  ,The girl hands something to the boy,1
TRUE,5221,"{""Q0"":""The person falls on ice""}",9542,F,fall,n,The ball was falling down them ramp. ,The person falls on ice,0
TRUE,3902,"{""Q0"":""The lawyer shows the judge a gun""}",14596,DOC,show1,y,The happy child showed her father the coloring book.,The lawyer shows the judge a gun,0
TRUE,3045,"{""Q0"":""The girl hands scissors to the boy on a ladder""}",12539,POC,hand8,y,The good looking bartender handed free drinks to the girls at the bar. ,The girl hands scissors to the boy on a ladder,1
TRUE,1730,"{""Q0"":""The kids climb a tree""}",8762,F,climb,n,The baby is climbing up that steps. ,The kids climb a tree,0
TRUE,4626,"{""Q0"":""The couple gives a cake to the person""}",18319,DOI,give4,n,The captain gave the old sailor they spare life jacket.,The couple gives a cake to the person,1
TRUE,11782,"{""Q0"":""The waitress hands the man a menu""}",7107,POC,hand7,y,The mean neighbor handed a nasty note to the woman next door. ,The waitress hands the man a menu,0
TRUE,2020,"{""Q0"":""The woman is ironing a shirt""}",8844,F,iron,n,The man is ironing they wrinkled work shirt. ,The woman is ironing a shirt,0
TRUE,2865,"{""Q0"":""the student hands a guitar to the man""}",11754,DOC,hand1,y,The teacher handed the student the certificate.,the student hands a guitar to the man,1
FALSE,7993,"{""Q0"":""The waitress gives a cane to the chef""}",18516,POC,give7,y,The mother gave the expensive toy to the hungry toddler.,The waitress gives a cane to the chef,1
TRUE,3352,"{""Q0"":""The girl looks into the mirror""}",8115,F,look,n,The yellow duck is look at it lake. ,The girl looks into the mirror,0
TRUE,2261,"{""Q0"":""The librarian hands the book to the child""}",8101,DOI,hand4,n,The secretary handed the manager they invoice.,The librarian hands the book to the child,1
FALSE,7227,"{""Q0"":""The boy gives a valentine to the girl""}",6996,POC,give8,y,The travel agent gave the last ticket to the young fan.,The boy gives a valentine to the girl,1
TRUE,10755,"{""Q0"":""The teacher reads a book to the student""}",7630,F,read,y,The teacher is reading the magazine to her students. ,The teacher reads a book to the student,1