resp_iscorrect,verif_rt,responses,descr_rt,P_type,T_verb,verif_ans,P_sentence,clear_responses,ispo
True,2986.0,"{""Q0"":""The boy hands over the guitar. ""}",18479.0,DOC,hand1,y,The teacher handed the student the certificate.,The boy hands over the guitar. ,0
True,9463.0,"{""Q0"":""The girl gives a heart to a friend. ""}",25849.0,POC,give8,y,The travel agent gave the last ticket to the young fan.,The girl gives a heart to a friend. ,1
True,2379.0,"{""Q0"":""The boy is sleeping. ""}",8133.0,F,sleep,n,The mother wolf is sleeping with them pups. ,The boy is sleeping. ,0
True,7089.0,"{""Q0"":""The man is showing a gun. ""}",18370.0,DOC,show1,y,The happy child showed her father the coloring book.,The man is showing a gun. ,0
True,5093.0,"{""Q0"":""The waitress hands over a menu. ""}",14755.0,POC,hand7,y,The mean neighbor handed a nasty note to the woman next door. ,The waitress hands over a menu. ,0
True,2150.0,"{""Q0"":""The girl looks in the mirror. ""}",10315.0,F,look,n,The yellow duck is look at it lake. ,The girl looks in the mirror. ,0
True,3788.0,"{""Q0"":""The doctor gives the patient food. ""}",12888.0,DOC,give1,y,The fashion designer gave the famous journalist the pink jacket. ,The doctor gives the patient food. ,0
True,3670.0,"{""Q0"":""The girl hands over a plate. ""}",16798.0,POI,hand6,n,The eager boyfriend handed the box of flowers to them girlfriend.  ,The girl hands over a plate. ,0
True,8950.0,"{""Q0"":""The boy reads to a girl. ""}",13180.0,F,read,y,The teacher is reading the magazine to her students. ,The boy reads to a girl. ,0
True,3802.0,"{""Q0"":""The librarian hands over a book. ""}",11663.0,DOI,hand4,n,The secretary handed the manager they invoice.,The librarian hands over a book. ,0
True,15296.0,"{""Q0"":""The women showed the man her dress.""}",14056.0,POC,show4,y,The architect showed the model of the building to the architect. ,The women showed the man her dress.,0
True,3198.0,"{""Q0"":""The man is washing the window. ""}",12121.0,F,wash,y,The dog groomer is washing the golden retriever. ,The man is washing the window. ,0
True,5525.0,"{""Q0"":""The clown was handed a hat. ""}",13202.0,DOC,hand2,y,The bartender handed the customer the cocktail.,The clown was handed a hat. ,0
True,4525.0,"{""Q0"":""The women gives the guy a cane. ""}",27469.0,POC,give7,y,The mother gave the expensive toy to the hungry toddler.,The women gives the guy a cane. ,0
True,2284.0,"{""Q0"":""The boy is brushing his teeth. ""}",13362.0,F,brush,y,The rock star is brushing his long hair. ,The boy is brushing his teeth. ,0
True,3005.0,"{""Q0"":""The salesmen shows a car. ""}",15588.0,DOI,show2,n,The photographer showed the editor them finished proofs.,The salesmen shows a car. ,0
True,3705.0,"{""Q0"":""The girl hands the boy a brush.""}",11262.0,POI,hand5,n,The swimmer handed the towel to they driver. ,The girl hands the boy a brush.,0
True,4226.0,"{""Q0"":""The women irons the shirt. ""}",13547.0,F,iron,n,The man is ironing they wrinkled work shirt. ,The women irons the shirt. ,0
True,3749.0,"{""Q0"":""The nurse hands the doctor a tool. ""}",25324.0,DOI,hand3,n,The spy handed the double agent them submarine blueprints.,The nurse hands the doctor a tool. ,0
True,5122.0,"{""Q0"":""The girl is handing chalk to the boy.""}",21128.0,POC,hand8,y,The good looking bartender handed free drinks to the girls at the bar. ,The girl is handing chalk to the boy.,0
True,2058.0,"{""Q0"":""The man is taking a nap. ""}",8896.0,F,nap,y,The cat is napping on the windowsill. ,The man is taking a nap. ,0
True,6450.0,"{""Q0"":""The man gives the girl a gift. ""}",15747.0,DOC,give2,y,The woman gave the new neighbor the rusty bike.,The man gives the girl a gift. ,0
False,7464.0,"{""Q0"":""The sailor gives the soldier a teapot. ""}",20710.0,POI,give6,n,The researcher gave the detailed results to them experienced surgeon.,The sailor gives the soldier a teapot. ,0
True,2082.0,"{""Q0"":""The kids climb the tree. ""}",10775.0,F,climb,n,The baby is climbing up that steps. ,The kids climb the tree. ,0
True,5504.0,"{""Q0"":""The officer gives a ticket. ""}",11203.0,DOI,give3,n,The disgruntled employee gave the manager them long letter.,The officer gives a ticket. ,0
True,2921.0,"{""Q0"":""The girl gives the teacher flowers. ""}",13128.0,POI,give5,n,The millionaire gave the valuable painting to they struggling artist.,The girl gives the teacher flowers. ,0
True,3591.0,"{""Q0"":""The man has fallen on ice. ""}",10879.0,F,fall,n,The ball was falling down them ramp. ,The man has fallen on ice. ,0
True,9941.0,"{""Q0"":""The lady gives the person a cake. ""}",13475.0,DOI,give4,n,The captain gave the old sailor they spare life jacket.,The lady gives the person a cake. ,0
True,3651.0,"{""Q0"":""The kids show the teacher a drawing. ""}",14045.0,POI,show3,n,The builder showed the blueprints to they new client.,The kids show the teacher a drawing. ,0
True,3262.0,"{""Q0"":""The boy is carrying a box. ""}",15942.0,F,carry,y,The stock boy is carrying the egg cartons. ,The boy is carrying a box. ,0
