resp_iscorrect,verif_rt,responses,descr_rt,P_type,T_verb,verif_ans,P_sentence,clear_responses,ispo
TRUE,10079,"{""Q0"":""He gives her the gift""}",59199,DOC,give2,y,The woman gave the new neighbor the rusty bike.,He gives her the gift,0
TRUE,3624,"{""Q0"":""Emily handed timmy the chalk""}",20500,POC,hand8,y,The good looking bartender handed free drinks to the girls at the bar. ,Emily handed timmy the chalk,0
TRUE,1830,"{""Q0"":""Timmy goes to sleep.""}",8178,F,sleep,n,The mother wolf is sleeping with them pups. ,Timmy goes to sleep.,1
TRUE,13156,"{""Q0"":""The cowboy handed the clown his hat""}",71609,DOC,hand2,y,The bartender handed the customer the cocktail.,The cowboy handed the clown his hat,0
TRUE,1907,"{""Q0"":""Emily handed timmy the paint""}",14790,POI,hand5,n,The swimmer handed the towel to they driver. ,Emily handed timmy the paint,0
TRUE,3604,"{""Q0"":""Timmy is brushing his teeth""}",16446,F,brush,y,The rock star is brushing his long hair. ,Timmy is brushing his teeth,0
TRUE,2478,"{""Q0"":""The doctor was handed a stethoscope""}",18539,DOI,hand3,n,The spy handed the double agent them submarine blueprints.,The doctor was handed a stethoscope,
TRUE,2216,"{""Q0"":""Timmy and emily show their project""}",10793,POI,show3,n,The builder showed the blueprints to they new client.,Timmy and emily show their project,1
TRUE,1629,"{""Q0"":""Timmy and Emily climb the tree""}",10219,F,climb,n,The baby is climbing up that steps. ,Timmy and Emily climb the tree,0
TRUE,7030,"{""Q0"":""The nurse gave medicine to the patient""}",16293,DOC,give1,y,The fashion designer gave the famous journalist the pink jacket. ,The nurse gave medicine to the patient,1
TRUE,4319,"{""Q0"":""Emily gave flowers to her teacher""}",10158,POI,give5,n,The millionaire gave the valuable painting to they struggling artist.,Emily gave flowers to her teacher,1
TRUE,3924,"{""Q0"":""Grandpa is taking a nap""}",6657,F,nap,y,The cat is napping on the windowsill. ,Grandpa is taking a nap,0
TRUE,1957,"{""Q0"":""They gave grandma a birthday surprise""}",24676,DOI,give4,n,The captain gave the old sailor they spare life jacket.,They gave grandma a birthday surprise,0
TRUE,2283,"{""Q0"":""The sailor gave the tea to the soldier""}",9583,POI,give6,n,The researcher gave the detailed results to them experienced surgeon.,The sailor gave the tea to the soldier,1
TRUE,4012,"{""Q0"":""Grandpa is washing the windows""}",12043,F,wash,y,The dog groomer is washing the golden retriever. ,Grandpa is washing the windows,0
TRUE,2733,"{""Q0"":""He was handed a guitar""}",15133,DOC,hand1,y,The teacher handed the student the certificate.,He was handed a guitar,
TRUE,4496,"{""Q0"":""He was handed a menu""}",7073,POC,hand7,y,The mean neighbor handed a nasty note to the woman next door. ,He was handed a menu,
TRUE,30866,"{""Q0"":""Emily read a book to Timmy""}",12101,F,read,y,The teacher is reading the magazine to her students. ,Emily read a book to Timmy,1
TRUE,2775,"{""Q0"":""The cop gave him a ticket""}",10078,DOI,give3,n,The disgruntled employee gave the manager them long letter.,The cop gave him a ticket,0
TRUE,117604,"{""Q0"":""Emily showed him her new dress""}",13665,POC,show4,y,The architect showed the model of the building to the architect. ,Emily showed him her new dress,0
TRUE,2145,"{""Q0"":""Emily is ironing his shirt""}",13346,F,iron,n,The man is ironing they wrinkled work shirt. ,Emily is ironing his shirt,0
TRUE,2374,"{""Q0"":""The salesman showed them the car""}",9080,DOI,show2,n,The photographer showed the editor them finished proofs.,The salesman showed them the car,0
TRUE,3360,"{""Q0"":""Timmy gave emily a card""}",15324,POC,give8,y,The travel agent gave the last ticket to the young fan.,Timmy gave emily a card,0
TRUE,2116,"{""Q0"":""Emily looked through the mirror""}",92399,F,look,n,The yellow duck is look at it lake. ,Emily looked through the mirror,0
TRUE,73351,"{""Q0"":""The lawyer showed the judge the gun""}",29333,DOC,show1,y,The happy child showed her father the coloring book.,The lawyer showed the judge the gun,0
TRUE,18894,"{""Q0"":""The maid gave the cook the cane""}",13087,POC,give7,y,The mother gave the expensive toy to the hungry toddler.,The maid gave the cook the cane,0
TRUE,1832,"{""Q0"":""She fell from the ice""}",10897,F,fall,n,The ball was falling down them ramp. ,She fell from the ice,0
TRUE,1635,"{""Q0"":""The librarian handed timmy the book""}",10464,DOI,hand4,n,The secretary handed the manager they invoice.,The librarian handed timmy the book,0
TRUE,2245,"{""Q0"":""Emily handed timmy a plate""}",13046,POI,hand6,n,The eager boyfriend handed the box of flowers to them girlfriend.  ,Emily handed timmy a plate,0
TRUE,236571,"{""Q0"":""Timmy is carrying the box""}",73595,F,carry,y,The stock boy is carrying the egg cartons. ,Timmy is carrying the box,0