resp_iscorrect,verif_rt,responses,descr_rt,P_type,T_verb,verif_ans,P_sentence,clear_responses,ispo
True,5842.0,"{""Q0"":""The people are giving their friend a cake.""}",14390.0,DOI,give4,n,The captain gave the old sailor they spare life jacket.,The people are giving their friend a cake.,0
True,3701.0,"{""Q0"":""The girl is handing a disc to the boy.""}",13675.0,POI,hand6,n,The eager boyfriend handed the box of flowers to them girlfriend.  ,The girl is handing a disc to the boy.,1
True,4575.0,"{""Q0"":""The siblings are reading outside.""}",9798.0,F,read,y,The teacher is reading the magazine to her students. ,The siblings are reading outside.,0
True,8708.0,"{""Q0"":""The nurse is giving the patient medicine. ""}",10017.0,DOC,give1,y,The fashion designer gave the famous journalist the pink jacket. ,The nurse is giving the patient medicine. ,0
False,8296.0,"{""Q0"":""The boy is giving the girl a Valentine's card.""}",12444.0,POC,give8,y,The travel agent gave the last ticket to the young fan.,The boy is giving the girl a Valentine's card.,0
True,3512.0,"{""Q0"":""The person is carrying the heavy box.""}",9156.0,F,carry,y,The stock boy is carrying the egg cartons. ,The person is carrying the heavy box.,0
True,3920.0,"{""Q0"":""The librarian handed the boy his book.""}",12568.0,DOI,hand4,n,The secretary handed the manager they invoice.,The librarian handed the boy his book.,0
True,2070.0,"{""Q0"":""The girl handed the paintbrush to her father.""}",12127.0,POI,hand5,n,The swimmer handed the towel to they driver. ,The girl handed the paintbrush to her father.,1
True,1937.0,"{""Q0"":""The woman was falling on the ice.""}",8445.0,F,fall,n,The ball was falling down them ramp. ,The woman was falling on the ice.,0
True,3342.0,"{""Q0"":""The nurse handed the doctor a stethoscope.""}",15344.0,DOI,hand3,n,The spy handed the double agent them submarine blueprints.,The nurse handed the doctor a stethoscope.,0
True,3669.0,"{""Q0"":""The girl handed the boy the next letter to hang on the wall.""}",15538.0,POC,hand8,y,The good looking bartender handed free drinks to the girls at the bar. ,The girl handed the boy the next letter to hang on the wall.,1
True,2942.0,"{""Q0"":""The girl is looking at herself in the mirror. ""}",10506.0,F,look,n,The yellow duck is look at it lake. ,The girl is looking at herself in the mirror. ,0
True,4987.0,"{""Q0"":""The lawyer is showing the judge the gun from the case. ""}",19052.0,DOC,show1,y,The happy child showed her father the coloring book.,The lawyer is showing the judge the gun from the case. ,0
True,7279.0,"{""Q0"":""The waitress handed a menu to a man sitting at the diner.""}",12335.0,POC,hand7,y,The mean neighbor handed a nasty note to the woman next door. ,The waitress handed a menu to a man sitting at the diner.,1
True,2786.0,"{""Q0"":""They are climbing up the tree.""}",7313.0,F,climb,n,The baby is climbing up that steps. ,They are climbing up the tree.,0
True,2173.0,"{""Q0"":""The cowboy handed the clown his hat at the circus.""}",15743.0,DOC,hand2,y,The bartender handed the customer the cocktail.,The cowboy handed the clown his hat at the circus.,0
True,4093.0,"{""Q0"":""The girl gave her teacher flowers for valentines day.""}",17136.0,POI,give5,n,The millionaire gave the valuable painting to they struggling artist.,The girl gave her teacher flowers for valentines day.,0
True,2375.0,"{""Q0"":""The grumpy old man is napping.""}",9743.0,F,nap,y,The cat is napping on the windowsill. ,The grumpy old man is napping.,0
True,3379.0,"{""Q0"":""The salesman is showing the couple a new car.""}",8845.0,DOI,show2,n,The photographer showed the editor them finished proofs.,The salesman is showing the couple a new car.,0
False,4792.0,"{""Q0"":""The nurse gave the cane to the angry patient.""}",10375.0,POC,give7,y,The mother gave the expensive toy to the hungry toddler.,The nurse gave the cane to the angry patient.,1
True,2138.0,"{""Q0"":""The man is washing the dirty window.""}",10497.0,F,wash,y,The dog groomer is washing the golden retriever. ,The man is washing the dirty window.,0
True,3396.0,"{""Q0"":""The police man is giving the driver a ticket.""}",9462.0,DOI,give3,n,The disgruntled employee gave the manager them long letter.,The police man is giving the driver a ticket.,0
True,5813.0,"{""Q0"":""The nurse gave the soldier the teapot.""}",13864.0,POI,give6,n,The researcher gave the detailed results to them experienced surgeon.,The nurse gave the soldier the teapot.,0
True,3477.0,"{""Q0"":""The boy is brushing his teeth.""}",12831.0,F,brush,y,The rock star is brushing his long hair. ,The boy is brushing his teeth.,0
True,5389.0,"{""Q0"":""The dad gave his daughter a birthday present.""}",10816.0,DOC,give2,y,The woman gave the new neighbor the rusty bike.,The dad gave his daughter a birthday present.,0
False,5012.0,"{""Q0"":""The salesman showed the customer a dress he should buy for his wife.""}",17712.0,POC,show4,y,The architect showed the model of the building to the architect. ,The salesman showed the customer a dress he should buy for his wife.,0
True,3111.0,"{""Q0"":""The woman is ironing her wrinkled sheets.""}",8737.0,F,iron,n,The man is ironing they wrinkled work shirt. ,The woman is ironing her wrinkled sheets.,0
True,3935.0,"{""Q0"":""The crew member handed the singer his guitar.""}",16141.0,DOC,hand1,y,The teacher handed the student the certificate.,The crew member handed the singer his guitar.,0
True,9465.0,"{""Q0"":""The children showed their teacher the drawing.""}",47928.0,POI,show3,n,The builder showed the blueprints to they new client.,The children showed their teacher the drawing.,0
True,1881.0,"{""Q0"":""The child is sleeping soundly in their bed.""}",10811.0,F,sleep,n,The mother wolf is sleeping with them pups. ,The child is sleeping soundly in their bed.,0
