resp_iscorrect,verif_rt,responses,descr_rt,P_type,T_verb,verif_ans,P_sentence,clear_responses,ispo
TRUE,3951,"{""Q0"":""the man handed the clown his hat""}",17973,DOC,hand2,y,The bartender handed the customer the cocktail.,the man handed the clown his hat,0
TRUE,4929,"{""Q0"":""the waitress handed the customer the menu""}",17350,POC,hand7,y,The mean neighbor handed a nasty note to the woman next door. ,the waitress handed the customer the menu,0
TRUE,1876,"{""Q0"":""the man is going to fall on ice""}",17747,F,fall,n,The ball was falling down them ramp. ,the man is going to fall on ice,0
TRUE,2611,"{""Q0"":""the librarian handed the kid a book""}",11510,DOI,hand4,n,The secretary handed the manager they invoice.,the librarian handed the kid a book,0
TRUE,3279,"{""Q0"":""the sailor gave the soldier a teapot""}",10414,POI,give6,n,The researcher gave the detailed results to them experienced surgeon.,the sailor gave the soldier a teapot,0
TRUE,1585,"{""Q0"":""the people are climbing up a tree""}",10198,F,climb,n,The baby is climbing up that steps. ,the people are climbing up a tree,0
TRUE,22835,"{""Q0"":""the person handed the musician his guitar""}",22020,DOC,hand1,y,The teacher handed the student the certificate.,the person handed the musician his guitar,0
TRUE,7524,"{""Q0"":""the kids showed their mom their painting""}",16254,POI,show3,n,The builder showed the blueprints to they new client.,the kids showed their mom their painting,0
TRUE,2374,"{""Q0"":""the mom is ironing a shirt""}",9052,F,iron,n,The man is ironing they wrinkled work shirt. ,the mom is ironing a shirt,0
TRUE,4099,"{""Q0"":""the man is showing the cashier a gun""}",18530,DOC,show1,y,The happy child showed her father the coloring book.,the man is showing the cashier a gun,0
TRUE,2137,"{""Q0"":""the lady is handing the man a paintbrush""}",16601,POI,hand5,n,The swimmer handed the towel to they driver. ,the lady is handing the man a paintbrush,0
TRUE,1721,"{""Q0"":""the mom is going to sleep""}",5930,F,sleep,n,The mother wolf is sleeping with them pups. ,the mom is going to sleep,0
TRUE,2671,"{""Q0"":""the officer is giving the man a ticket""}",11941,DOI,give3,n,The disgruntled employee gave the manager them long letter.,the officer is giving the man a ticket,0
TRUE,4972,"{""Q0"":""the girl is giving the man a letter""}",12362,POC,hand8,y,The good looking bartender handed free drinks to the girls at the bar. ,the girl is giving the man a letter,0
TRUE,4004,"{""Q0"":""the old man is napping in bed""}",7609,F,nap,y,The cat is napping on the windowsill. ,the old man is napping in bed,0
TRUE,5416,"{""Q0"":""the nurse handed the doctor a tool""}",14266,DOI,hand3,n,The spy handed the double agent them submarine blueprints.,the nurse handed the doctor a tool,0
TRUE,4041,"{""Q0"":""the man is giving a gift to her""}",42359,POC,give8,y,The travel agent gave the last ticket to the young fan.,the man is giving a gift to her,1
TRUE,2288,"{""Q0"":""the man is brushing his teeth""}",7722,F,brush,y,The rock star is brushing his long hair. ,the man is brushing his teeth,0
TRUE,2970,"{""Q0"":""the son and daughter give the mom cake""}",24777,DOI,give4,n,The captain gave the old sailor they spare life jacket.,the son and daughter give the mom cake,0
TRUE,6705,"{""Q0"":""the waitress gives the cane to the chef""}",18633,POC,give7,y,The mother gave the expensive toy to the hungry toddler.,the waitress gives the cane to the chef,1
TRUE,4218,"{""Q0"":""the teacher is reading to her students""}",20298,F,read,y,The teacher is reading the magazine to her students. ,the teacher is reading to her students,0
TRUE,2687,"{""Q0"":""the nurse gave the patient some food""}",11323,DOC,give1,y,The fashion designer gave the famous journalist the pink jacket. ,the nurse gave the patient some food,0
TRUE,3226,"{""Q0"":""the girlfriend handed the man his frisbee""}",16853,POI,hand6,n,The eager boyfriend handed the box of flowers to them girlfriend.  ,the girlfriend handed the man his frisbee,0
TRUE,4844,"{""Q0"":""the girl is looking in the mirror""}",59878,F,look,n,The yellow duck is look at it lake. ,the girl is looking in the mirror,0
TRUE,28867,"{""Q0"":""the salesman is showing the couple a car""}",17738,DOI,show2,n,The photographer showed the editor them finished proofs.,the salesman is showing the couple a car,0
TRUE,12243,"{""Q0"":""the woman is showing the man a shirt""}",22333,POC,show4,y,The architect showed the model of the building to the architect. ,the woman is showing the man a shirt,0
TRUE,2645,"{""Q0"":""the boy is carrying a big box""}",13420,F,carry,y,The stock boy is carrying the egg cartons. ,the boy is carrying a big box,0
TRUE,1880,"{""Q0"":""the man is giving a gift ""}",10409,DOC,give2,y,The woman gave the new neighbor the rusty bike.,the man is giving a gift ,0
TRUE,2933,"{""Q0"":""the girl is giving flowers to the woman""}",18551,POI,give5,n,The millionaire gave the valuable painting to they struggling artist.,the girl is giving flowers to the woman,1
TRUE,4619,"{""Q0"":""the man is washing a broken window""}",30248,F,wash,y,The dog groomer is washing the golden retriever. ,the man is washing a broken window,0