resp_iscorrect,verif_rt,responses,descr_rt,P_type,T_verb,verif_ans,P_sentence,clear_responses,ispo
True,7258.0,"{""Q0"":""The man is showing the judge a gun.""}",24139.0,DOC,show1,y,The happy child showed her father the coloring book.,The man is showing the judge a gun.,0
False,12302.0,"{""Q0"":""The woman is showing a man a dress.""}",22566.0,POC,show4,y,The architect showed the model of the building to the architect. ,The woman is showing a man a dress.,0
True,3112.0,"{""Q0"":""The person is falling on ice.""}",18430.0,F,fall,n,The ball was falling down them ramp. ,The person is falling on ice.,0
True,8033.0,"{""Q0"":""The doctor is giving the patient medicine.""}",37974.0,DOC,give1,y,The fashion designer gave the famous journalist the pink jacket. ,The doctor is giving the patient medicine.,0
True,4997.0,"{""Q0"":""The girl is giving flowers to her teacher.""}",33056.0,POI,give5,n,The millionaire gave the valuable painting to they struggling artist.,The girl is giving flowers to her teacher.,0
True,4287.0,"{""Q0"":""The man is napping in bed.""}",11686.0,F,nap,y,The cat is napping on the windowsill. ,The man is napping in bed.,0
True,3451.0,"{""Q0"":""The nurse is handing a doctor a stethoscope.""}",91394.0,DOI,hand3,n,The spy handed the double agent them submarine blueprints.,The nurse is handing a doctor a stethoscope.,0
True,5434.0,"{""Q0"":""The children show their picture to someone else.""}",34124.0,POI,show3,n,The builder showed the blueprints to they new client.,The children show their picture to someone else.,0
True,2974.0,"{""Q0"":""The person is sleeping in bed.""}",12238.0,F,sleep,n,The mother wolf is sleeping with them pups. ,The person is sleeping in bed.,0
True,3802.0,"{""Q0"":""The librarian is handing a child a book.""}",11898.0,DOI,hand4,n,The secretary handed the manager they invoice.,The librarian is handing a child a book.,0
True,16491.0,"{""Q0"":""The boy is giving a representation of a heart to a girl.""}",23191.0,POC,give8,y,The travel agent gave the last ticket to the young fan.,The boy is giving a representation of a heart to a girl.,1
True,3491.0,"{""Q0"":""The girl looks at herself in a mirror.""}",15651.0,F,look,n,The yellow duck is look at it lake. ,The girl looks at herself in a mirror.,0
True,2794.0,"{""Q0"":""The car salesman is showing a couple a car.""}",18487.0,DOI,show2,n,The photographer showed the editor them finished proofs.,The car salesman is showing a couple a car.,0
True,7580.0,"{""Q0"":""The maid is giving a cane to a chef.""}",12831.0,POC,give7,y,The mother gave the expensive toy to the hungry toddler.,The maid is giving a cane to a chef.,1
True,4677.0,"{""Q0"":""The boy is reading a pamphlet to a girl.""}",20335.0,F,read,y,The teacher is reading the magazine to her students. ,The boy is reading a pamphlet to a girl.,1
True,6293.0,"{""Q0"":""The man gives the girl a gift.""}",12490.0,DOC,give2,y,The woman gave the new neighbor the rusty bike.,The man gives the girl a gift.,0
True,8116.0,"{""Q0"":""The girl is giving the letter K to a boy.""}",28899.0,POC,hand8,y,The good looking bartender handed free drinks to the girls at the bar. ,The girl is giving the letter K to a boy.,1
True,12470.0,"{""Q0"":""The boy is brushing his teeth.""}",15074.0,F,brush,y,The rock star is brushing his long hair. ,The boy is brushing his teeth.,0
True,2925.0,"{""Q0"":""The police is giving the driver a ticket.""}",15456.0,DOI,give3,n,The disgruntled employee gave the manager them long letter.,The police is giving the driver a ticket.,0
True,5164.0,"{""Q0"":""The waitress is handing a menu to a customer.""}",22245.0,POC,hand7,y,The mean neighbor handed a nasty note to the woman next door. ,The waitress is handing a menu to a customer.,1
True,4670.0,"{""Q0"":""The boy is carrying a box.""}",15493.0,F,carry,y,The stock boy is carrying the egg cartons. ,The boy is carrying a box.,0
True,6615.0,"{""Q0"":""The boy is handing a guitar to the singer.""}",23194.0,DOC,hand1,y,The teacher handed the student the certificate.,The boy is handing a guitar to the singer.,1
True,8528.0,"{""Q0"":""The girl is handing a plate to the man.""}",13961.0,POI,hand6,n,The eager boyfriend handed the box of flowers to them girlfriend.  ,The girl is handing a plate to the man.,1
True,4487.0,"{""Q0"":""The man is washing a window.""}",19738.0,F,wash,y,The dog groomer is washing the golden retriever. ,The man is washing a window.,0
True,4671.0,"{""Q0"":""The man is handing a clown a hat.""}",11952.0,DOC,hand2,y,The bartender handed the customer the cocktail.,The man is handing a clown a hat.,0
True,4984.0,"{""Q0"":""The sailor is giving a teapot to a soldier.""}",12784.0,POI,give6,n,The researcher gave the detailed results to them experienced surgeon.,The sailor is giving a teapot to a soldier.,1
True,2584.0,"{""Q0"":""The woman is ironing a shirt.""}",9585.0,F,iron,n,The man is ironing they wrinkled work shirt. ,The woman is ironing a shirt.,0
True,3077.0,"{""Q0"":""The couple is giving a woman a cake.""}",16913.0,DOI,give4,n,The captain gave the old sailor they spare life jacket.,The couple is giving a woman a cake.,0
True,2991.0,"{""Q0"":""The girl is handing a paintbrush to a boy.""}",13856.0,POI,hand5,n,The swimmer handed the towel to they driver. ,The girl is handing a paintbrush to a boy.,1
True,2111.0,"{""Q0"":""The children are climbing a tree.""}",10467.0,F,climb,n,The baby is climbing up that steps. ,The children are climbing a tree.,0
