resp_iscorrect,verif_rt,responses,descr_rt,P_type,T_verb,verif_ans,P_sentence,clear_responses,ispo
TRUE,5064,"{""Q0"":""the nurse hands the doctor something""}",15285,DOI,hand3,n,The spy handed the double agent them submarine blueprints.,the nurse hands the doctor something,0
TRUE,3872,"{""Q0"":""the sailors gives the soldier a teapot""}",18100,POI,give6,n,The researcher gave the detailed results to them experienced surgeon.,the sailors gives the soldier a teapot,0
TRUE,4165,"{""Q0"":""the boy brushes his teeth before bed""}",21144,F,brush,y,The rock star is brushing his long hair. ,the boy brushes his teeth before bed,0
FALSE,6516,"{""Q0"":""the attorney shows the judge some evidence""}",48901,DOC,show1,y,The happy child showed her father the coloring book.,the attorney shows the judge some evidence,0
FALSE,8926,"{""Q0"":""the students show their teacher a picture""}",31943,POI,show3,n,The builder showed the blueprints to they new client.,the students show their teacher a picture,0
FALSE,5653,"{""Q0"":""the boy carries a large box""}",20508,F,carry,y,The stock boy is carrying the egg cartons. ,the boy carries a large box,0
TRUE,8738,"{""Q0"":""the nurse gives medicine to the patient""}",30597,DOC,give1,y,The fashion designer gave the famous journalist the pink jacket. ,the nurse gives medicine to the patient,1
FALSE,6082,"{""Q0"":""the waitress gives the chef a cane""}",11522,POC,give7,y,The mother gave the expensive toy to the hungry toddler.,the waitress gives the chef a cane,0
TRUE,3579,"{""Q0"":""a man falls on the ice""}",11030,F,fall,n,The ball was falling down them ramp. ,a man falls on the ice,0
TRUE,7699,"{""Q0"":""the father gives his daughter a gift""}",16930,DOC,give2,y,The woman gave the new neighbor the rusty bike.,the father gives his daughter a gift,0
FALSE,6012,"{""Q0"":""the boy gives a girl a valentines gift""}",20148,POC,give8,y,The travel agent gave the last ticket to the young fan.,the boy gives a girl a valentines gift,0
TRUE,2553,"{""Q0"":""the woman irons her shirt""}",9443,F,iron,n,The man is ironing they wrinkled work shirt. ,the woman irons her shirt,0
TRUE,5895,"{""Q0"":""the officer gives the man a ticket""}",30724,DOI,give3,n,The disgruntled employee gave the manager them long letter.,the officer gives the man a ticket,0
TRUE,3642,"{""Q0"":""the little girl gives flowers to her mother""}",15226,POI,give5,n,The millionaire gave the valuable painting to they struggling artist.,the little girl gives flowers to her mother,1
TRUE,1702,"{""Q0"":""the kids climb up the tree""}",12520,F,climb,n,The baby is climbing up that steps. ,the kids climb up the tree,0
TRUE,3483,"{""Q0"":""the musician is handed his guitar ""}",19405,DOC,hand1,y,The teacher handed the student the certificate.,the musician is handed his guitar ,
TRUE,15644,"{""Q0"":""the girl hands the boy the frisbee""}",32830,POI,hand6,n,The eager boyfriend handed the box of flowers to them girlfriend.  ,the girl hands the boy the frisbee,0
TRUE,4610,"{""Q0"":""the man washes the window""}",9405,F,wash,y,The dog groomer is washing the golden retriever. ,the man washes the window,0
TRUE,3865,"{""Q0"":""they give their coworker a birthday cake""}",35236,DOI,give4,n,The captain gave the old sailor they spare life jacket.,they give their coworker a birthday cake,0
TRUE,8665,"{""Q0"":""the girl hands the boy supplies""}",23786,POC,hand8,y,The good looking bartender handed free drinks to the girls at the bar. ,the girl hands the boy supplies,0
TRUE,2280,"{""Q0"":""the man is in a heavy sleep""}",13854,F,sleep,n,The mother wolf is sleeping with them pups. ,the man is in a heavy sleep,0
TRUE,3256,"{""Q0"":""the librarian hands the boy a book""}",20348,DOI,hand4,n,The secretary handed the manager they invoice.,the librarian hands the boy a book,0
TRUE,4139,"{""Q0"":""the painter is handed a paint brush""}",17406,POI,hand5,n,The swimmer handed the towel to they driver. ,the painter is handed a paint brush,0
TRUE,1841,"{""Q0"":""the old man is taking a nap""}",11034,F,nap,y,The cat is napping on the windowsill. ,the old man is taking a nap,0
TRUE,2794,"{""Q0"":""the clown is handed a hat""}",11908,DOC,hand2,y,The bartender handed the customer the cocktail.,the clown is handed a hat,1
TRUE,6837,"{""Q0"":""the waitress hands a menu to the customer""}",24758,POC,hand7,y,The mean neighbor handed a nasty note to the woman next door. ,the waitress hands a menu to the customer,1
TRUE,4254,"{""Q0"":""the reads to the girl""}",13018,F,read,y,The teacher is reading the magazine to her students. ,the reads to the girl,0
TRUE,3812,"{""Q0"":""customers are showed a new car""}",18025,DOI,show2,n,The photographer showed the editor them finished proofs.,customers are showed a new car,
TRUE,5199,"{""Q0"":""the customer is showed a dress""}",11778,POC,show4,y,The architect showed the model of the building to the architect. ,the customer is showed a dress,
TRUE,3866,"{""Q0"":""the girl looks in the mirror""}",10309,F,look,n,The yellow duck is look at it lake. ,the girl looks in the mirror,0