resp_iscorrect,verif_rt,responses,descr_rt,P_type,T_verb,verif_ans,P_sentence,clear_responses,ispo
True,2807.0,"{""Q0"":""The dealer shows them the car. ""}",19430.0,DOI,show2,n,The photographer showed the editor them finished proofs.,The dealer shows them the car. ,0
True,15558.0,"{""Q0"":""The boy gives the girl a heart.""}",13568.0,POC,give8,y,The travel agent gave the last ticket to the young fan.,The boy gives the girl a heart.,0
True,3461.0,"{""Q0"":""The person looks at the mirror. ""}",18569.0,F,look,n,The yellow duck is look at it lake. ,The person looks at the mirror. ,0
True,3036.0,"{""Q0"":""The librarian hands them a book.""}",17711.0,DOI,hand4,n,The secretary handed the manager they invoice.,The librarian hands them a book.,0
True,3757.0,"{""Q0"":""The kids show the teacher their art.""}",15760.0,POI,show3,n,The builder showed the blueprints to they new client.,The kids show the teacher their art.,0
True,5968.0,"{""Q0"":""The person is washing the window.""}",18203.0,F,wash,y,The dog groomer is washing the golden retriever. ,The person is washing the window.,0
True,6586.0,"{""Q0"":""The nurse is giving them medicine.""}",23792.0,DOC,give1,y,The fashion designer gave the famous journalist the pink jacket. ,The nurse is giving them medicine.,0
False,9641.0,"{""Q0"":""The designer shows them the dress.""}",20635.0,POC,show4,y,The architect showed the model of the building to the architect. ,The designer shows them the dress.,0
True,4169.0,"{""Q0"":""The boy reads a book to the girl.""}",66469.0,F,read,y,The teacher is reading the magazine to her students. ,The boy reads a book to the girl.,1
True,7162.0,"{""Q0"":""The man gives a gift to the girl.""}",14727.0,DOC,give2,y,The woman gave the new neighbor the rusty bike.,The man gives a gift to the girl.,1
True,4484.0,"{""Q0"":""She gives flowers to the teacher.""}",22632.0,POI,give5,n,The millionaire gave the valuable painting to they struggling artist.,She gives flowers to the teacher.,0
True,3896.0,"{""Q0"":""The boy is carrying a box.""}",13536.0,F,carry,y,The stock boy is carrying the egg cartons. ,The boy is carrying a box.,0
True,3235.0,"{""Q0"":""She gives the person a cake.""}",21258.0,DOI,give4,n,The captain gave the old sailor they spare life jacket.,She gives the person a cake.,0
False,14765.0,"{""Q0"":""She gives the cane to the chef.""}",15368.0,POC,give7,y,The mother gave the expensive toy to the hungry toddler.,She gives the cane to the chef.,1
False,4474.0,"{""Q0"":""She is falling on ice. ""}",11011.0,F,fall,n,The ball was falling down them ramp. ,She is falling on ice. ,0
True,3277.0,"{""Q0"":""The man hands the hat to the clown""}",18267.0,DOC,hand2,y,The bartender handed the customer the cocktail.,The man hands the hat to the clown,1
True,6956.0,"{""Q0"":""The girl hands the brush to the boy. ""}",22002.0,POI,hand5,n,The swimmer handed the towel to they driver. ,The girl hands the brush to the boy. ,1
True,4397.0,"{""Q0"":""The boy is brushing his teeth.""}",16472.0,F,brush,y,The rock star is brushing his long hair. ,The boy is brushing his teeth.,0
True,4902.0,"{""Q0"":""The officer gives the driver a ticket.""}",15900.0,DOI,give3,n,The disgruntled employee gave the manager them long letter.,The officer gives the driver a ticket.,0
True,9573.0,"{""Q0"":""The waitress hands the man a menu. ""}",14850.0,POC,hand7,y,The mean neighbor handed a nasty note to the woman next door. ,The waitress hands the man a menu. ,0
True,2458.0,"{""Q0"":""The boy is sleeping.""}",8210.0,F,sleep,n,The mother wolf is sleeping with them pups. ,The boy is sleeping.,0
True,9937.0,"{""Q0"":""The boy hands the singer a guitar. ""}",16553.0,DOC,hand1,y,The teacher handed the student the certificate.,The boy hands the singer a guitar. ,0
True,53940.0,"{""Q0"":""The girl hands a letter to the boy. ""}",17753.0,POC,hand8,y,The good looking bartender handed free drinks to the girls at the bar. ,The girl hands a letter to the boy. ,1
True,11393.0,"{""Q0"":""The kids are climbing the tree. ""}",11924.0,F,climb,n,The baby is climbing up that steps. ,The kids are climbing the tree. ,0
True,5746.0,"{""Q0"":""The nurse hands the doctor a stethoscope.""}",20504.0,DOI,hand3,n,The spy handed the double agent them submarine blueprints.,The nurse hands the doctor a stethoscope.,0
True,4660.0,"{""Q0"":""The sailor gives the pot to the solider.""}",16781.0,POI,give6,n,The researcher gave the detailed results to them experienced surgeon.,The sailor gives the pot to the solider.,1
True,2583.0,"{""Q0"":""The woman is ironing a shirt. ""}",11000.0,F,iron,n,The man is ironing they wrinkled work shirt. ,The woman is ironing a shirt. ,0
True,15753.0,"{""Q0"":""The person is showing the other person something.""}",36232.0,DOC,show1,y,The happy child showed her father the coloring book.,The person is showing the other person something.,0
True,3429.0,"{""Q0"":""The girls hands the disc to the boy.""}",15922.0,POI,hand6,n,The eager boyfriend handed the box of flowers to them girlfriend.  ,The girls hands the disc to the boy.,1
True,3798.0,"{""Q0"":""The man is napping in bed.""}",9864.0,F,nap,y,The cat is napping on the windowsill. ,The man is napping in bed.,0
