resp_iscorrect,verif_rt,responses,descr_rt,P_type,T_verb,verif_ans,P_sentence,clear_responses,ispo
True,3533.0,"{""Q0"":""the police gives the driver a ticket""}",8295.0,DOI,give3,n,The disgruntled employee gave the manager them long letter.,the police gives the driver a ticket,0
True,2460.0,"{""Q0"":""the student gives her teacher some flowers""}",10545.0,POI,give5,n,The millionaire gave the valuable painting to they struggling artist.,the student gives her teacher some flowers,0
True,3260.0,"{""Q0"":""the boy sleeps in a bed""}",13976.0,F,sleep,n,The mother wolf is sleeping with them pups. ,the boy sleeps in a bed,0
True,3729.0,"{""Q0"":""the boy hands the singer his guitar""}",7920.0,DOC,hand1,y,The teacher handed the student the certificate.,the boy hands the singer his guitar,0
True,4199.0,"{""Q0"":""the boy gives the girl a love letter""}",13631.0,POC,give8,y,The travel agent gave the last ticket to the young fan.,the boy gives the girl a love letter,0
True,2716.0,"{""Q0"":""an old man washes the window""}",11176.0,F,wash,y,The dog groomer is washing the golden retriever. ,an old man washes the window,0
True,2097.0,"{""Q0"":""the nurse hands the doctor his stethoscope""}",20024.0,DOI,hand3,n,The spy handed the double agent them submarine blueprints.,the nurse hands the doctor his stethoscope,0
True,2918.0,"{""Q0"":""the sailor gives the solider a teapot""}",11944.0,POI,give6,n,The researcher gave the detailed results to them experienced surgeon.,the sailor gives the solider a teapot,0
True,1571.0,"{""Q0"":""a lady holding an umbrella falls on ice""}",9650.0,F,fall,n,The ball was falling down them ramp. ,a lady holding an umbrella falls on ice,0
True,2216.0,"{""Q0"":""the librarian hands the child a book""}",7164.0,DOI,hand4,n,The secretary handed the manager they invoice.,the librarian hands the child a book,0
True,3482.0,"{""Q0"":""the maid gives the chef a cane""}",10316.0,POC,give7,y,The mother gave the expensive toy to the hungry toddler.,the maid gives the chef a cane,0
True,3716.0,"{""Q0"":""a mother reads a story to her daughter""}",15910.0,F,read,y,The teacher is reading the magazine to her students. ,a mother reads a story to her daughter,1
True,3909.0,"{""Q0"":""the dad gives his daughter a present""}",7599.0,DOC,give2,y,The woman gave the new neighbor the rusty bike.,the dad gives his daughter a present,0
True,2489.0,"{""Q0"":""the students show their teacher a drawing""}",247360.0,POI,show3,n,The builder showed the blueprints to they new client.,the students show their teacher a drawing,0
True,1585.0,"{""Q0"":""a boy and girl climb a tree""}",20134.0,F,climb,n,The baby is climbing up that steps. ,a boy and girl climb a tree,0
True,2439.0,"{""Q0"":""an attorney shows a judge the evidence""}",27937.0,DOC,show1,y,The happy child showed her father the coloring book.,an attorney shows a judge the evidence,0
True,2448.0,"{""Q0"":""the girl hands the paint brush to the boy""}",16533.0,POI,hand5,n,The swimmer handed the towel to they driver. ,the girl hands the paint brush to the boy,1
True,1366.0,"{""Q0"":""the woman irons a shirt""}",6921.0,F,iron,n,The man is ironing they wrinkled work shirt. ,the woman irons a shirt,0
True,1596.0,"{""Q0"":""two people give their coworker a cake""}",48980.0,DOI,give4,n,The captain gave the old sailor they spare life jacket.,two people give their coworker a cake,0
False,8181.0,"{""Q0"":""the woman showed the dress to the man""}",6785.0,POC,show4,y,The architect showed the model of the building to the architect. ,the woman showed the dress to the man,1
True,2878.0,"{""Q0"":""the old man naps in bed""}",5778.0,F,nap,y,The cat is napping on the windowsill. ,the old man naps in bed,0
True,1615.0,"{""Q0"":""the circusmaster handed the clown a hat""}",13623.0,DOC,hand2,y,The bartender handed the customer the cocktail.,the circusmaster handed the clown a hat,0
True,4776.0,"{""Q0"":""the girl handed the boy a letter""}",9823.0,POC,hand8,y,The good looking bartender handed free drinks to the girls at the bar. ,the girl handed the boy a letter,0
True,3209.0,"{""Q0"":""the boy carried a large box""}",6678.0,F,carry,y,The stock boy is carrying the egg cartons. ,the boy carried a large box,0
True,3230.0,"{""Q0"":""the salesman showed the car to the couple""}",9175.0,DOI,show2,n,The photographer showed the editor them finished proofs.,the salesman showed the car to the couple,1
True,1746.0,"{""Q0"":""the girl handed a hat to the boy""}",9522.0,POI,hand6,n,The eager boyfriend handed the box of flowers to them girlfriend.  ,the girl handed a hat to the boy,1
True,1725.0,"{""Q0"":""the boy brushes his teeth by the sink""}",7813.0,F,brush,y,The rock star is brushing his long hair. ,the boy brushes his teeth by the sink,0
True,3866.0,"{""Q0"":""the nurse gives the patient some food""}",8489.0,DOC,give1,y,The fashion designer gave the famous journalist the pink jacket. ,the nurse gives the patient some food,0
True,5879.0,"{""Q0"":""the waitress handed the food critic his menu""}",16020.0,POC,hand7,y,The mean neighbor handed a nasty note to the woman next door. ,the waitress handed the food critic his menu,0
True,3985.0,"{""Q0"":""the girl looks at herself in the mirror""}",7616.0,F,look,n,The yellow duck is look at it lake. ,the girl looks at herself in the mirror,0
