resp_iscorrect,verif_rt,responses,descr_rt,P_type,T_verb,verif_ans,P_sentence,clear_responses,ispo
False,10282.0,"{""Q0"":""the adult gave the child a gift""}",10852.0,DOC,give2,y,The woman gave the new neighbor the rusty bike.,the adult gave the child a gift,0
True,2565.0,"{""Q0"":""the students showed their picture to the teacher""}",12938.0,POI,show3,n,The builder showed the blueprints to they new client.,the students showed their picture to the teacher,0
True,1606.0,"{""Q0"":""the man fell on the ice""}",4908.0,F,fall,n,The ball was falling down them ramp. ,the man fell on the ice,0
True,2347.0,"{""Q0"":""the librarian handed the child a book""}",7867.0,DOI,hand4,n,The secretary handed the manager they invoice.,the librarian handed the child a book,0
True,2072.0,"{""Q0"":""the girl handed the frisbee to the boy""}",11841.0,POI,hand6,n,The eager boyfriend handed the box of flowers to them girlfriend.  ,the girl handed the frisbee to the boy,1
True,2747.0,"{""Q0"":""the man washes the window""}",6852.0,F,wash,y,The dog groomer is washing the golden retriever. ,the man washes the window,0
True,4772.0,"{""Q0"":""the nurse gave the patient items""}",10542.0,DOC,give1,y,The fashion designer gave the famous journalist the pink jacket. ,the nurse gave the patient items,0
True,3691.0,"{""Q0"":""the girl handed the letter to the boy""}",9745.0,POC,hand8,y,The good looking bartender handed free drinks to the girls at the bar. ,the girl handed the letter to the boy,1
True,1291.0,"{""Q0"":""the woman irons a sheet""}",8072.0,F,iron,n,The man is ironing they wrinkled work shirt. ,the woman irons a sheet,0
True,1811.0,"{""Q0"":""the assistant hands the artist his guitar""}",11550.0,DOC,hand1,y,The teacher handed the student the certificate.,the assistant hands the artist his guitar,0
True,2968.0,"{""Q0"":""the waitress handed the customer a menu""}",12251.0,POC,hand7,y,The mean neighbor handed a nasty note to the woman next door. ,the waitress handed the customer a menu,0
True,4232.0,"{""Q0"":""the girl looks in the mirror""}",5147.0,F,look,n,The yellow duck is look at it lake. ,the girl looks in the mirror,0
True,1941.0,"{""Q0"":""the doctor hands her stethoscope to another doctor""}",15716.0,DOI,hand3,n,The spy handed the double agent them submarine blueprints.,the doctor hands her stethoscope to another doctor,0
True,1696.0,"{""Q0"":""the sailor gives the soldier a teapot""}",7813.0,POI,give6,n,The researcher gave the detailed results to them experienced surgeon.,the sailor gives the soldier a teapot,0
True,1570.0,"{""Q0"":""the child reads to the other child""}",8419.0,F,read,y,The teacher is reading the magazine to her students. ,the child reads to the other child,0
True,1534.0,"{""Q0"":""the lawyer shows the judge a gun""}",15039.0,DOC,show1,y,The happy child showed her father the coloring book.,the lawyer shows the judge a gun,0
True,1956.0,"{""Q0"":""the child gave the teacher flowers""}",6437.0,POI,give5,n,The millionaire gave the valuable painting to they struggling artist.,the child gave the teacher flowers,0
True,1869.0,"{""Q0"":""the man is taking a nap""}",6987.0,F,nap,y,The cat is napping on the windowsill. ,the man is taking a nap,0
True,1822.0,"{""Q0"":""the police officer gave the driver a ticket""}",19223.0,DOI,give3,n,The disgruntled employee gave the manager them long letter.,the police officer gave the driver a ticket,0
False,5324.0,"{""Q0"":""the waitress gave the chef the cane""}",8186.0,POC,give7,y,The mother gave the expensive toy to the hungry toddler.,the waitress gave the chef the cane,0
True,2750.0,"{""Q0"":""a man brushes his teeth""}",7286.0,F,brush,y,The rock star is brushing his long hair. ,a man brushes his teeth,0
True,1512.0,"{""Q0"":""the salesman showed the car""}",6011.0,DOI,show2,n,The photographer showed the editor them finished proofs.,the salesman showed the car,0
True,2669.0,"{""Q0"":""the man gave a woman a valentine""}",6927.0,POC,give8,y,The travel agent gave the last ticket to the young fan.,the man gave a woman a valentine,0
True,1797.0,"{""Q0"":""the children climb the tree""}",6099.0,F,climb,n,The baby is climbing up that steps. ,the children climb the tree,0
True,2409.0,"{""Q0"":""people give another person a birthday cake""}",12721.0,DOI,give4,n,The captain gave the old sailor they spare life jacket.,people give another person a birthday cake,0
False,4918.0,"{""Q0"":""the woman shows a man a dress""}",9394.0,POC,show4,y,The architect showed the model of the building to the architect. ,the woman shows a man a dress,0
True,1754.0,"{""Q0"":""the man is sleeping""}",4443.0,F,sleep,n,The mother wolf is sleeping with them pups. ,the man is sleeping,0
True,2531.0,"{""Q0"":""the cowboy handed his hat to a clown""}",10488.0,DOC,hand2,y,The bartender handed the customer the cocktail.,the cowboy handed his hat to a clown,0
True,1591.0,"{""Q0"":""the girl hands the paintbrush to the boy""}",8535.0,POI,hand5,n,The swimmer handed the towel to they driver. ,the girl hands the paintbrush to the boy,1
True,1876.0,"{""Q0"":""a boy carries a box""}",6260.0,F,carry,y,The stock boy is carrying the egg cartons. ,a boy carries a box,0
