resp_iscorrect,verif_rt,responses,descr_rt,P_type,T_verb,verif_ans,P_sentence,clear_responses,ispo
True,3364.0,"{""Q0"":""The attorney showed the gun as evidence.""}",16782.0,DOC,show1,y,The happy child showed her father the coloring book.,The attorney showed the gun as evidence.,0
True,2626.0,"{""Q0"":""The girl gave her teacher flowers.""}",8654.0,POI,give5,n,The millionaire gave the valuable painting to they struggling artist.,The girl gave her teacher flowers.,0
True,3477.0,"{""Q0"":""The cranky man took a nap.""}",9488.0,F,nap,y,The cat is napping on the windowsill. ,The cranky man took a nap.,0
True,3156.0,"{""Q0"":""The nurse gave her patient some water.""}",12124.0,DOC,give1,y,The fashion designer gave the famous journalist the pink jacket. ,The nurse gave her patient some water.,0
True,10679.0,"{""Q0"":""The vendor showed the tourist a dress.""}",19434.0,POC,show4,y,The architect showed the model of the building to the architect. ,The vendor showed the tourist a dress.,0
True,1944.0,"{""Q0"":""The boy is sleeping.""}",6490.0,F,sleep,n,The mother wolf is sleeping with them pups. ,The boy is sleeping.,0
True,5483.0,"{""Q0"":""The salesman showed the car to the couple.""}",14978.0,DOI,show2,n,The photographer showed the editor them finished proofs.,The salesman showed the car to the couple.,1
True,3732.0,"{""Q0"":""The waitress handed the man a menu.""}",12136.0,POC,hand7,y,The mean neighbor handed a nasty note to the woman next door. ,The waitress handed the man a menu.,0
True,7862.0,"{""Q0"":""The cranky man is washing his window.""}",15052.0,F,wash,y,The dog groomer is washing the golden retriever. ,The cranky man is washing his window.,0
True,2472.0,"{""Q0"":""The woman gave her mother a birthday cake.""}",32133.0,DOI,give4,n,The captain gave the old sailor they spare life jacket.,The woman gave her mother a birthday cake.,0
True,3821.0,"{""Q0"":""The girl handed the letter to her peer.""}",15302.0,POC,hand8,y,The good looking bartender handed free drinks to the girls at the bar. ,The girl handed the letter to her peer.,1
True,2290.0,"{""Q0"":""The boy is brushing his teeth.""}",9841.0,F,brush,y,The rock star is brushing his long hair. ,The boy is brushing his teeth.,0
True,1962.0,"{""Q0"":""The librarian is handing a book to her student.""}",15154.0,DOI,hand4,n,The secretary handed the manager they invoice.,The librarian is handing a book to her student.,1
True,3852.0,"{""Q0"":""The lady gave her cane to the chef.""}",9879.0,POC,give7,y,The mother gave the expensive toy to the hungry toddler.,The lady gave her cane to the chef.,1
True,1347.0,"{""Q0"":""The woman is ironing her sweater.""}",12769.0,F,iron,n,The man is ironing they wrinkled work shirt. ,The woman is ironing her sweater.,0
True,2669.0,"{""Q0"":""The officer gave the man a ticket.""}",9339.0,DOI,give3,n,The disgruntled employee gave the manager them long letter.,The officer gave the man a ticket.,0
True,2322.0,"{""Q0"":""The girl handed the toy to her playmate""}",17810.0,POI,hand6,n,The eager boyfriend handed the box of flowers to them girlfriend.  ,The girl handed the toy to her playmate,1
True,1549.0,"{""Q0"":""The friends are climbing the tree.""}",9376.0,F,climb,n,The baby is climbing up that steps. ,The friends are climbing the tree.,0
True,2536.0,"{""Q0"":""The man gave the little girl a present.""}",13232.0,DOC,give2,y,The woman gave the new neighbor the rusty bike.,The man gave the little girl a present.,0
True,2263.0,"{""Q0"":""The girl handed the paintbrush to the lad.""}",13927.0,POI,hand5,n,The swimmer handed the towel to they driver. ,The girl handed the paintbrush to the lad.,1
True,3462.0,"{""Q0"":""The boy's carrying the box.""}",8994.0,F,carry,y,The stock boy is carrying the egg cartons. ,The boy's carrying the box.,0
True,3994.0,"{""Q0"":""The nurse handed the stethoscope to the doctor.""}",14000.0,DOI,hand3,n,The spy handed the double agent them submarine blueprints.,The nurse handed the stethoscope to the doctor.,1
True,2710.0,"{""Q0"":""The students showed their artwork to the teacher.""}",14023.0,POI,show3,n,The builder showed the blueprints to they new client.,The students showed their artwork to the teacher.,0
True,1866.0,"{""Q0"":""She slipped and fell.""}",8731.0,F,fall,n,The ball was falling down them ramp. ,She slipped and fell.,0
True,2428.0,"{""Q0"":""The man handed his hat to the clown.""}",11914.0,DOC,hand2,y,The bartender handed the customer the cocktail.,The man handed his hat to the clown.,0
True,1860.0,"{""Q0"":""The sailor gave his teapot to the soldier.""}",12886.0,POI,give6,n,The researcher gave the detailed results to them experienced surgeon.,The sailor gave his teapot to the soldier.,0
True,1988.0,"{""Q0"":""The boy's reading to a girl.""}",10838.0,F,read,y,The teacher is reading the magazine to her students. ,The boy's reading to a girl.,0
True,1755.0,"{""Q0"":""The boy's handing a guitar to the musician.""}",12293.0,DOC,hand1,y,The teacher handed the student the certificate.,The boy's handing a guitar to the musician.,1
True,2151.0,"{""Q0"":""The boy's giving the valentine to the girl.""}",13915.0,POC,give8,y,The travel agent gave the last ticket to the young fan.,The boy's giving the valentine to the girl.,1
True,1727.0,"{""Q0"":""She looked in the mirror.""}",9577.0,F,look,n,The yellow duck is look at it lake. ,She looked in the mirror.,0
