resp_iscorrect,verif_rt,responses,descr_rt,P_type,T_verb,verif_ans,P_sentence,clear_responses,ispo
TRUE,5522,"{""Q0"":""He hands the guitar to the singer.""}",45193,DOC,hand1,y,The teacher handed the student the certificate.,He hands the guitar to the singer.,1
TRUE,21885,"{""Q0"":""He gives her the card.""}",19695,POC,give8,y,The travel agent gave the last ticket to the young fan.,He gives her the card.,0
TRUE,4935,"{""Q0"":""The boy is carrying the box.""}",10147,F,carry,y,The stock boy is carrying the egg cartons. ,The boy is carrying the box.,0
TRUE,7983,"{""Q0"":""The officer is giving a ticket.""}",15517,DOI,give3,n,The disgruntled employee gave the manager them long letter.,The officer is giving a ticket.,1
TRUE,6626,"{""Q0"":""She gives the cane to the chef.""}",14206,POC,give7,y,The mother gave the expensive toy to the hungry toddler.,She gives the cane to the chef.,1
TRUE,3863,"{""Q0"":""The old man is napping.""}",13310,F,nap,y,The cat is napping on the windowsill. ,The old man is napping.,0
TRUE,4981,"{""Q0"":""They gave him a cake.""}",13108,DOI,give4,n,The captain gave the old sailor they spare life jacket.,They gave him a cake.,0
TRUE,5736,"{""Q0"":""She is handing him the plate.""}",12439,POI,hand6,n,The eager boyfriend handed the box of flowers to them girlfriend.  ,She is handing him the plate.,0
TRUE,4636,"{""Q0"":""The man brushes his teeth.""}",14532,F,brush,y,The rock star is brushing his long hair. ,The man brushes his teeth.,0
TRUE,4245,"{""Q0"":""He is showing the gun.""}",19270,DOC,show1,y,The happy child showed her father the coloring book.,He is showing the gun.,1
TRUE,9008,"{""Q0"":""She is showing him the dress.""}",16039,POC,show4,y,The architect showed the model of the building to the architect. ,She is showing him the dress.,0
TRUE,2442,"{""Q0"":""The man is falling.""}",13298,F,fall,n,The ball was falling down them ramp. ,The man is falling.,0
TRUE,8971,"{""Q0"":""He is showing them the car.""}",29170,DOI,show2,n,The photographer showed the editor them finished proofs.,He is showing them the car.,0
TRUE,7544,"{""Q0"":""She handed him a menu.""}",11297,POC,hand7,y,The mean neighbor handed a nasty note to the woman next door. ,She handed him a menu.,0
TRUE,4437,"{""Q0"":""He is washing the window.""}",9000,F,wash,y,The dog groomer is washing the golden retriever. ,He is washing the window.,0
TRUE,13400,"{""Q0"":""The nurse is giving him medicine.""}",17855,DOC,give1,y,The fashion designer gave the famous journalist the pink jacket. ,The nurse is giving him medicine.,0
TRUE,5110,"{""Q0"":""She is handing him the letter.""}",14838,POC,hand8,y,The good looking bartender handed free drinks to the girls at the bar. ,She is handing him the letter.,0
TRUE,4897,"{""Q0"":""She is looking at herself.""}",12124,F,look,n,The yellow duck is look at it lake. ,She is looking at herself.,0
TRUE,4675,"{""Q0"":""He is giving her a gift.""}",18977,DOC,give2,y,The woman gave the new neighbor the rusty bike.,He is giving her a gift.,0
TRUE,2489,"{""Q0"":""She is handing him the brush.""}",13435,POI,hand5,n,The swimmer handed the towel to they driver. ,She is handing him the brush.,0
TRUE,2240,"{""Q0"":""They are climbing the tree.""}",11534,F,climb,n,The baby is climbing up that steps. ,They are climbing the tree.,0
TRUE,3578,"{""Q0"":""The librarian handed him the book.""}",18010,DOI,hand4,n,The secretary handed the manager they invoice.,The librarian handed him the book.,0
TRUE,2686,"{""Q0"":""They are showing her the drawing.""}",28909,POI,show3,n,The builder showed the blueprints to they new client.,They are showing her the drawing.,0
TRUE,5004,"{""Q0"":""He is reading the book.""}",8644,F,read,y,The teacher is reading the magazine to her students. ,He is reading the book.,0
TRUE,9620,"{""Q0"":""He handed his hat to the clown.""}",18406,DOC,hand2,y,The bartender handed the customer the cocktail.,He handed his hat to the clown.,1
TRUE,7905,"{""Q0"":""The sailor gave the teapot.""}",13438,POI,give6,n,The researcher gave the detailed results to them experienced surgeon.,The sailor gave the teapot.,1
TRUE,2621,"{""Q0"":""He is sleeping.""}",14125,F,sleep,n,The mother wolf is sleeping with them pups. ,He is sleeping.,0
TRUE,3301,"{""Q0"":""She hands the tool to the doctor.""}",22866,DOI,hand3,n,The spy handed the double agent them submarine blueprints.,She hands the tool to the doctor.,1
TRUE,4223,"{""Q0"":""She gave the teacher flowers.""}",12314,POI,give5,n,The millionaire gave the valuable painting to they struggling artist.,She gave the teacher flowers.,0
TRUE,3129,"{""Q0"":""She irons her shirt.""}",12164,F,iron,n,The man is ironing they wrinkled work shirt. ,She irons her shirt.,0