resp_iscorrect,verif_rt,responses,descr_rt,P_type,T_verb,verif_ans,P_sentence,clear_responses,ispo
TRUE,20833,"{""Q0"":""The stethoscope is in the nurse's hand.""}",45025,DOI,hand3,n,The spy handed the double agent them submarine blueprints.,The stethoscope is in the nurse's hand.,
TRUE,3809,"{""Q0"":""The paintbrush is in the girl's right hand. ""}",60703,POI,hand5,n,The swimmer handed the towel to they driver. ,The paintbrush is in the girl's right hand. ,
TRUE,3716,"{""Q0"":""The lady is using the iron.""}",14693,F,iron,n,The man is ironing they wrinkled work shirt. ,The lady is using the iron.,0
TRUE,15618,"{""Q0"":""The Clown's hand is resting on his heart.""}",34451,DOC,hand2,y,The bartender handed the customer the cocktail.,The Clown's hand is resting on his heart.,
TRUE,4203,"{""Q0"":""The boy reaches his hand towards the plate. ""}",32440,POI,hand6,n,The eager boyfriend handed the box of flowers to them girlfriend.  ,The boy reaches his hand towards the plate. ,
TRUE,6257,"{""Q0"":""He can't carry the box for much longer. ""}",55115,F,carry,y,The stock boy is carrying the egg cartons. ,He can't carry the box for much longer. ,0
TRUE,6200,"{""Q0"":""The officer will give the man a warning. ""}",34188,DOI,give3,n,The disgruntled employee gave the manager them long letter.,The officer will give the man a warning. ,0
TRUE,17951,"{""Q0"":""The man will show the clothes to the clients.""}",104032,POC,show4,y,The architect showed the model of the building to the architect. ,The man will show the clothes to the clients.,1
TRUE,3907,"{""Q0"":""The man will sleep soundly.""}",18667,F,sleep,n,The mother wolf is sleeping with them pups. ,The man will sleep soundly.,0
TRUE,6868,"{""Q0"":""To give is the greatest feeling. ""}",25072,DOC,give2,y,The woman gave the new neighbor the rusty bike.,To give is the greatest feeling. ,
TRUE,23107,"{""Q0"":""The maid should give him the cane. ""}",45557,POC,give7,y,The mother gave the expensive toy to the hungry toddler.,The maid should give him the cane. ,0
TRUE,6880,"{""Q0"":""She takes a long look in the mirror.""}",45878,F,look,n,The yellow duck is look at it lake. ,She takes a long look in the mirror.,0
TRUE,10617,"{""Q0"":""He asked the boy to hand his guitar over. ""}",42655,DOC,hand1,y,The teacher handed the student the certificate.,He asked the boy to hand his guitar over. ,1
TRUE,4859,"{""Q0"":""They will give each other gifts. ""}",33515,POI,give6,n,The researcher gave the detailed results to them experienced surgeon.,They will give each other gifts. ,0
TRUE,10726,"{""Q0"":""The kids climb up the tree. ""}",10981,F,climb,n,The baby is climbing up that steps. ,The kids climb up the tree. ,0
TRUE,3669,"{""Q0"":""The nurses give the patients' their food. ""}",48278,DOC,give1,y,The fashion designer gave the famous journalist the pink jacket. ,The nurses give the patients' their food. ,0
FALSE,4615,"{""Q0"":""The girl will give her flowers away.""}",32594,POI,give5,n,The millionaire gave the valuable painting to they struggling artist.,The girl will give her flowers away.,1
TRUE,6078,"{""Q0"":""He needs to wash the windows today. ""}",20347,F,wash,y,The dog groomer is washing the golden retriever. ,He needs to wash the windows today. ,0
TRUE,5926,"{""Q0"":""He needs to show the defect before returning it. ""}",59556,DOC,show1,y,The happy child showed her father the coloring book.,He needs to show the defect before returning it. ,0
TRUE,4150,"{""Q0"":""The girl will hand her crush the letters. ""}",28644,POC,hand8,y,The good looking bartender handed free drinks to the girls at the bar. ,The girl will hand her crush the letters. ,0
TRUE,2885,"{""Q0"":""The old man likes to nap often. ""}",14127,F,nap,y,The cat is napping on the windowsill. ,The old man likes to nap often. ,0
TRUE,2601,"{""Q0"":""The people are at a car show. ""}",10443,DOI,show2,n,The photographer showed the editor them finished proofs.,The people are at a car show. ,
TRUE,6822,"{""Q0"":""The waitress holds a menu in her hand. ""}",22468,POC,hand7,y,The mean neighbor handed a nasty note to the woman next door. ,The waitress holds a menu in her hand. ,0
TRUE,5667,"{""Q0"":""The guy is using his tooth brush ""}",16352,F,brush,y,The rock star is brushing his long hair. ,The guy is using his tooth brush ,0
TRUE,3613,"{""Q0"":""The coworkers will give Mary a party. ""}",27846,DOI,give4,n,The captain gave the old sailor they spare life jacket.,The coworkers will give Mary a party. ,0
TRUE,7412,"{""Q0"":""They show the new student their painting. ""}",29659,POI,show3,n,The builder showed the blueprints to they new client.,They show the new student their painting. ,0
TRUE,6495,"{""Q0"":""The brothers love to read outside.""}",19153,F,read,y,The teacher is reading the magazine to her students. ,The brothers love to read outside.,0
TRUE,4932,"{""Q0"":""The librarian will hand the boy a book. ""}",39603,DOI,hand4,n,The secretary handed the manager they invoice.,The librarian will hand the boy a book. ,0
TRUE,14077,"{""Q0"":""He wants to give his Valentine to his crush. ""}",25898,POC,give8,y,The travel agent gave the last ticket to the young fan.,He wants to give his Valentine to his crush. ,1
TRUE,2759,"{""Q0"":""He had a very hard fall on the ice. ""}",33071,F,fall,n,The ball was falling down them ramp. ,He had a very hard fall on the ice. ,0