resp_iscorrect,verif_rt,responses,descr_rt,P_type,T_verb,verif_ans,P_sentence,clear_responses,ispo
TRUE,5977,"{""Q0"":""The boy hands the singer his guitar.""}",19488,DOC,hand1,y,The teacher handed the student the certificate.,The boy hands the singer his guitar.,0
TRUE,3878,"{""Q0"":""The woman is handing the frisbee to the man.""}",20670,POI,hand6,n,The eager boyfriend handed the box of flowers to them girlfriend.  ,The woman is handing the frisbee to the man.,1
TRUE,3731,"{""Q0"":""The man washes the broken window.""}",13135,F,wash,y,The dog groomer is washing the golden retriever. ,The man washes the broken window.,0
TRUE,5399,"{""Q0"":""The woman hands the doctor his stethoscope.""}",31126,DOI,hand3,n,The spy handed the double agent them submarine blueprints.,The woman hands the doctor his stethoscope.,0
TRUE,2887,"{""Q0"":""The little girl gave her flowers to the woman.""}",14298,POI,give5,n,The millionaire gave the valuable painting to they struggling artist.,The little girl gave her flowers to the woman.,1
TRUE,3955,"{""Q0"":""The person is reading the book to the girl.""}",18387,F,read,y,The teacher is reading the magazine to her students. ,The person is reading the book to the girl.,1
TRUE,7853,"{""Q0"":""The people gave the man his birthday cake.""}",19681,DOI,give4,n,The captain gave the old sailor they spare life jacket.,The people gave the man his birthday cake.,0
TRUE,7476,"{""Q0"":""The boy gave the Valentine to the girl.""}",18793,POC,give8,y,The travel agent gave the last ticket to the young fan.,The boy gave the Valentine to the girl.,1
TRUE,3904,"{""Q0"":""The little boy carries the box.""}",10135,F,carry,y,The stock boy is carrying the egg cartons. ,The little boy carries the box.,0
TRUE,4356,"{""Q0"":""The man shows the judge the gun.""}",18410,DOC,show1,y,The happy child showed her father the coloring book.,The man shows the judge the gun.,0
TRUE,6127,"{""Q0"":""The sailor gave the military man the teapot.""}",24170,POI,give6,n,The researcher gave the detailed results to them experienced surgeon.,The sailor gave the military man the teapot.,0
TRUE,1809,"{""Q0"":""The kids climbed up the tree.""}",11018,F,climb,n,The baby is climbing up that steps. ,The kids climbed up the tree.,0
TRUE,2419,"{""Q0"":""The librarian handed the boy the book.""}",17080,DOI,hand4,n,The secretary handed the manager they invoice.,The librarian handed the boy the book.,0
TRUE,3156,"{""Q0"":""The girl handed the paintbrush to the painter.""}",13085,POI,hand5,n,The swimmer handed the towel to they driver. ,The girl handed the paintbrush to the painter.,1
TRUE,2880,"{""Q0"":""The person fell on the ice with the umbrella.""}",13046,F,fall,n,The ball was falling down them ramp. ,The person fell on the ice with the umbrella.,0
TRUE,3085,"{""Q0"":""The man handed the clown a hat.""}",10358,DOC,hand2,y,The bartender handed the customer the cocktail.,The man handed the clown a hat.,0
TRUE,4161,"{""Q0"":""The person showed the dress to the man.""}",13752,POC,show4,y,The architect showed the model of the building to the architect. ,The person showed the dress to the man.,1
TRUE,4472,"{""Q0"":""The little boy sleeps in his bed.""}",11265,F,sleep,n,The mother wolf is sleeping with them pups. ,The little boy sleeps in his bed.,0
TRUE,3035,"{""Q0"":""The driver gave the policeman his ID.""}",30283,DOI,give3,n,The disgruntled employee gave the manager them long letter.,The driver gave the policeman his ID.,0
TRUE,6520,"{""Q0"":""The waitress gave the cook the cane.""}",15312,POC,give7,y,The mother gave the expensive toy to the hungry toddler.,The waitress gave the cook the cane.,0
TRUE,6221,"{""Q0"":""The girl is looking at herself in the mirror.""}",14020,F,look,n,The yellow duck is look at it lake. ,The girl is looking at herself in the mirror.,0
TRUE,4149,"{""Q0"":""The man is showing cars to the couple.""}",11267,DOI,show2,n,The photographer showed the editor them finished proofs.,The man is showing cars to the couple.,1
TRUE,4668,"{""Q0"":""The waitress handed the menu to the customer.""}",18223,POC,hand7,y,The mean neighbor handed a nasty note to the woman next door. ,The waitress handed the menu to the customer.,1
TRUE,4060,"{""Q0"":""The old man is napping in the bed.""}",57592,F,nap,y,The cat is napping on the windowsill. ,The old man is napping in the bed.,0
TRUE,60478,"{""Q0"":""The nurse gave the patient his food.""}",24039,DOC,give1,y,The fashion designer gave the famous journalist the pink jacket. ,The nurse gave the patient his food.,0
TRUE,17701,"{""Q0"":""The kid hands the letter to the other kid.""}",197370,POC,hand8,y,The good looking bartender handed free drinks to the girls at the bar. ,The kid hands the letter to the other kid.,1
TRUE,4046,"{""Q0"":""The woman irons her clothing.""}",9753,F,iron,n,The man is ironing they wrinkled work shirt. ,The woman irons her clothing.,0
TRUE,3727,"{""Q0"":""The man gave the little kid a gift.""}",15806,DOC,give2,y,The woman gave the new neighbor the rusty bike.,The man gave the little kid a gift.,0
TRUE,2485,"{""Q0"":""The children showed their drawing to the teacher.""}",20211,POI,show3,n,The builder showed the blueprints to they new client.,The children showed their drawing to the teacher.,1
TRUE,4312,"{""Q0"":""The boy is brushing his teeth.""}",20011,F,brush,y,The rock star is brushing his long hair. ,The boy is brushing his teeth.,0