resp_iscorrect,verif_rt,responses,descr_rt,P_type,T_verb,verif_ans,P_sentence,clear_responses,ispo
FALSE,6369,"{""Q0"":""He give the present to her.""}",33967,DOC,give2,y,The woman gave the new neighbor the rusty bike.,He give the present to her.,1
FALSE,6889,"{""Q0"":""He give his heart to her.""}",12200,POC,give8,y,The travel agent gave the last ticket to the young fan.,He give his heart to her.,1
TRUE,2748,"{""Q0"":""His fall was due to the ice on the floor.""}",23551,F,fall,n,The ball was falling down them ramp. ,His fall was due to the ice on the floor.,0
TRUE,5827,"{""Q0"":""He show his evidence.""}",23327,DOC,show1,y,The happy child showed her father the coloring book.,He show his evidence.,0
TRUE,3972,"{""Q0"":""She hand him the letter K.""}",20181,POC,hand8,y,The good looking bartender handed free drinks to the girls at the bar. ,She hand him the letter K.,0
TRUE,3215,"{""Q0"":""He carries a big box.""}",15188,F,carry,y,The stock boy is carrying the egg cartons. ,He carries a big box.,0
FALSE,4542,"{""Q0"":""She give him medication.""}",12632,DOC,give1,y,The fashion designer gave the famous journalist the pink jacket. ,She give him medication.,0
TRUE,5306,"{""Q0"":""The sailor give the solder a pot of tea.""}",24984,POI,give6,n,The researcher gave the detailed results to them experienced surgeon.,The sailor give the solder a pot of tea.,0
FALSE,6785,"{""Q0"":""He brush his teeth.""}",9078,F,brush,y,The rock star is brushing his long hair. ,He brush his teeth.,0
TRUE,2986,"{""Q0"":""The police give him a ticket.""}",30156,DOI,give3,n,The disgruntled employee gave the manager them long letter.,The police give him a ticket.,0
TRUE,6692,"{""Q0"":""She show her dress.""}",9478,POC,show4,y,The architect showed the model of the building to the architect. ,She show her dress.,0
TRUE,4213,"{""Q0"":""He is sleeping.""}",18487,F,sleep,n,The mother wolf is sleeping with them pups. ,He is sleeping.,0
TRUE,3508,"{""Q0"":""She hand him books.""}",14627,DOI,hand4,n,The secretary handed the manager they invoice.,She hand him books.,0
TRUE,459277,"{""Q0"":""She hand him a menu.""}",18323,POC,hand7,y,The mean neighbor handed a nasty note to the woman next door. ,She hand him a menu.,0
TRUE,4873,"{""Q0"":""She look at the mirror.""}",16883,F,look,n,The yellow duck is look at it lake. ,She look at the mirror.,0
TRUE,4106,"{""Q0"":""He hand him the guitar.""}",21515,DOC,hand1,y,The teacher handed the student the certificate.,He hand him the guitar.,0
FALSE,6121,"{""Q0"":""She give him the cane.""}",19688,POC,give7,y,The mother gave the expensive toy to the hungry toddler.,She give him the cane.,0
TRUE,7280,"{""Q0"":""He wash the window.""}",17014,F,wash,y,The dog groomer is washing the golden retriever. ,He wash the window.,0
TRUE,2817,"{""Q0"":""They show their car.""}",14180,DOI,show2,n,The photographer showed the editor them finished proofs.,They show their car.,0
TRUE,9786,"{""Q0"":""She give her flowers.""}",9595,POI,give5,n,The millionaire gave the valuable painting to they struggling artist.,She give her flowers.,0
TRUE,3280,"{""Q0"":""she iron.""}",6645,F,iron,n,The man is ironing they wrinkled work shirt. ,she iron.,0
TRUE,4453,"{""Q0"":""they give him a cake.""}",10860,DOI,give4,n,The captain gave the old sailor they spare life jacket.,they give him a cake.,0
TRUE,2319,"{""Q0"":""She hand him the brush.""}",17069,POI,hand5,n,The swimmer handed the towel to they driver. ,She hand him the brush.,0
TRUE,4182,"{""Q0"":""She read.""}",6833,F,read,y,The teacher is reading the magazine to her students. ,She read.,0
TRUE,4881,"{""Q0"":""She hand him an item.""}",20873,DOI,hand3,n,The spy handed the double agent them submarine blueprints.,She hand him an item.,0
TRUE,6239,"{""Q0"":""She hand him something.""}",24291,POI,hand6,n,The eager boyfriend handed the box of flowers to them girlfriend.  ,She hand him something.,0
TRUE,2703805,"{""Q0"":""he is taking a nap""}",9302,F,nap,y,The cat is napping on the windowsill. ,he is taking a nap,0
FALSE,3401,"{""Q0"":""he hand him a hat""}",9383,DOC,hand2,y,The bartender handed the customer the cocktail.,he hand him a hat,0
TRUE,3792,"{""Q0"":""they show their art""}",9907,POI,show3,n,The builder showed the blueprints to they new client.,they show their art,0
TRUE,2243,"{""Q0"":""they climb""}",9103,F,climb,n,The baby is climbing up that steps. ,they climb,0