resp_iscorrect,verif_rt,responses,descr_rt,P_type,T_verb,verif_ans,P_sentence,clear_responses,ispo
True,7205.0,"{""Q0"":""police issues driver a ticket""}",22140.0,DOI,give3,n,The disgruntled employee gave the manager them long letter.,police issues driver a ticket,0
False,9324.0,"{""Q0"":""waitress gives can to chef""}",12782.0,POC,give7,y,The mother gave the expensive toy to the hungry toddler.,waitress gives can to chef,0
False,3246.0,"{""Q0"":""falling man didn't see 'caution ice' sign""}",25792.0,F,fall,n,The ball was falling down them ramp. ,falling man didn't see 'caution ice' sign,0
True,7573.0,"{""Q0"":""man hands clown a hat""}",20467.0,DOC,hand2,y,The bartender handed the customer the cocktail.,man hands clown a hat,0
True,4340.0,"{""Q0"":""girl hands boy a Frisbee""}",35887.0,POI,hand6,n,The eager boyfriend handed the box of flowers to them girlfriend.  ,girl hands boy a Frisbee,0
True,8500.0,"{""Q0"":""man brushes teeth""}",9275.0,F,brush,y,The rock star is brushing his long hair. ,man brushes teeth,0
True,2982.0,"{""Q0"":""nurse hands doctor the stethoscope ""}",43103.0,DOI,hand3,n,The spy handed the double agent them submarine blueprints.,nurse hands doctor the stethoscope ,0
True,5382.0,"{""Q0"":""waitress hands man the menu""}",42557.0,POC,hand7,y,The mean neighbor handed a nasty note to the woman next door. ,waitress hands man the menu,0
True,2469.0,"{""Q0"":""children climb tree""}",11031.0,F,climb,n,The baby is climbing up that steps. ,children climb tree,0
True,4360.0,"{""Q0"":""nurse gives man a cup""}",35047.0,DOC,give1,y,The fashion designer gave the famous journalist the pink jacket. ,nurse gives man a cup,0
True,4162.0,"{""Q0"":""sailor gives solider tea""}",12256.0,POI,give6,n,The researcher gave the detailed results to them experienced surgeon.,sailor gives solider tea,0
True,3205.0,"{""Q0"":""boy carries box""}",17574.0,F,carry,y,The stock boy is carrying the egg cartons. ,boy carries box,0
True,5577.0,"{""Q0"":""lawyer shows judge the gun""}",32294.0,DOC,show1,y,The happy child showed her father the coloring book.,lawyer shows judge the gun,0
True,3594.0,"{""Q0"":""students show teacher a drawing""}",22519.0,POI,show3,n,The builder showed the blueprints to they new client.,students show teacher a drawing,0
True,4735.0,"{""Q0"":""girl looks in mirror""}",11309.0,F,look,n,The yellow duck is look at it lake. ,girl looks in mirror,0
True,2956.0,"{""Q0"":""salesman shows couple a car""}",26789.0,DOI,show2,n,The photographer showed the editor them finished proofs.,salesman shows couple a car,0
True,3917.0,"{""Q0"":""student gives teacher flowers""}",17624.0,POI,give5,n,The millionaire gave the valuable painting to they struggling artist.,student gives teacher flowers,0
True,2456.0,"{""Q0"":""old man naps""}",8471.0,F,nap,y,The cat is napping on the windowsill. ,old man naps,0
True,9102.0,"{""Q0"":""man hands guitar to other man""}",23995.0,DOC,hand1,y,The teacher handed the student the certificate.,man hands guitar to other man,1
True,2474.0,"{""Q0"":""girl hands boy paint brush""}",30141.0,POI,hand5,n,The swimmer handed the towel to they driver. ,girl hands boy paint brush,0
True,2608.0,"{""Q0"":""boy sleeps in bed""}",8171.0,F,sleep,n,The mother wolf is sleeping with them pups. ,boy sleeps in bed,0
True,2879.0,"{""Q0"":""siblings give mom cake""}",60738.0,DOI,give4,n,The captain gave the old sailor they spare life jacket.,siblings give mom cake,0
True,4028.0,"{""Q0"":""girl hands boy chalk ""}",24278.0,POC,hand8,y,The good looking bartender handed free drinks to the girls at the bar. ,girl hands boy chalk ,0
True,2318.0,"{""Q0"":""woman irons shirt""}",16262.0,F,iron,n,The man is ironing they wrinkled work shirt. ,woman irons shirt,0
True,2519.0,"{""Q0"":""librarian give book to child""}",14885.0,DOI,hand4,n,The secretary handed the manager they invoice.,librarian give book to child,0
True,3476.0,"{""Q0"":""girl shows man dress""}",10383.0,POC,show4,y,The architect showed the model of the building to the architect. ,girl shows man dress,0
True,5860.0,"{""Q0"":""girl reads to boy""}",17149.0,F,read,y,The teacher is reading the magazine to her students. ,girl reads to boy,0
True,6590.0,"{""Q0"":""dad gives daughter present""}",11420.0,DOC,give2,y,The woman gave the new neighbor the rusty bike.,dad gives daughter present,0
True,2948.0,"{""Q0"":""boy gives girl valentines gift""}",23647.0,POC,give8,y,The travel agent gave the last ticket to the young fan.,boy gives girl valentines gift,0
True,4777.0,"{""Q0"":""old man washes window ""}",18973.0,F,wash,y,The dog groomer is washing the golden retriever. ,old man washes window ,0
