resp_iscorrect,verif_rt,responses,descr_rt,P_type,T_verb,verif_ans,P_sentence,clear_responses,ispo
TRUE,4862,"{""Q0"":""The man is giving the child a gift.""}",13980,DOC,give2,y,The woman gave the new neighbor the rusty bike.,The man is giving the child a gift.,0
TRUE,4772,"{""Q0"":""He hands her the letter.""}",12163,POC,hand8,y,The good looking bartender handed free drinks to the girls at the bar. ,He hands her the letter.,0
TRUE,2398,"{""Q0"":""She looks in the mirror.""}",6840,F,look,n,The yellow duck is look at it lake. ,She looks in the mirror.,0
TRUE,2365,"{""Q0"":""The couple gave her a cake.""}",13945,DOI,give4,n,The captain gave the old sailor they spare life jacket.,The couple gave her a cake.,0
FALSE,3665,"{""Q0"":""The waitress gave him his cane.""}",11087,POC,give7,y,The mother gave the expensive toy to the hungry toddler.,The waitress gave him his cane.,0
TRUE,4061,"{""Q0"":""He is washing the window.""}",8393,F,wash,y,The dog groomer is washing the golden retriever. ,He is washing the window.,0
TRUE,2269,"{""Q0"":""He shows her the object.""}",10313,DOC,show1,y,The happy child showed her father the coloring book.,He shows her the object.,0
TRUE,2361,"{""Q0"":""They put on a show for the teacher.""}",14744,POI,show3,n,The builder showed the blueprints to they new client.,They put on a show for the teacher.,
TRUE,3275,"{""Q0"":""He carries a big box.""}",6329,F,carry,y,The stock boy is carrying the egg cartons. ,He carries a big box.,0
TRUE,2794,"{""Q0"":""She hands him the stethoscope.""}",12288,DOI,hand3,n,The spy handed the double agent them submarine blueprints.,She hands him the stethoscope.,0
TRUE,6467,"{""Q0"":""He shows his dad his outfit.""}",26705,POC,show4,y,The architect showed the model of the building to the architect. ,He shows his dad his outfit.,0
TRUE,2311,"{""Q0"":""He is sleeping in his bed.""}",8921,F,sleep,n,The mother wolf is sleeping with them pups. ,He is sleeping in his bed.,0
TRUE,3180,"{""Q0"":""The officers gives the distracted driver a ticket.""}",14614,DOI,give3,n,The disgruntled employee gave the manager them long letter.,The officers gives the distracted driver a ticket.,0
TRUE,2600,"{""Q0"":""The waitress hands them a menu.""}",10610,POC,hand7,y,The mean neighbor handed a nasty note to the woman next door. ,The waitress hands them a menu.,0
TRUE,4169,"{""Q0"":""She reads her daughter a book.""}",11820,F,read,y,The teacher is reading the magazine to her students. ,She reads her daughter a book.,0
TRUE,4124,"{""Q0"":""The worker hands him his guitar.""}",13685,DOC,hand1,y,The teacher handed the student the certificate.,The worker hands him his guitar.,0
FALSE,4290,"{""Q0"":""She gives her teacher some flowers.""}",10512,POI,give5,n,The millionaire gave the valuable painting to they struggling artist.,She gives her teacher some flowers.,0
TRUE,1895,"{""Q0"":""They climb the trees.""}",8788,F,climb,n,The baby is climbing up that steps. ,They climb the trees.,0
TRUE,3214,"{""Q0"":""The nurse gives the patient his medicine.""}",13260,DOC,give1,y,The fashion designer gave the famous journalist the pink jacket. ,The nurse gives the patient his medicine.,0
TRUE,4810,"{""Q0"":""She hands him the plate.""}",8644,POI,hand6,n,The eager boyfriend handed the box of flowers to them girlfriend.  ,She hands him the plate.,0
TRUE,2448,"{""Q0"":""He is taking a nap.""}",6494,F,nap,y,The cat is napping on the windowsill. ,He is taking a nap.,0
TRUE,2002,"{""Q0"":""The librarian hands him the book.""}",11114,DOI,hand4,n,The secretary handed the manager they invoice.,The librarian hands him the book.,0
TRUE,2212,"{""Q0"":""The sailor gives the man the teapot.""}",16092,POI,give6,n,The researcher gave the detailed results to them experienced surgeon.,The sailor gives the man the teapot.,0
TRUE,1881,"{""Q0"":""He fails on the slippery ice.""}",13673,F,fall,n,The ball was falling down them ramp. ,He fails on the slippery ice.,0
TRUE,2405,"{""Q0"":""He hands the clown a hat.""}",12247,DOC,hand2,y,The bartender handed the customer the cocktail.,He hands the clown a hat.,0
TRUE,3065,"{""Q0"":""He gives her a heart.""}",11640,POC,give8,y,The travel agent gave the last ticket to the young fan.,He gives her a heart.,0
TRUE,3051,"{""Q0"":""He brushes his teeth.""}",5471,F,brush,y,The rock star is brushing his long hair. ,He brushes his teeth.,0
TRUE,2875,"{""Q0"":""The salesman showed the couple the new car.""}",12504,DOI,show2,n,The photographer showed the editor them finished proofs.,The salesman showed the couple the new car.,0
TRUE,2618,"{""Q0"":""She hands him the paintbrush.""}",8995,POI,hand5,n,The swimmer handed the towel to they driver. ,She hands him the paintbrush.,0
TRUE,2640,"{""Q0"":""She irons her shirt.""}",6742,F,iron,n,The man is ironing they wrinkled work shirt. ,She irons her shirt.,0