resp_iscorrect,verif_rt,responses,descr_rt,P_type,T_verb,verif_ans,P_sentence,clear_responses,ispo
True,11491.0,"{""Q0"":""The man gave the child a present. ""}",15108.0,DOC,give2,y,The woman gave the new neighbor the rusty bike.,The man gave the child a present. ,0
False,9691.0,"{""Q0"":""The women is giving a cane to the man. ""}",36123.0,POC,give7,y,The mother gave the expensive toy to the hungry toddler.,The women is giving a cane to the man. ,1
True,2630.0,"{""Q0"":""The girl is looking in a mirror. ""}",16136.0,F,look,n,The yellow duck is look at it lake. ,The girl is looking in a mirror. ,0
True,7054.0,"{""Q0"":""The man is handing the clown a hat. ""}",17583.0,DOC,hand2,y,The bartender handed the customer the cocktail.,The man is handing the clown a hat. ,0
True,6000.0,"{""Q0"":""The waitress is handing the man a menu. ""}",16694.0,POC,hand7,y,The mean neighbor handed a nasty note to the woman next door. ,The waitress is handing the man a menu. ,0
True,6711.0,"{""Q0"":""The man is washing the window. ""}",13166.0,F,wash,y,The dog groomer is washing the golden retriever. ,The man is washing the window. ,0
True,4156.0,"{""Q0"":""The librarian is handing the child a book""}",15098.0,DOI,hand4,n,The secretary handed the manager they invoice.,The librarian is handing the child a book,0
False,8356.0,"{""Q0"":""A women is showing a dress to the man""}",19324.0,POC,show4,y,The architect showed the model of the building to the architect. ,A women is showing a dress to the man,1
False,4057.0,"{""Q0"":""The person is falling on ice. ""}",20324.0,F,fall,n,The ball was falling down them ramp. ,The person is falling on ice. ,0
True,10642.0,"{""Q0"":""The doctor is giving the patient food. ""}",14221.0,DOC,give1,y,The fashion designer gave the famous journalist the pink jacket. ,The doctor is giving the patient food. ,0
True,4199.0,"{""Q0"":""The student is giving the teacher some flowers. ""}",26366.0,POI,give5,n,The millionaire gave the valuable painting to they struggling artist.,The student is giving the teacher some flowers. ,0
True,2882.0,"{""Q0"":""The people are climbing up the tree. ""}",8221.0,F,climb,n,The baby is climbing up that steps. ,The people are climbing up the tree. ,0
True,3714.0,"{""Q0"":""The nurse is handing the doctor the equipment. ""}",166702.0,DOI,hand3,n,The spy handed the double agent them submarine blueprints.,The nurse is handing the doctor the equipment. ,0
True,3877.0,"{""Q0"":""The girl is handing a frisbee to the boy. ""}",17945.0,POI,hand6,n,The eager boyfriend handed the box of flowers to them girlfriend.  ,The girl is handing a frisbee to the boy. ,1
True,2954.0,"{""Q0"":""The man is brushing his teeth. ""}",7772.0,F,brush,y,The rock star is brushing his long hair. ,The man is brushing his teeth. ,0
True,4716.0,"{""Q0"":""The customer is showing the retailer a screwdriver. ""}",24458.0,DOC,show1,y,The happy child showed her father the coloring book.,The customer is showing the retailer a screwdriver. ,0
True,3578.0,"{""Q0"":""The girl is handing the painter a paintbrush. ""}",22819.0,POI,hand5,n,The swimmer handed the towel to they driver. ,The girl is handing the painter a paintbrush. ,0
True,2116.0,"{""Q0"":""The lady is ironing a clothe. ""}",18107.0,F,iron,n,The man is ironing they wrinkled work shirt. ,The lady is ironing a clothe. ,0
True,2480.0,"{""Q0"":""The adults are giving the senior a birthday cake. ""}",37014.0,DOI,give4,n,The captain gave the old sailor they spare life jacket.,The adults are giving the senior a birthday cake. ,0
True,9143.0,"{""Q0"":""The girl is handing letters to the boy. ""}",20319.0,POC,hand8,y,The good looking bartender handed free drinks to the girls at the bar. ,The girl is handing letters to the boy. ,0
True,3135.0,"{""Q0"":""The boy is carrying a box. ""}",8096.0,F,carry,y,The stock boy is carrying the egg cartons. ,The boy is carrying a box. ,0
True,3104.0,"{""Q0"":""The lady is handing the singer a guitar. ""}",14614.0,DOC,hand1,y,The teacher handed the student the certificate.,The lady is handing the singer a guitar. ,0
True,2899.0,"{""Q0"":""The sailor is giving the teapot to the farmer. ""}",11915.0,POI,give6,n,The researcher gave the detailed results to them experienced surgeon.,The sailor is giving the teapot to the farmer. ,1
True,2027.0,"{""Q0"":""The person is sleeping in a bed. ""}",9708.0,F,sleep,n,The mother wolf is sleeping with them pups. ,The person is sleeping in a bed. ,0
True,3651.0,"{""Q0"":""The salesperson is showing the couple a car. ""}",27523.0,DOI,show2,n,The photographer showed the editor them finished proofs.,The salesperson is showing the couple a car. ,0
True,3361.0,"{""Q0"":""The students are showing a drawing to the teacher. ""}",18917.0,POI,show3,n,The builder showed the blueprints to they new client.,The students are showing a drawing to the teacher. ,1
True,5693.0,"{""Q0"":""The boy is reading to the girl. ""}",8407.0,F,read,y,The teacher is reading the magazine to her students. ,The boy is reading to the girl. ,0
True,2744.0,"{""Q0"":""The police is giving the driver a form. ""}",31239.0,DOI,give3,n,The disgruntled employee gave the manager them long letter.,The police is giving the driver a form. ,0
True,4654.0,"{""Q0"":""The boy is giving a heart to the girl. ""}",17224.0,POC,give8,y,The travel agent gave the last ticket to the young fan.,The boy is giving a heart to the girl. ,1
True,6681.0,"{""Q0"":""The person is napping in a bed. ""}",14221.0,F,nap,y,The cat is napping on the windowsill. ,The person is napping in a bed. ,0
