resp_iscorrect,verif_rt,responses,descr_rt,P_type,T_verb,verif_ans,P_sentence,clear_responses,ispo
TRUE,6667,"{""Q0"":""The salesman is showing them the car.""}",27338,DOI,show2,n,The photographer showed the editor them finished proofs.,The salesman is showing them the car.,0
TRUE,5983,"{""Q0"":""The sailor gives the teapot to the man.""}",18350,POI,give6,n,The researcher gave the detailed results to them experienced surgeon.,The sailor gives the teapot to the man.,1
TRUE,2566,"{""Q0"":""She is ironning her shirt.""}",12729,F,iron,n,The man is ironing they wrinkled work shirt. ,She is ironning her shirt.,0
TRUE,6563,"{""Q0"":""He hands the clown the hat.""}",13314,DOC,hand2,y,The bartender handed the customer the cocktail.,He hands the clown the hat.,0
TRUE,7574,"{""Q0"":""The waitress gives the cane to the chef.""}",26528,POC,give7,y,The mother gave the expensive toy to the hungry toddler.,The waitress gives the cane to the chef.,1
TRUE,5346,"{""Q0"":""He is carrying the box.""}",11482,F,carry,y,The stock boy is carrying the egg cartons. ,He is carrying the box.,0
TRUE,3847,"{""Q0"":""She handed the book to the boy.""}",15492,DOI,hand4,n,The secretary handed the manager they invoice.,She handed the book to the boy.,1
TRUE,9058,"{""Q0"":""She handed him the menu.""}",10977,POC,hand7,y,The mean neighbor handed a nasty note to the woman next door. ,She handed him the menu.,0
TRUE,7098,"{""Q0"":""She looked at herself in the mirror.""}",13374,F,look,n,The yellow duck is look at it lake. ,She looked at herself in the mirror.,0
TRUE,5059,"{""Q0"":""He gave the ticket to the driver.""}",17285,DOI,give3,n,The disgruntled employee gave the manager them long letter.,He gave the ticket to the driver.,1
TRUE,5149,"{""Q0"":""She gave her flowers.""}",9427,POI,give5,n,The millionaire gave the valuable painting to they struggling artist.,She gave her flowers.,0
TRUE,4040,"{""Q0"":""He brushed his teeth.""}",8473,F,brush,y,The rock star is brushing his long hair. ,He brushed his teeth.,0
TRUE,5789,"{""Q0"":""He handed the singer the guitar.""}",16470,DOC,hand1,y,The teacher handed the student the certificate.,He handed the singer the guitar.,0
TRUE,9290,"{""Q0"":""They are giving a valentine to their girlfriend.""}",26339,POC,give8,y,The travel agent gave the last ticket to the young fan.,They are giving a valentine to their girlfriend.,1
TRUE,3953,"{""Q0"":""He's washing the window.""}",10476,F,wash,y,The dog groomer is washing the golden retriever. ,He's washing the window.,0
TRUE,7612,"{""Q0"":""He handed it to the doctor.""}",12355,DOI,hand3,n,The spy handed the double agent them submarine blueprints.,He handed it to the doctor.,1
TRUE,7845,"{""Q0"":""They handed them the chalk""}",15002,POC,hand8,y,The good looking bartender handed free drinks to the girls at the bar. ,They handed them the chalk,0
TRUE,6890,"{""Q0"":""He reads the book to her.""}",10216,F,read,y,The teacher is reading the magazine to her students. ,He reads the book to her.,1
TRUE,7544,"{""Q0"":""They give her a birthday cake.""}",21299,DOI,give4,n,The captain gave the old sailor they spare life jacket.,They give her a birthday cake.,0
TRUE,3105,"{""Q0"":""She hands him the paintbrush.""}",12002,POI,hand5,n,The swimmer handed the towel to they driver. ,She hands him the paintbrush.,0
TRUE,2866,"{""Q0"":""He sleeps in the bed.""}",9407,F,sleep,n,The mother wolf is sleeping with them pups. ,He sleeps in the bed.,0
TRUE,6687,"{""Q0"":""He gives her the present.""}",10609,DOC,give2,y,The woman gave the new neighbor the rusty bike.,He gives her the present.,0
TRUE,3766,"{""Q0"":""She shows him the dress.""}",11622,POC,show4,y,The architect showed the model of the building to the architect. ,She shows him the dress.,0
TRUE,2576,"{""Q0"":""They climbed the tree.""}",12104,F,climb,n,The baby is climbing up that steps. ,They climbed the tree.,0
TRUE,5238,"{""Q0"":""They give her medicine at the hospital.""}",16691,DOC,give1,y,The fashion designer gave the famous journalist the pink jacket. ,They give her medicine at the hospital.,0
TRUE,5178,"{""Q0"":""They show the teacher the painting.""}",11973,POI,show3,n,The builder showed the blueprints to they new client.,They show the teacher the painting.,0
TRUE,3868,"{""Q0"":""The man is taking a nap.""}",10934,F,nap,y,The cat is napping on the windowsill. ,The man is taking a nap.,0
TRUE,4735,"{""Q0"":""He shows him the gun.""}",13052,DOC,show1,y,The happy child showed her father the coloring book.,He shows him the gun.,0
TRUE,5730,"{""Q0"":""She is holding the plate in her hand.""}",17348,POI,hand6,n,The eager boyfriend handed the box of flowers to them girlfriend.  ,She is holding the plate in her hand.,0
TRUE,3370,"{""Q0"":""They are falling on the ice.""}",12962,F,fall,n,The ball was falling down them ramp. ,They are falling on the ice.,0