resp_iscorrect,verif_rt,responses,descr_rt,P_type,T_verb,verif_ans,P_sentence,clear_responses,ispo
TRUE,8554,"{""Q0"":""The nurse is giving the patient something.""}",24524,DOC,give1,y,The fashion designer gave the famous journalist the pink jacket. ,The nurse is giving the patient something.,0
TRUE,2877,"{""Q0"":""The girl handed a paintbrush to the boy.""}",14809,POI,hand5,n,The swimmer handed the towel to they driver. ,The girl handed a paintbrush to the boy.,1
TRUE,4045,"{""Q0"":""The couple is climbing a tree.""}",10761,F,climb,n,The baby is climbing up that steps. ,The couple is climbing a tree.,0
TRUE,4163,"{""Q0"":""The officer is giving the driver a ticket.""}",14892,DOI,give3,n,The disgruntled employee gave the manager them long letter.,The officer is giving the driver a ticket.,0
TRUE,2575,"{""Q0"":""The students are showing the teacher a drawing.""}",19547,POI,show3,n,The builder showed the blueprints to they new client.,The students are showing the teacher a drawing.,0
TRUE,2351,"{""Q0"":""She is ironing a shirt.""}",7428,F,iron,n,The man is ironing they wrinkled work shirt. ,She is ironing a shirt.,0
TRUE,2720,"{""Q0"":""She is handing him a tool.""}",9523,DOI,hand3,n,The spy handed the double agent them submarine blueprints.,She is handing him a tool.,0
TRUE,2691,"{""Q0"":""She is handing him a plate.""}",13554,POI,hand6,n,The eager boyfriend handed the box of flowers to them girlfriend.  ,She is handing him a plate.,0
TRUE,1621,"{""Q0"":""He is falling.""}",5404,F,fall,n,The ball was falling down them ramp. ,He is falling.,0
TRUE,2239,"{""Q0"":""They are giving him a cake.""}",12122,DOI,give4,n,The captain gave the old sailor they spare life jacket.,They are giving him a cake.,0
TRUE,11678,"{""Q0"":""She is showing him a dress.""}",8996,POC,show4,y,The architect showed the model of the building to the architect. ,She is showing him a dress.,0
TRUE,2703,"{""Q0"":""He is taking a nap.""}",9017,F,nap,y,The cat is napping on the windowsill. ,He is taking a nap.,0
TRUE,5221,"{""Q0"":""He is giving her a present.""}",13077,DOC,give2,y,The woman gave the new neighbor the rusty bike.,He is giving her a present.,0
TRUE,3890,"{""Q0"":""She handed him a menu.""}",11343,POC,hand7,y,The mean neighbor handed a nasty note to the woman next door. ,She handed him a menu.,0
TRUE,3331,"{""Q0"":""He is carrying a box.""}",5891,F,carry,y,The stock boy is carrying the egg cartons. ,He is carrying a box.,0
TRUE,2677,"{""Q0"":""She is handing him a book.""}",7081,DOI,hand4,n,The secretary handed the manager they invoice.,She is handing him a book.,0
TRUE,2596,"{""Q0"":""The sailor is giving him a teapot.""}",15394,POI,give6,n,The researcher gave the detailed results to them experienced surgeon.,The sailor is giving him a teapot.,0
TRUE,3447,"{""Q0"":""She is reading to him.""}",7950,F,read,y,The teacher is reading the magazine to her students. ,She is reading to him.,0
TRUE,3106,"{""Q0"":""He is handing the clown a hat.""}",10745,DOC,hand2,y,The bartender handed the customer the cocktail.,He is handing the clown a hat.,0
TRUE,10565,"{""Q0"":""He is giving her a valentine.""}",15271,POC,give8,y,The travel agent gave the last ticket to the young fan.,He is giving her a valentine.,0
TRUE,2476,"{""Q0"":""He is brushing his teeth.""}",6672,F,brush,y,The rock star is brushing his long hair. ,He is brushing his teeth.,0
TRUE,4925,"{""Q0"":""He is showing him a tool.""}",9828,DOC,show1,y,The happy child showed her father the coloring book.,He is showing him a tool.,0
TRUE,2566,"{""Q0"":""She is handing him chalk.""}",6596,POC,hand8,y,The good looking bartender handed free drinks to the girls at the bar. ,She is handing him chalk.,0
TRUE,2774,"{""Q0"":""She is looking at herself.""}",10287,F,look,n,The yellow duck is look at it lake. ,She is looking at herself.,0
TRUE,3769,"{""Q0"":""He is handing him a guitar.""}",9072,DOC,hand1,y,The teacher handed the student the certificate.,He is handing him a guitar.,0
TRUE,7292,"{""Q0"":""She gave the chef a cane.""}",7783,POC,give7,y,The mother gave the expensive toy to the hungry toddler.,She gave the chef a cane.,0
TRUE,1753,"{""Q0"":""He is sleeping.""}",4875,F,sleep,n,The mother wolf is sleeping with them pups. ,He is sleeping.,0
TRUE,2623,"{""Q0"":""He is showing them a car.""}",7055,DOI,show2,n,The photographer showed the editor them finished proofs.,He is showing them a car.,0
TRUE,2864,"{""Q0"":""She is giving her teacher flowers.""}",9121,POI,give5,n,The millionaire gave the valuable painting to they struggling artist.,She is giving her teacher flowers.,0
TRUE,3115,"{""Q0"":""He is washing the window.""}",7840,F,wash,y,The dog groomer is washing the golden retriever. ,He is washing the window.,0