resp_iscorrect,verif_rt,responses,descr_rt,P_type,T_verb,verif_ans,P_sentence,clear_responses,ispo
True,4623.0,"{""Q0"":""the library is going to hand the book to the child""}",9863.0,DOI,hand4,n,The secretary handed the manager they invoice.,the library is going to hand the book to the child,0
True,4927.0,"{""Q0"":""the children began to show their art to their teacher""}",14298.0,POI,show3,n,The builder showed the blueprints to they new client.,the children began to show their art to their teacher,0
True,3917.0,"{""Q0"":""the boy is continuing to brush his teeth""}",12671.0,F,brush,y,The rock star is brushing his long hair. ,the boy is continuing to brush his teeth,0
True,5412.0,"{""Q0"":""the boy is about to hand the guitar to the musician""}",10607.0,DOC,hand1,y,The teacher handed the student the certificate.,the boy is about to hand the guitar to the musician,0
True,3090.0,"{""Q0"":""the boy will give the girl the heart""}",9870.0,POC,give8,y,The travel agent gave the last ticket to the young fan.,the boy will give the girl the heart,0
True,2141.0,"{""Q0"":""the boy is struggling to carry the box""}",24408.0,F,carry,y,The stock boy is carrying the egg cartons. ,the boy is struggling to carry the box,0
True,4118.0,"{""Q0"":""the man is willing to hand his hat to the clown""}",16369.0,DOC,hand2,y,The bartender handed the customer the cocktail.,the man is willing to hand his hat to the clown,0
True,4469.0,"{""Q0"":""the girl will hand the ring to the boy""}",13972.0,POI,hand6,n,The eager boyfriend handed the box of flowers to them girlfriend.  ,the girl will hand the ring to the boy,1
True,3268.0,"{""Q0"":""the girl stops to look at herself in the mirror""}",15679.0,F,look,n,The yellow duck is look at it lake. ,the girl stops to look at herself in the mirror,0
True,2641.0,"{""Q0"":""the woman will give the cake to the patient""}",10774.0,DOI,give4,n,The captain gave the old sailor they spare life jacket.,the woman will give the cake to the patient,1
True,2741.0,"{""Q0"":""the sailor is going to give the solider the teapot""}",16261.0,POI,give6,n,The researcher gave the detailed results to them experienced surgeon.,the sailor is going to give the solider the teapot,0
True,2828.0,"{""Q0"":""He wants to read to his little sister""}",15870.0,F,read,y,The teacher is reading the magazine to her students. ,He wants to read to his little sister,0
True,3372.0,"{""Q0"":""the nurse continues to give the patient water""}",12530.0,DOC,give1,y,The fashion designer gave the famous journalist the pink jacket. ,the nurse continues to give the patient water,0
True,1984.0,"{""Q0"":""the girl will hand the brush to the boy""}",9460.0,POI,hand5,n,The swimmer handed the towel to they driver. ,the girl will hand the brush to the boy,1
True,2098.0,"{""Q0"":""the boy will sleep through the night""}",9961.0,F,sleep,n,The mother wolf is sleeping with them pups. ,the boy will sleep through the night,0
True,5751.0,"{""Q0"":""The car dealer will show the new car to his clients""}",18409.0,DOI,show2,n,The photographer showed the editor them finished proofs.,The car dealer will show the new car to his clients,0
True,4041.0,"{""Q0"":""the waitress will give the cane to the chef""}",14182.0,POC,give7,y,The mother gave the expensive toy to the hungry toddler.,the waitress will give the cane to the chef,1
True,2670.0,"{""Q0"":""the children climb the tree""}",22157.0,F,climb,n,The baby is climbing up that steps. ,the children climb the tree,0
True,4721.0,"{""Q0"":""he does not hesitate to give his daughter a gift""}",21243.0,DOC,give2,y,The woman gave the new neighbor the rusty bike.,he does not hesitate to give his daughter a gift,0
True,3411.0,"{""Q0"":""the student wants to give her flowers to her teacher""}",18925.0,POI,give5,n,The millionaire gave the valuable painting to they struggling artist.,the student wants to give her flowers to her teacher,0
True,2136.0,"{""Q0"":""the woman continues to iron her shirt""}",11483.0,F,iron,n,The man is ironing they wrinkled work shirt. ,the woman continues to iron her shirt,0
True,3095.0,"{""Q0"":""the officer has to give the driver a speeding ticket""}",26249.0,DOI,give3,n,The disgruntled employee gave the manager them long letter.,the officer has to give the driver a speeding ticket,0
True,2884.0,"{""Q0"":""the waitress tries to hand a menu to the customer""}",20716.0,POC,hand7,y,The mean neighbor handed a nasty note to the woman next door. ,the waitress tries to hand a menu to the customer,0
True,4228.0,"{""Q0"":""the man tries to wash the window""}",9040.0,F,wash,y,The dog groomer is washing the golden retriever. ,the man tries to wash the window,0
True,2269.0,"{""Q0"":""the man attempts to show the gun to the judge""}",16863.0,DOC,show1,y,The happy child showed her father the coloring book.,the man attempts to show the gun to the judge,0
True,3434.0,"{""Q0"":""the woman tries to show the man the dress""}",12698.0,POC,show4,y,The architect showed the model of the building to the architect. ,the woman tries to show the man the dress,0
True,1979.0,"{""Q0"":""the man will fall on that sheet of ice""}",11364.0,F,fall,n,The ball was falling down them ramp. ,the man will fall on that sheet of ice,0
True,2561.0,"{""Q0"":""the nurse will hand the doctor the item""}",18734.0,DOI,hand3,n,The spy handed the double agent them submarine blueprints.,the nurse will hand the doctor the item,0
True,4147.0,"{""Q0"":""the girl tries to hand the pencil to the boy""}",14262.0,POC,hand8,y,The good looking bartender handed free drinks to the girls at the bar. ,the girl tries to hand the pencil to the boy,0
True,8419.0,"{""Q0"":""the old man continues to nap""}",6269.0,F,nap,y,The cat is napping on the windowsill. ,the old man continues to nap,0
