resp_iscorrect,verif_rt,responses,descr_rt,P_type,T_verb,verif_ans,P_sentence,clear_responses,ispo
True,3620.0,"{""Q0"":""The man is showing a car to the couple""}",21801.0,DOI,show2,n,The photographer showed the editor them finished proofs.,The man is showing a car to the couple,1
True,5483.0,"{""Q0"":""The sailor is giving the soldier a cup""}",22756.0,POI,give6,n,The researcher gave the detailed results to them experienced surgeon.,The sailor is giving the soldier a cup,0
True,8038.0,"{""Q0"":""The girl looks at herself using a mirror""}",15380.0,F,look,n,The yellow duck is look at it lake. ,The girl looks at herself using a mirror,0
True,4813.0,"{""Q0"":""The man hands the clown his hat""}",21475.0,DOC,hand2,y,The bartender handed the customer the cocktail.,The man hands the clown his hat,0
True,2712.0,"{""Q0"":""the girl hands the boy a brush""}",11722.0,POI,hand5,n,The swimmer handed the towel to they driver. ,the girl hands the boy a brush,0
True,2369.0,"{""Q0"":""the boy is sleeping""}",5612.0,F,sleep,n,The mother wolf is sleeping with them pups. ,the boy is sleeping,0
True,4231.0,"{""Q0"":""the man gives the girl a present""}",8230.0,DOC,give2,y,The woman gave the new neighbor the rusty bike.,the man gives the girl a present,0
True,7499.0,"{""Q0"":""the girl is giving a cane to the chef""}",17443.0,POC,give7,y,The mother gave the expensive toy to the hungry toddler.,the girl is giving a cane to the chef,1
True,1930.0,"{""Q0"":""the person is falling on ice""}",20261.0,F,fall,n,The ball was falling down them ramp. ,the person is falling on ice,0
True,6836.0,"{""Q0"":""the nurse is giving the man some medicine""}",17242.0,DOC,give1,y,The fashion designer gave the famous journalist the pink jacket. ,the nurse is giving the man some medicine,0
True,3423.0,"{""Q0"":""the girl hands the boy a pencil""}",16979.0,POC,hand8,y,The good looking bartender handed free drinks to the girls at the bar. ,the girl hands the boy a pencil,0
True,2159.0,"{""Q0"":""the boys are climbing the tree""}",8941.0,F,climb,n,The baby is climbing up that steps. ,the boys are climbing the tree,0
True,4686.0,"{""Q0"":""the girl handed the musician his guitar""}",18237.0,DOC,hand1,y,The teacher handed the student the certificate.,the girl handed the musician his guitar,0
True,2976.0,"{""Q0"":""the girl is giving the teacher some flowers""}",16354.0,POI,give5,n,The millionaire gave the valuable painting to they struggling artist.,the girl is giving the teacher some flowers,0
True,2164.0,"{""Q0"":""the girl irons her clothes""}",8728.0,F,iron,n,The man is ironing they wrinkled work shirt. ,the girl irons her clothes,0
True,2843.0,"{""Q0"":""the man is showing a gun to another man""}",13314.0,DOC,show1,y,The happy child showed her father the coloring book.,the man is showing a gun to another man,1
True,2270.0,"{""Q0"":""the girl is showing a dress to the man""}",8485.0,POC,show4,y,The architect showed the model of the building to the architect. ,the girl is showing a dress to the man,1
True,4173.0,"{""Q0"":""the man is washing the window""}",7503.0,F,wash,y,The dog groomer is washing the golden retriever. ,the man is washing the window,0
True,2289.0,"{""Q0"":""the girl is handing the boy a book""}",8933.0,DOI,hand4,n,The secretary handed the manager they invoice.,the girl is handing the boy a book,0
True,7517.0,"{""Q0"":""the waitress hands a man the menu""}",10852.0,POC,hand7,y,The mean neighbor handed a nasty note to the woman next door. ,the waitress hands a man the menu,0
True,13679.0,"{""Q0"":""the girl reads to the boy""}",8873.0,F,read,y,The teacher is reading the magazine to her students. ,the girl reads to the boy,0
True,2627.0,"{""Q0"":""the officer gave the person a ticket""}",10803.0,DOI,give3,n,The disgruntled employee gave the manager them long letter.,the officer gave the person a ticket,0
True,2967.0,"{""Q0"":""the boy gave a heart to the girl""}",7873.0,POC,give8,y,The travel agent gave the last ticket to the young fan.,the boy gave a heart to the girl,1
True,15819.0,"{""Q0"":""the man is brushing his teeth""}",7327.0,F,brush,y,The rock star is brushing his long hair. ,the man is brushing his teeth,0
True,2313.0,"{""Q0"":""the nurse handed the doctor an item""}",15332.0,DOI,hand3,n,The spy handed the double agent them submarine blueprints.,the nurse handed the doctor an item,0
True,2128.0,"{""Q0"":""the students are showing their project to the teacher""}",11613.0,POI,show3,n,The builder showed the blueprints to they new client.,the students are showing their project to the teacher,0
True,1977.0,"{""Q0"":""the old man is napping""}",5938.0,F,nap,y,The cat is napping on the windowsill. ,the old man is napping,0
True,3633.0,"{""Q0"":""The couple gave the cake to the old lady""}",15767.0,DOI,give4,n,The captain gave the old sailor they spare life jacket.,The couple gave the cake to the old lady,1
True,2378.0,"{""Q0"":""the girl handed a plate to the man""}",6828.0,POI,hand6,n,The eager boyfriend handed the box of flowers to them girlfriend.  ,the girl handed a plate to the man,1
True,3496.0,"{""Q0"":""the boy is carrying the box""}",6432.0,F,carry,y,The stock boy is carrying the egg cartons. ,the boy is carrying the box,0
