resp_iscorrect,verif_rt,responses,descr_rt,P_type,T_verb,verif_ans,P_sentence,clear_responses,ispo
True,2816.0,"{""Q0"":""the man hands the clown a hat.""}",15753.0,DOC,hand2,y,The bartender handed the customer the cocktail.,the man hands the clown a hat.,0
True,2860.0,"{""Q0"":""The children showed the teacher a drawing.""}",27752.0,POI,show3,n,The builder showed the blueprints to they new client.,The children showed the teacher a drawing.,0
True,3329.0,"{""Q0"":""the old man is napping in bed.""}",22639.0,F,nap,y,The cat is napping on the windowsill. ,the old man is napping in bed.,0
True,8650.0,"{""Q0"":""A man gave his daughter a present.""}",21456.0,DOC,give2,y,The woman gave the new neighbor the rusty bike.,A man gave his daughter a present.,0
False,29825.0,"{""Q0"":""The woman showed the man a dress.""}",19109.0,POC,show4,y,The architect showed the model of the building to the architect. ,The woman showed the man a dress.,0
True,9473.0,"{""Q0"":""A boy brushes his teeth.""}",33416.0,F,brush,y,The rock star is brushing his long hair. ,A boy brushes his teeth.,0
True,6434.0,"{""Q0"":""The man showed the other man a gun.""}",46725.0,DOC,show1,y,The happy child showed her father the coloring book.,The man showed the other man a gun.,0
True,7296.0,"{""Q0"":""The waitress handed the customer a menu.""}",19657.0,POC,hand7,y,The mean neighbor handed a nasty note to the woman next door. ,The waitress handed the customer a menu.,0
True,8671.0,"{""Q0"":""The boy is carrying a large box.""}",17945.0,F,carry,y,The stock boy is carrying the egg cartons. ,The boy is carrying a large box.,0
True,4304.0,"{""Q0"":""The nurse handed the doctor a stethoscope.""}",46969.0,DOI,hand3,n,The spy handed the double agent them submarine blueprints.,The nurse handed the doctor a stethoscope.,0
True,7030.0,"{""Q0"":""The girl handed the boy chalk.""}",37189.0,POC,hand8,y,The good looking bartender handed free drinks to the girls at the bar. ,The girl handed the boy chalk.,0
True,5328.0,"{""Q0"":""The boy is reading a book.""}",64162.0,F,read,y,The teacher is reading the magazine to her students. ,The boy is reading a book.,0
True,11018.0,"{""Q0"":""The woman is giving her grandmother a cake.""}",24703.0,DOI,give4,n,The captain gave the old sailor they spare life jacket.,The woman is giving her grandmother a cake.,0
True,4176.0,"{""Q0"":""The woman is handing the man a plate.""}",18540.0,POI,hand6,n,The eager boyfriend handed the box of flowers to them girlfriend.  ,The woman is handing the man a plate.,0
True,3554.0,"{""Q0"":""The girl is looking in her mirror.""}",20218.0,F,look,n,The yellow duck is look at it lake. ,The girl is looking in her mirror.,0
True,3462.0,"{""Q0"":""The librarian is handing the boy a book.""}",11384.0,DOI,hand4,n,The secretary handed the manager they invoice.,The librarian is handing the boy a book.,0
True,6204.0,"{""Q0"":""The student is giving her teacher a flower.""}",17749.0,POI,give5,n,The millionaire gave the valuable painting to they struggling artist.,The student is giving her teacher a flower.,0
True,2340.0,"{""Q0"":""Two children are climbing a tree.""}",10823.0,F,climb,n,The baby is climbing up that steps. ,Two children are climbing a tree.,0
True,4789.0,"{""Q0"":""The assistant is handing the musician a guitar.""}",23737.0,DOC,hand1,y,The teacher handed the student the certificate.,The assistant is handing the musician a guitar.,0
True,2986.0,"{""Q0"":""The girl is handing the painter a brush.""}",12894.0,POI,hand5,n,The swimmer handed the towel to they driver. ,The girl is handing the painter a brush.,0
True,3074.0,"{""Q0"":""The boy is sleeping in bed.""}",10824.0,F,sleep,n,The mother wolf is sleeping with them pups. ,The boy is sleeping in bed.,0
True,4672.0,"{""Q0"":""The officer is giving the man a ticket.""}",13557.0,DOI,give3,n,The disgruntled employee gave the manager them long letter.,The officer is giving the man a ticket.,0
True,4885.0,"{""Q0"":""The sailor is giving the soldier a teapot.""}",24324.0,POI,give6,n,The researcher gave the detailed results to them experienced surgeon.,The sailor is giving the soldier a teapot.,0
True,26814.0,"{""Q0"":""The person is falling on ice.""}",14344.0,F,fall,n,The ball was falling down them ramp. ,The person is falling on ice.,0
True,19815.0,"{""Q0"":""The nurse is giving the patient a transfusion.""}",24140.0,DOC,give1,y,The fashion designer gave the famous journalist the pink jacket. ,The nurse is giving the patient a transfusion.,0
True,6805.0,"{""Q0"":""The boy is giving the girl a valentine.""}",13811.0,POC,give8,y,The travel agent gave the last ticket to the young fan.,The boy is giving the girl a valentine.,0
True,5623.0,"{""Q0"":""The man is washing the window.""}",13241.0,F,wash,y,The dog groomer is washing the golden retriever. ,The man is washing the window.,0
True,4427.0,"{""Q0"":""The salesman is showing the couple a car.""}",39371.0,DOI,show2,n,The photographer showed the editor them finished proofs.,The salesman is showing the couple a car.,0
True,9140.0,"{""Q0"":""The waitress is giving the chef a cane.""}",17274.0,POC,give7,y,The mother gave the expensive toy to the hungry toddler.,The waitress is giving the chef a cane.,0
True,3568.0,"{""Q0"":""The woman is ironing her sheets.""}",15489.0,F,iron,n,The man is ironing they wrinkled work shirt. ,The woman is ironing her sheets.,0
