resp_iscorrect,verif_rt,responses,descr_rt,P_type,T_verb,verif_ans,P_sentence,clear_responses,ispo
TRUE,5394,"{""Q0"":""The cop gives a ticket.""}",8889,DOI,give3,n,The disgruntled employee gave the manager them long letter.,The cop gives a ticket.,1
TRUE,4257,"{""Q0"":""The girl handed them a brush.""}",12823,POI,hand5,n,The swimmer handed the towel to they driver. ,The girl handed them a brush.,0
TRUE,4665,"{""Q0"":""The girl is looking into the mirror.""}",11966,F,look,n,The yellow duck is look at it lake. ,The girl is looking into the mirror.,0
TRUE,4832,"{""Q0"":""The man gives a present""}",11173,DOC,give2,y,The woman gave the new neighbor the rusty bike.,The man gives a present,1
TRUE,4215,"{""Q0"":""The girl gives flowers""}",6559,POI,give5,n,The millionaire gave the valuable painting to they struggling artist.,The girl gives flowers,1
TRUE,6082,"{""Q0"":""The old man is napping""}",5906,F,nap,y,The cat is napping on the windowsill. ,The old man is napping,0
TRUE,3767,"{""Q0"":""The parents gives everyone a cake""}",7977,DOI,give4,n,The captain gave the old sailor they spare life jacket.,The parents gives everyone a cake,0
TRUE,4421,"{""Q0"":""She handed him a scissor""}",9445,POC,hand8,y,The good looking bartender handed free drinks to the girls at the bar. ,She handed him a scissor,0
TRUE,2681,"{""Q0"":""The man is sleeping""}",6890,F,sleep,n,The mother wolf is sleeping with them pups. ,The man is sleeping,0
TRUE,4715,"{""Q0"":""He showed him a gun""}",6092,DOC,show1,y,The happy child showed her father the coloring book.,He showed him a gun,0
TRUE,2817,"{""Q0"":""She's showing off""}",6659,POC,show4,y,The architect showed the model of the building to the architect. ,She's showing off,
TRUE,2612,"{""Q0"":""He's washing the window""}",5147,F,wash,y,The dog groomer is washing the golden retriever. ,He's washing the window,0
TRUE,8706,"{""Q0"":""She gave a helping hand""}",11190,DOI,hand3,n,The spy handed the double agent them submarine blueprints.,She gave a helping hand,1
TRUE,3671,"{""Q0"":""She gives her something""}",7973,POC,give8,y,The travel agent gave the last ticket to the young fan.,She gives her something,0
TRUE,2289,"{""Q0"":""They were falling down""}",7192,F,fall,n,The ball was falling down them ramp. ,They were falling down,0
TRUE,6947,"{""Q0"":""He hand him a hat""}",6690,DOC,hand2,y,The bartender handed the customer the cocktail.,He hand him a hat,0
TRUE,4256,"{""Q0"":""They were showing off""}",5201,POI,show3,n,The builder showed the blueprints to they new client.,They were showing off,
TRUE,2699,"{""Q0"":""She is ironing a shirt""}",5973,F,iron,n,The man is ironing they wrinkled work shirt. ,She is ironing a shirt,0
FALSE,7110,"{""Q0"":""He's showing off his car""}",9278,DOI,show2,n,The photographer showed the editor them finished proofs.,He's showing off his car,0
TRUE,4633,"{""Q0"":""She was giving him a cane""}",11572,POC,give7,y,The mother gave the expensive toy to the hungry toddler.,She was giving him a cane,0
TRUE,2969,"{""Q0"":""He's brushing his teeth""}",8063,F,brush,y,The rock star is brushing his long hair. ,He's brushing his teeth,0
TRUE,3717,"{""Q0"":""She gives him a treat""}",10801,DOC,give1,y,The fashion designer gave the famous journalist the pink jacket. ,She gives him a treat,0
TRUE,5441,"{""Q0"":""She handed him the menu""}",7874,POC,hand7,y,The mean neighbor handed a nasty note to the woman next door. ,She handed him the menu,0
TRUE,2776,"{""Q0"":""He's carrying something""}",4887,F,carry,y,The stock boy is carrying the egg cartons. ,He's carrying something,0
TRUE,7233,"{""Q0"":""She handed him a guitar""}",8821,DOC,hand1,y,The teacher handed the student the certificate.,She handed him a guitar,0
TRUE,6941,"{""Q0"":""Sailor gives a solder a teapot""}",15677,POI,give6,n,The researcher gave the detailed results to them experienced surgeon.,Sailor gives a solder a teapot,0
TRUE,4554,"{""Q0"":""She read to the student""}",7032,F,read,y,The teacher is reading the magazine to her students. ,She read to the student,0
TRUE,4916,"{""Q0"":""She was giving him a helping hand.""}",11915,DOI,hand4,n,The secretary handed the manager they invoice.,She was giving him a helping hand.,0
TRUE,3364,"{""Q0"":""She gave him a helping hand.""}",7142,POI,hand6,n,The eager boyfriend handed the box of flowers to them girlfriend.  ,She gave him a helping hand.,0
TRUE,6429,"{""Q0"":""They were climbing the tree.""}",7824,F,climb,n,The baby is climbing up that steps. ,They were climbing the tree.,0