resp_iscorrect,verif_rt,responses,descr_rt,P_type,T_verb,verif_ans,P_sentence,clear_responses,ispo
True,3686.0,"{""Q0"":""The man shows the couple a car.""}",7569.0,DOI,show2,n,The photographer showed the editor them finished proofs.,The man shows the couple a car.,0
True,3096.0,"{""Q0"":""The woman hands the painter a brush. ""}",30676.0,POI,hand5,n,The swimmer handed the towel to they driver. ,The woman hands the painter a brush. ,0
True,2730.0,"{""Q0"":""The man carries a box.""}",8149.0,F,carry,y,The stock boy is carrying the egg cartons. ,The man carries a box.,0
True,10511.0,"{""Q0"":""He hands the singer his guitar.""}",10208.0,DOC,hand1,y,The teacher handed the student the certificate.,He hands the singer his guitar.,0
True,3539.0,"{""Q0"":""The students show the teacher their project.""}",11711.0,POI,show3,n,The builder showed the blueprints to they new client.,The students show the teacher their project.,0
True,4521.0,"{""Q0"":""The man washes the window.""}",7224.0,F,wash,y,The dog groomer is washing the golden retriever. ,The man washes the window.,0
True,2825.0,"{""Q0"":""The police officer gives him a ticket.""}",12501.0,DOI,give3,n,The disgruntled employee gave the manager them long letter.,The police officer gives him a ticket.,0
True,24412.0,"{""Q0"":""She hands him an object.""}",10034.0,POI,hand6,n,The eager boyfriend handed the box of flowers to them girlfriend.  ,She hands him an object.,0
True,3464.0,"{""Q0"":""He reads to her.""}",11351.0,F,read,y,The teacher is reading the magazine to her students. ,He reads to her.,0
True,2252.0,"{""Q0"":""They give her a cake.""}",5645.0,DOI,give4,n,The captain gave the old sailor they spare life jacket.,They give her a cake.,0
True,5073.0,"{""Q0"":""She hands him chalk.""}",8903.0,POC,hand8,y,The good looking bartender handed free drinks to the girls at the bar. ,She hands him chalk.,0
True,3028.0,"{""Q0"":""She falls on the ice.""}",10599.0,F,fall,n,The ball was falling down them ramp. ,She falls on the ice.,0
True,2190.0,"{""Q0"":""She hands him a book.""}",7657.0,DOI,hand4,n,The secretary handed the manager they invoice.,She hands him a book.,0
True,2954.0,"{""Q0"":""She gives her flowers.""}",6345.0,POI,give5,n,The millionaire gave the valuable painting to they struggling artist.,She gives her flowers.,0
True,2006.0,"{""Q0"":""They climb the tree.""}",8264.0,F,climb,n,The baby is climbing up that steps. ,They climb the tree.,0
True,3418.0,"{""Q0"":""He shows him an object.""}",19538.0,DOC,show1,y,The happy child showed her father the coloring book.,He shows him an object.,0
True,2425.0,"{""Q0"":""The sailor gives him a teapot.""}",14213.0,POI,give6,n,The researcher gave the detailed results to them experienced surgeon.,The sailor gives him a teapot.,0
True,2365.0,"{""Q0"":""She looks at herself in the mirror.""}",7722.0,F,look,n,The yellow duck is look at it lake. ,She looks at herself in the mirror.,0
True,5795.0,"{""Q0"":""He gives her a gift.""}",7994.0,DOC,give2,y,The woman gave the new neighbor the rusty bike.,He gives her a gift.,0
False,7656.0,"{""Q0"":""She gives him a cane.""}",9185.0,POC,give7,y,The mother gave the expensive toy to the hungry toddler.,She gives him a cane.,0
True,3666.0,"{""Q0"":""He takes a nap.""}",9766.0,F,nap,y,The cat is napping on the windowsill. ,He takes a nap.,0
True,4339.0,"{""Q0"":""The nurse gives the patient food.""}",16652.0,DOC,give1,y,The fashion designer gave the famous journalist the pink jacket. ,The nurse gives the patient food.,0
False,4645.0,"{""Q0"":""He shows him a dress.""}",7774.0,POC,show4,y,The architect showed the model of the building to the architect. ,He shows him a dress.,0
True,2770.0,"{""Q0"":""He brushes his teeth.""}",6154.0,F,brush,y,The rock star is brushing his long hair. ,He brushes his teeth.,0
True,5453.0,"{""Q0"":""She hands the doctor his equipment.""}",18681.0,DOI,hand3,n,The spy handed the double agent them submarine blueprints.,She hands the doctor his equipment.,0
True,4436.0,"{""Q0"":""He gives her a valentine.""}",8429.0,POC,give8,y,The travel agent gave the last ticket to the young fan.,He gives her a valentine.,0
True,1999.0,"{""Q0"":""He sleeps.""}",4487.0,F,sleep,n,The mother wolf is sleeping with them pups. ,He sleeps.,0
True,3014.0,"{""Q0"":""He hands him a hat.""}",9108.0,DOC,hand2,y,The bartender handed the customer the cocktail.,He hands him a hat.,0
True,3432.0,"{""Q0"":""She hands him a menu.""}",5533.0,POC,hand7,y,The mean neighbor handed a nasty note to the woman next door. ,She hands him a menu.,0
True,2426.0,"{""Q0"":""She irons her clothes.""}",5868.0,F,iron,n,The man is ironing they wrinkled work shirt. ,She irons her clothes.,0
