resp_iscorrect,verif_rt,responses,descr_rt,P_type,T_verb,verif_ans,P_sentence,clear_responses,ispo
TRUE,4475,"{""Q0"":""The parents give a boy a cake.""}",30567,DOI,give4,n,The captain gave the old sailor they spare life jacket.,The parents give a boy a cake.,0
TRUE,5242,"{""Q0"":""The boy gives the girl a Valentine.""}",26712,POC,give8,y,The travel agent gave the last ticket to the young fan.,The boy gives the girl a Valentine.,0
TRUE,3291,"{""Q0"":""The boy is sleeping.""}",10754,F,sleep,n,The mother wolf is sleeping with them pups. ,The boy is sleeping.,0
TRUE,3659,"{""Q0"":""The man shows the couple a car.""}",15354,DOI,show2,n,The photographer showed the editor them finished proofs.,The man shows the couple a car.,0
TRUE,11841,"{""Q0"":""The girl gives the boy a hand.""}",15572,POC,hand8,y,The good looking bartender handed free drinks to the girls at the bar. ,The girl gives the boy a hand.,0
TRUE,3028,"{""Q0"":""The man falls into the puddle.""}",9501,F,fall,n,The ball was falling down them ramp. ,The man falls into the puddle.,0
TRUE,5739,"{""Q0"":""The nurse gives the patient medicine.""}",18106,DOC,give1,y,The fashion designer gave the famous journalist the pink jacket. ,The nurse gives the patient medicine.,0
TRUE,3308,"{""Q0"":""The sailor gives tea to the soldier.""}",13139,POI,give6,n,The researcher gave the detailed results to them experienced surgeon.,The sailor gives tea to the soldier.,1
TRUE,3901,"{""Q0"":""The man takes a nap.""}",6676,F,nap,y,The cat is napping on the windowsill. ,The man takes a nap.,0
TRUE,3654,"{""Q0"":""The cowboys hands the clown a hat.""}",28661,DOC,hand2,y,The bartender handed the customer the cocktail.,The cowboys hands the clown a hat.,0
TRUE,6936,"{""Q0"":""The woman shows the dress to the man.""}",14136,POC,show4,y,The architect showed the model of the building to the architect. ,The woman shows the dress to the man.,1
TRUE,3350,"{""Q0"":""The person reads to the girl.""}",15633,F,read,y,The teacher is reading the magazine to her students. ,The person reads to the girl.,0
TRUE,4323,"{""Q0"":""The policeman gives a ticket to the man.""}",26228,DOI,give3,n,The disgruntled employee gave the manager them long letter.,The policeman gives a ticket to the man.,1
TRUE,3523,"{""Q0"":""The girl hands a paintbrush to the boy.""}",16448,POI,hand5,n,The swimmer handed the towel to they driver. ,The girl hands a paintbrush to the boy.,1
TRUE,3511,"{""Q0"":""She looks at the mirror.""}",8469,F,look,n,The yellow duck is look at it lake. ,She looks at the mirror.,0
TRUE,2969,"{""Q0"":""The nurse hands the doctor a stethoscope.""}",27198,DOI,hand3,n,The spy handed the double agent them submarine blueprints.,The nurse hands the doctor a stethoscope.,0
TRUE,3545,"{""Q0"":""The girl gives a teacher flowers.""}",9183,POI,give5,n,The millionaire gave the valuable painting to they struggling artist.,The girl gives a teacher flowers.,0
TRUE,2783,"{""Q0"":""The boy carries a large box.""}",10315,F,carry,y,The stock boy is carrying the egg cartons. ,The boy carries a large box.,0
TRUE,2738,"{""Q0"":""The librarian hands the child a book.""}",9895,DOI,hand4,n,The secretary handed the manager they invoice.,The librarian hands the child a book.,0
TRUE,3270,"{""Q0"":""The girl hands a hat to the boy.""}",15244,POI,hand6,n,The eager boyfriend handed the box of flowers to them girlfriend.  ,The girl hands a hat to the boy.,1
TRUE,3656,"{""Q0"":""The lady irons the clothes.""}",15489,F,iron,n,The man is ironing they wrinkled work shirt. ,The lady irons the clothes.,0
TRUE,2688,"{""Q0"":""The boy hands the musician a guitar.""}",12816,DOC,hand1,y,The teacher handed the student the certificate.,The boy hands the musician a guitar.,0
TRUE,3549,"{""Q0"":""The waitress hands a menu to the customer.""}",20249,POC,hand7,y,The mean neighbor handed a nasty note to the woman next door. ,The waitress hands a menu to the customer.,1
TRUE,2055,"{""Q0"":""The man washes the window.""}",15465,F,wash,y,The dog groomer is washing the golden retriever. ,The man washes the window.,0
TRUE,3871,"{""Q0"":""The man gives a present to the girl.""}",9074,DOC,give2,y,The woman gave the new neighbor the rusty bike.,The man gives a present to the girl.,1
TRUE,2652,"{""Q0"":""The students show the art to the teacher.""}",10908,POI,show3,n,The builder showed the blueprints to they new client.,The students show the art to the teacher.,1
TRUE,3246,"{""Q0"":""The boy brushes his teeth.""}",18934,F,brush,y,The rock star is brushing his long hair. ,The boy brushes his teeth.,0
TRUE,4726,"{""Q0"":""The man showed the judge the gun.""}",21867,DOC,show1,y,The happy child showed her father the coloring book.,The man showed the judge the gun.,0
TRUE,4858,"{""Q0"":""The maid gives a cane to the chef.""}",12046,POC,give7,y,The mother gave the expensive toy to the hungry toddler.,The maid gives a cane to the chef.,1
TRUE,2206,"{""Q0"":""The people climb a tree.""}",12835,F,climb,n,The baby is climbing up that steps. ,The people climb a tree.,0