resp_iscorrect,verif_rt,responses,descr_rt,P_type,T_verb,verif_ans,P_sentence,clear_responses,ispo
True,3803.0,"{""Q0"":""the mom gave her son a cake ""}",9819.0,DOI,give4,n,The captain gave the old sailor they spare life jacket.,the mom gave her son a cake ,0
True,3899.0,"{""Q0"":""the man gave his love to his girlfriend ""}",13011.0,POC,give8,y,The travel agent gave the last ticket to the young fan.,the man gave his love to his girlfriend ,0
True,6427.0,"{""Q0"":""the man is sleeping""}",35412.0,F,sleep,n,The mother wolf is sleeping with them pups. ,the man is sleeping,0
True,9136.0,"{""Q0"":""the nurse gives the patient his food ""}",14944.0,DOC,give1,y,The fashion designer gave the famous journalist the pink jacket. ,the nurse gives the patient his food ,0
True,2799.0,"{""Q0"":""the woman shows the clothes to the man ""}",12690.0,POC,show4,y,The architect showed the model of the building to the architect. ,the woman shows the clothes to the man ,0
True,2035.0,"{""Q0"":""the woman looks at herself in the mirror ""}",7812.0,F,look,n,The yellow duck is look at it lake. ,the woman looks at herself in the mirror ,0
True,2893.0,"{""Q0"":""the police officer gave the man a ticket ""}",10774.0,DOI,give3,n,The disgruntled employee gave the manager them long letter.,the police officer gave the man a ticket ,0
True,2575.0,"{""Q0"":""children show a picture to their mom ""}",68303.0,POI,show3,n,The builder showed the blueprints to they new client.,children show a picture to their mom ,1
True,2167.0,"{""Q0"":""the old man washes his window ""}",11342.0,F,wash,y,The dog groomer is washing the golden retriever. ,the old man washes his window ,0
True,3730.0,"{""Q0"":""the librarian hands a book to the kid""}",9455.0,DOI,hand4,n,The secretary handed the manager they invoice.,the librarian hands a book to the kid,1
True,3329.0,"{""Q0"":""the little girl gave a flower to the old woman ""}",14105.0,POI,give5,n,The millionaire gave the valuable painting to they struggling artist.,the little girl gave a flower to the old woman ,1
True,2930.0,"{""Q0"":""the man brushes his teeth ""}",6333.0,F,brush,y,The rock star is brushing his long hair. ,the man brushes his teeth ,0
True,4775.0,"{""Q0"":""the dad gives his daughter a present ""}",13193.0,DOC,give2,y,The woman gave the new neighbor the rusty bike.,the dad gives his daughter a present ,0
True,4610.0,"{""Q0"":""the maid is giving the cane to the chef ""}",12526.0,POC,give7,y,The mother gave the expensive toy to the hungry toddler.,the maid is giving the cane to the chef ,1
True,1970.0,"{""Q0"":""the man is falling on the ice""}",44223.0,F,fall,n,The ball was falling down them ramp. ,the man is falling on the ice,0
True,3405.0,"{""Q0"":""the boy hands the guitar to the singer""}",8238.0,DOC,hand1,y,The teacher handed the student the certificate.,the boy hands the guitar to the singer,1
True,2231.0,"{""Q0"":""the waiter is handing the menu to the man ""}",10367.0,POC,hand7,y,The mean neighbor handed a nasty note to the woman next door. ,the waiter is handing the menu to the man ,1
True,2424.0,"{""Q0"":""both of them are climbing up the tree""}",11127.0,F,climb,n,The baby is climbing up that steps. ,both of them are climbing up the tree,0
True,2321.0,"{""Q0"":""the salesman is showing the couple the car for sale""}",10449.0,DOI,show2,n,The photographer showed the editor them finished proofs.,the salesman is showing the couple the car for sale,0
True,2419.0,"{""Q0"":""the sailor is giving tea to the soldier ""}",13209.0,POI,give6,n,The researcher gave the detailed results to them experienced surgeon.,the sailor is giving tea to the soldier ,0
True,3184.0,"{""Q0"":""the boy reads to the little girl ""}",48910.0,F,read,y,The teacher is reading the magazine to her students. ,the boy reads to the little girl ,0
True,6486.0,"{""Q0"":""the lawyer shows the judge the gun ""}",14560.0,DOC,show1,y,The happy child showed her father the coloring book.,the lawyer shows the judge the gun ,0
True,1894.0,"{""Q0"":""the girl hands a paintbrush to the painter ""}",10092.0,POI,hand5,n,The swimmer handed the towel to they driver. ,the girl hands a paintbrush to the painter ,1
True,1885.0,"{""Q0"":""the boy is carrying the box""}",5595.0,F,carry,y,The stock boy is carrying the egg cartons. ,the boy is carrying the box,0
True,3781.0,"{""Q0"":""the nurse hands it to the doctor ""}",17186.0,DOI,hand3,n,The spy handed the double agent them submarine blueprints.,the nurse hands it to the doctor ,0
True,2778.0,"{""Q0"":""the girl hands the ring to the boy ""}",7009.0,POI,hand6,n,The eager boyfriend handed the box of flowers to them girlfriend.  ,the girl hands the ring to the boy ,1
True,3229.0,"{""Q0"":""the old man is napping""}",5945.0,F,nap,y,The cat is napping on the windowsill. ,the old man is napping,0
True,2116.0,"{""Q0"":""the man hands his hat to the clown ""}",17400.0,DOC,hand2,y,The bartender handed the customer the cocktail.,the man hands his hat to the clown ,0
True,174837.0,"{""Q0"":""the girls is handing the chalk to the boy ""}",10104.0,POC,hand8,y,The good looking bartender handed free drinks to the girls at the bar. ,the girls is handing the chalk to the boy ,1
True,2346.0,"{""Q0"":""the woman is ironing the shirt""}",7972.0,F,iron,n,The man is ironing they wrinkled work shirt. ,the woman is ironing the shirt,0
