resp_iscorrect,verif_rt,responses,descr_rt,P_type,T_verb,verif_ans,P_sentence,clear_responses,ispo
TRUE,4488,"{""Q0"":""The boy hands the guitar to the man""}",19883,DOC,hand1,y,The teacher handed the student the certificate.,The boy hands the guitar to the man,1
TRUE,2783,"{""Q0"":""The lady hands the dish to the man""}",7044,POI,hand6,n,The eager boyfriend handed the box of flowers to them girlfriend.  ,The lady hands the dish to the man,1
TRUE,3361,"{""Q0"":""The old man washes the window.""}",6144,F,wash,y,The dog groomer is washing the golden retriever. ,The old man washes the window.,0
TRUE,7133,"{""Q0"":""He is giving her a present.""}",9294,DOC,give2,y,The woman gave the new neighbor the rusty bike.,He is giving her a present.,0
TRUE,2514,"{""Q0"":""She hands the brush to him.""}",5218,POI,hand5,n,The swimmer handed the towel to they driver. ,She hands the brush to him.,1
TRUE,3024,"{""Q0"":""She reads to the child.""}",18342,F,read,y,The teacher is reading the magazine to her students. ,She reads to the child.,0
TRUE,1942,"{""Q0"":""She hands over the stethoscope.""}",11796,DOI,hand3,n,The spy handed the double agent them submarine blueprints.,She hands over the stethoscope.,0
TRUE,1737,"{""Q0"":""They show her the painting.""}",7501,POI,show3,n,The builder showed the blueprints to they new client.,They show her the painting.,0
TRUE,1380,"{""Q0"":""The children climb.""}",5367,F,climb,n,The baby is climbing up that steps. ,The children climb.,0
TRUE,2571,"{""Q0"":""The seller shows a brand new car.""}",7923,DOI,show2,n,The photographer showed the editor them finished proofs.,The seller shows a brand new car.,0
TRUE,4909,"{""Q0"":""She gives the cane to him""}",6762,POC,give7,y,The mother gave the expensive toy to the hungry toddler.,She gives the cane to him,1
TRUE,2265,"{""Q0"":""The old man was napping""}",8918,F,nap,y,The cat is napping on the windowsill. ,The old man was napping,0
TRUE,3678,"{""Q0"":""She hands over the book""}",5441,DOI,hand4,n,The secretary handed the manager they invoice.,She hands over the book,0
TRUE,2121,"{""Q0"":""The man gives the teapot to him""}",11333,POI,give6,n,The researcher gave the detailed results to them experienced surgeon.,The man gives the teapot to him,1
TRUE,1755,"{""Q0"":""He brushes his teeth""}",4433,F,brush,y,The rock star is brushing his long hair. ,He brushes his teeth,0
TRUE,3913,"{""Q0"":""She gives her the tray""}",7987,DOC,give1,y,The fashion designer gave the famous journalist the pink jacket. ,She gives her the tray,0
TRUE,3448,"{""Q0"":""She shows him her new dress.""}",6955,POC,show4,y,The architect showed the model of the building to the architect. ,She shows him her new dress.,0
TRUE,2236,"{""Q0"":""She irons the brand new shirt""}",4783,F,iron,n,The man is ironing they wrinkled work shirt. ,She irons the brand new shirt,0
TRUE,1935,"{""Q0"":""She gives her a cake.""}",5302,DOI,give4,n,The captain gave the old sailor they spare life jacket.,She gives her a cake.,0
TRUE,4293,"{""Q0"":""She hands him the menu""}",4383,POC,hand7,y,The mean neighbor handed a nasty note to the woman next door. ,She hands him the menu,0
TRUE,2030,"{""Q0"":""THe man sleeps""}",4290,F,sleep,n,The mother wolf is sleeping with them pups. ,THe man sleeps,0
TRUE,4187,"{""Q0"":""The man shows the new gun to his client""}",13819,DOC,show1,y,The happy child showed her father the coloring book.,The man shows the new gun to his client,0
TRUE,2544,"{""Q0"":""She gave flowers to her teacher""}",5607,POI,give5,n,The millionaire gave the valuable painting to they struggling artist.,She gave flowers to her teacher,0
TRUE,2092,"{""Q0"":""She looks at herself in the mirror""}",6717,F,look,n,The yellow duck is look at it lake. ,She looks at herself in the mirror,0
TRUE,2619,"{""Q0"":""He gives him a ticket""}",7959,DOI,give3,n,The disgruntled employee gave the manager them long letter.,He gives him a ticket,0
TRUE,2923,"{""Q0"":""He gave her a note""}",5750,POC,give8,y,The travel agent gave the last ticket to the young fan.,He gave her a note,0
TRUE,1658,"{""Q0"":""The man slipped and fell""}",7305,F,fall,n,The ball was falling down them ramp. ,The man slipped and fell,0
TRUE,4321,"{""Q0"":""The man hands the clown a hat""}",6266,DOC,hand2,y,The bartender handed the customer the cocktail.,The man hands the clown a hat,0
TRUE,3044,"{""Q0"":""The good looking bartender handed free drinks to the girls at the bar.""}",2468,POC,hand8,y,The good looking bartender handed free drinks to the girls at the bar. ,The good looking bartender handed free drinks to the girls at the bar.,1
TRUE,7328,"{""Q0"":""The small boy carries the box""}",5421,F,carry,y,The stock boy is carrying the egg cartons. ,The small boy carries the box,0