resp_iscorrect,verif_rt,responses,descr_rt,P_type,T_verb,verif_ans,P_sentence,clear_responses,ispo
TRUE,4090,"{""Q0"":""Police officers give people speeding tickets""}",14801,DOI,give3,n,The disgruntled employee gave the manager them long letter.,Police officers give people speeding tickets,0
TRUE,3422,"{""Q0"":""The waitress hands the customer a menu""}",12134,POC,hand7,y,The mean neighbor handed a nasty note to the woman next door. ,The waitress hands the customer a menu,0
TRUE,2219,"{""Q0"":""The man brushes his teeth.""}",15403,F,brush,y,The rock star is brushing his long hair. ,The man brushes his teeth.,0
TRUE,3389,"{""Q0"":""The parents give him a cake on his birthday. ""}",18340,DOI,give4,n,The captain gave the old sailor they spare life jacket.,The parents give him a cake on his birthday. ,0
TRUE,12659,"{""Q0"":""She showed him her outfit""}",7674,POC,show4,y,The architect showed the model of the building to the architect. ,She showed him her outfit,0
TRUE,2341,"{""Q0"":""The puddle caused people to fall ""}",11932,F,fall,n,The ball was falling down them ramp. ,The puddle caused people to fall ,0
TRUE,5889,"{""Q0"":""The worker handed the guitar to the musician ""}",10151,DOC,hand1,y,The teacher handed the student the certificate.,The worker handed the guitar to the musician ,1
TRUE,4585,"{""Q0"":""The student handed her classmate a piece of chalk.""}",17748,POC,hand8,y,The good looking bartender handed free drinks to the girls at the bar. ,The student handed her classmate a piece of chalk.,0
TRUE,2434,"{""Q0"":""The old man naps everyday in his bed""}",10076,F,nap,y,The cat is napping on the windowsill. ,The old man naps everyday in his bed,0
TRUE,3408,"{""Q0"":""The doctors gives the patient his medicine ""}",18187,DOC,give1,y,The fashion designer gave the famous journalist the pink jacket. ,The doctors gives the patient his medicine ,0
TRUE,5977,"{""Q0"":""The boy gave his crush a valentines. ""}",12193,POC,give8,y,The travel agent gave the last ticket to the young fan.,The boy gave his crush a valentines. ,0
TRUE,2379,"{""Q0"":""The people climbed the tree""}",5016,F,climb,n,The baby is climbing up that steps. ,The people climbed the tree,0
TRUE,3681,"{""Q0"":""The witness showed the judge the weapon""}",21327,DOC,show1,y,The happy child showed her father the coloring book.,The witness showed the judge the weapon,0
TRUE,5679,"{""Q0"":""The girl handed the painter his brush.""}",11987,POI,hand5,n,The swimmer handed the towel to they driver. ,The girl handed the painter his brush.,0
TRUE,3917,"{""Q0"":""the teacher read the book to her student.""}",22365,F,read,y,The teacher is reading the magazine to her students. ,the teacher read the book to her student.,1
TRUE,7112,"{""Q0"":""The man gave his daughter a present""}",10690,DOC,give2,y,The woman gave the new neighbor the rusty bike.,The man gave his daughter a present,0
TRUE,1886,"{""Q0"":""The students showed their teacher their painting""}",11233,POI,show3,n,The builder showed the blueprints to they new client.,The students showed their teacher their painting,0
TRUE,6999,"{""Q0"":""the man washes the window""}",7854,F,wash,y,The dog groomer is washing the golden retriever. ,the man washes the window,0
TRUE,2039,"{""Q0"":""The librarian handed the student a book""}",9048,DOI,hand4,n,The secretary handed the manager they invoice.,The librarian handed the student a book,0
TRUE,5080,"{""Q0"":""the student gave her teacher flowers""}",13953,POI,give5,n,The millionaire gave the valuable painting to they struggling artist.,the student gave her teacher flowers,0
TRUE,3913,"{""Q0"":""The man sleeps in his bed""}",5069,F,sleep,n,The mother wolf is sleeping with them pups. ,The man sleeps in his bed,0
TRUE,2128,"{""Q0"":""The owner of the car shows customers the car""}",12541,DOI,show2,n,The photographer showed the editor them finished proofs.,The owner of the car shows customers the car,0
TRUE,4536,"{""Q0"":""The sailor gives the an a teapot""}",8639,POI,give6,n,The researcher gave the detailed results to them experienced surgeon.,The sailor gives the an a teapot,0
TRUE,24256,"{""Q0"":""the woman irons her shirt""}",16210,F,iron,n,The man is ironing they wrinkled work shirt. ,the woman irons her shirt,0
TRUE,11836,"{""Q0"":""the man handed the clown the hat""}",14576,DOC,hand2,y,The bartender handed the customer the cocktail.,the man handed the clown the hat,0
TRUE,4817,"{""Q0"":""the waitress gave the worker a cane""}",8465,POC,give7,y,The mother gave the expensive toy to the hungry toddler.,the waitress gave the worker a cane,0
TRUE,11809,"{""Q0"":""the man carries the box""}",12127,F,carry,y,The stock boy is carrying the egg cartons. ,the man carries the box,0
TRUE,4963,"{""Q0"":""the nurse handed the doctor his tool""}",25897,DOI,hand3,n,The spy handed the double agent them submarine blueprints.,the nurse handed the doctor his tool,0
TRUE,22654,"{""Q0"":""the girl handed him the frisbee""}",8154,POI,hand6,n,The eager boyfriend handed the box of flowers to them girlfriend.  ,the girl handed him the frisbee,0
TRUE,2829,"{""Q0"":""the girl looked at her reflection in the mirror""}",9812,F,look,n,The yellow duck is look at it lake. ,the girl looked at her reflection in the mirror,0