resp_iscorrect,verif_rt,responses,descr_rt,P_type,T_verb,verif_ans,P_sentence,clear_responses,ispo
TRUE,3454,"{""Q0"":""The officer gives the man a ticket.""}",16202,DOI,give3,n,The disgruntled employee gave the manager them long letter.,The officer gives the man a ticket.,0
FALSE,24002,"{""Q0"":""She gives the woman a valentine.""}",15499,POC,give8,y,The travel agent gave the last ticket to the young fan.,She gives the woman a valentine.,0
TRUE,2345,"{""Q0"":""He falls on the ground.""}",9705,F,fall,n,The ball was falling down them ramp. ,He falls on the ground.,0
TRUE,2450,"{""Q0"":""The clerk hands him the book.""}",16623,DOI,hand4,n,The secretary handed the manager they invoice.,The clerk hands him the book.,0
TRUE,3166,"{""Q0"":""The sailor gives the soldier a teapot.""}",14904,POI,give6,n,The researcher gave the detailed results to them experienced surgeon.,The sailor gives the soldier a teapot.,0
TRUE,4145,"{""Q0"":""He is carrying the box.""}",6435,F,carry,y,The stock boy is carrying the egg cartons. ,He is carrying the box.,0
TRUE,4467,"{""Q0"":""He gives her a present.""}",8802,DOC,give2,y,The woman gave the new neighbor the rusty bike.,He gives her a present.,0
TRUE,9982,"{""Q0"":""She showed him the dress.""}",10284,POC,show4,y,The architect showed the model of the building to the architect. ,She showed him the dress.,0
TRUE,2538,"{""Q0"":""She irons the shirt.""}",9785,F,iron,n,The man is ironing they wrinkled work shirt. ,She irons the shirt.,0
TRUE,3057,"{""Q0"":""The man showed him the object.""}",24039,DOC,show1,y,The happy child showed her father the coloring book.,The man showed him the object.,0
TRUE,3019,"{""Q0"":""The kids showed her their picture.""}",14961,POI,show3,n,The builder showed the blueprints to they new client.,The kids showed her their picture.,0
TRUE,2685,"{""Q0"":""She looks in the mirror.""}",8027,F,look,n,The yellow duck is look at it lake. ,She looks in the mirror.,0
TRUE,3139,"{""Q0"":""He handed his hat to the clown.""}",11468,DOC,hand2,y,The bartender handed the customer the cocktail.,He handed his hat to the clown.,1
TRUE,6111,"{""Q0"":""She handed him the disk.""}",16645,POI,hand6,n,The eager boyfriend handed the box of flowers to them girlfriend.  ,She handed him the disk.,0
TRUE,1510,"{""Q0"":""They are climbing the tree.""}",6772,F,climb,n,The baby is climbing up that steps. ,They are climbing the tree.,0
TRUE,5670,"{""Q0"":""She gives him soup.""}",8415,DOC,give1,y,The fashion designer gave the famous journalist the pink jacket. ,She gives him soup.,0
TRUE,2642,"{""Q0"":""She gives the woman flowers.""}",8840,POI,give5,n,The millionaire gave the valuable painting to they struggling artist.,She gives the woman flowers.,0
TRUE,3923,"{""Q0"":""He washes the windows.""}",8090,F,wash,y,The dog groomer is washing the golden retriever. ,He washes the windows.,0
TRUE,2899,"{""Q0"":""She hands him the stethoscope.""}",9451,DOI,hand3,n,The spy handed the double agent them submarine blueprints.,She hands him the stethoscope.,0
TRUE,4535,"{""Q0"":""She hands him a menu.""}",6541,POC,hand7,y,The mean neighbor handed a nasty note to the woman next door. ,She hands him a menu.,0
TRUE,1805,"{""Q0"":""He is sleeping.""}",5832,F,sleep,n,The mother wolf is sleeping with them pups. ,He is sleeping.,0
TRUE,2268,"{""Q0"":""The salesman showed them the car.""}",10214,DOI,show2,n,The photographer showed the editor them finished proofs.,The salesman showed them the car.,0
TRUE,4887,"{""Q0"":""She handed the scissors to the worker.""}",30191,POC,hand8,y,The good looking bartender handed free drinks to the girls at the bar. ,She handed the scissors to the worker.,1
TRUE,2829,"{""Q0"":""He brushes his teeth.""}",6785,F,brush,y,The rock star is brushing his long hair. ,He brushes his teeth.,0
TRUE,7337,"{""Q0"":""She handed him the guitar.""}",7670,DOC,hand1,y,The teacher handed the student the certificate.,She handed him the guitar.,0
TRUE,2981,"{""Q0"":""She handed him the cane.""}",8804,POC,give7,y,The mother gave the expensive toy to the hungry toddler.,She handed him the cane.,0
TRUE,6707,"{""Q0"":""She reads to her student.""}",9540,F,read,y,The teacher is reading the magazine to her students. ,She reads to her student.,0
TRUE,2168,"{""Q0"":""She gives her mother a cake.""}",12113,DOI,give4,n,The captain gave the old sailor they spare life jacket.,She gives her mother a cake.,0
TRUE,2465,"{""Q0"":""She handed him a paintbrush.""}",5844,POI,hand5,n,The swimmer handed the towel to they driver. ,She handed him a paintbrush.,0
TRUE,2173,"{""Q0"":""He is taking a nap.""}",7722,F,nap,y,The cat is napping on the windowsill. ,He is taking a nap.,0