resp_iscorrect,verif_rt,responses,descr_rt,P_type,T_verb,verif_ans,P_sentence,clear_responses,ispo
True,5132.0,"{""Q0"":""The nurse gave the patient his medicine.""}",13339.0,DOC,give1,y,The fashion designer gave the famous journalist the pink jacket. ,The nurse gave the patient his medicine.,0
True,4947.0,"{""Q0"":""The students showed the teacher their work.""}",17537.0,POI,show3,n,The builder showed the blueprints to they new client.,The students showed the teacher their work.,0
True,2792.0,"{""Q0"":""I used two mirrors to look at my back.""}",21992.0,F,look,n,The yellow duck is look at it lake. ,I used two mirrors to look at my back.,0
True,4406.0,"{""Q0"":""The officer gave him a ticket.""}",16454.0,DOI,give3,n,The disgruntled employee gave the manager them long letter.,The officer gave him a ticket.,0
True,8555.0,"{""Q0"":""The boy decided to give her a gift.""}",18147.0,POC,give8,y,The travel agent gave the last ticket to the young fan.,The boy decided to give her a gift.,0
True,10333.0,"{""Q0"":""The boy fell asleep at nine.""}",14273.0,F,sleep,n,The mother wolf is sleeping with them pups. ,The boy fell asleep at nine.,0
True,8308.0,"{""Q0"":""The customer showed the clerk the damage.""}",25589.0,DOC,show1,y,The happy child showed her father the coloring book.,The customer showed the clerk the damage.,0
True,4654.0,"{""Q0"":""She handed him the frisbee quickly.""}",16122.0,POI,hand6,n,The eager boyfriend handed the box of flowers to them girlfriend.  ,She handed him the frisbee quickly.,0
True,13108.0,"{""Q0"":""he brushes his teeth twice a day.""}",15556.0,F,brush,y,The rock star is brushing his long hair. ,he brushes his teeth twice a day.,0
True,5462.0,"{""Q0"":""She handed him his forgotten tools.""}",14280.0,DOI,hand3,n,The spy handed the double agent them submarine blueprints.,She handed him his forgotten tools.,0
True,22857.0,"{""Q0"":""The student helped the teacher by handing her chalk.""}",17831.0,POC,hand8,y,The good looking bartender handed free drinks to the girls at the bar. ,The student helped the teacher by handing her chalk.,0
True,4622.0,"{""Q0"":""The boy is reading a novel to his friend.""}",10247.0,F,read,y,The teacher is reading the magazine to her students. ,The boy is reading a novel to his friend.,1
True,3153.0,"{""Q0"":""The librarian handed him the correct book.""}",13494.0,DOI,hand4,n,The secretary handed the manager they invoice.,The librarian handed him the correct book.,0
True,3460.0,"{""Q0"":""His wife showed him the dress.""}",12540.0,POC,show4,y,The architect showed the model of the building to the architect. ,His wife showed him the dress.,0
True,2685.0,"{""Q0"":""She always ironed her laundry.""}",25450.0,F,iron,n,The man is ironing they wrinkled work shirt. ,She always ironed her laundry.,0
True,3072.0,"{""Q0"":""He showed them his favorite car.""}",8898.0,DOI,show2,n,The photographer showed the editor them finished proofs.,He showed them his favorite car.,0
True,3430.0,"{""Q0"":""She gave her teacher the gift of flowers ""}",17303.0,POI,give5,n,The millionaire gave the valuable painting to they struggling artist.,She gave her teacher the gift of flowers ,0
True,2094.0,"{""Q0"":""He fell right on the ice.""}",13332.0,F,fall,n,The ball was falling down them ramp. ,He fell right on the ice.,0
True,6533.0,"{""Q0"":""Her father gave her a birthday gift.""}",14924.0,DOC,give2,y,The woman gave the new neighbor the rusty bike.,Her father gave her a birthday gift.,0
True,5536.0,"{""Q0"":""The sailor gave the teapot to the soldier""}",15704.0,POI,give6,n,The researcher gave the detailed results to them experienced surgeon.,The sailor gave the teapot to the soldier,1
True,2248.0,"{""Q0"":""The children are climbing up the tree.""}",13633.0,F,climb,n,The baby is climbing up that steps. ,The children are climbing up the tree.,0
True,9909.0,"{""Q0"":""his parents gave him a great birthday""}",12811.0,DOI,give4,n,The captain gave the old sailor they spare life jacket.,his parents gave him a great birthday,0
True,6686.0,"{""Q0"":""The waitress handed him the menu""}",16434.0,POC,hand7,y,The mean neighbor handed a nasty note to the woman next door. ,The waitress handed him the menu,0
True,3729.0,"{""Q0"":""The man is washing his window.""}",20735.0,F,wash,y,The dog groomer is washing the golden retriever. ,The man is washing his window.,0
True,3718.0,"{""Q0"":""Her job was to hand him the guitar.""}",13428.0,DOC,hand1,y,The teacher handed the student the certificate.,Her job was to hand him the guitar.,0
True,8074.0,"{""Q0"":""She helped by handing him the brush""}",16388.0,POI,hand5,n,The swimmer handed the towel to they driver. ,She helped by handing him the brush,0
True,4741.0,"{""Q0"":""The man took a very long nap.""}",15352.0,F,nap,y,The cat is napping on the windowsill. ,The man took a very long nap.,0
True,3458.0,"{""Q0"":""He handed the clown his hat.""}",10436.0,DOC,hand2,y,The bartender handed the customer the cocktail.,He handed the clown his hat.,0
True,3855.0,"{""Q0"":""the maid gave her cane to the chef""}",13845.0,POC,give7,y,The mother gave the expensive toy to the hungry toddler.,the maid gave her cane to the chef,1
True,12296.0,"{""Q0"":""He carried the biggest box""}",12950.0,F,carry,y,The stock boy is carrying the egg cartons. ,He carried the biggest box,0
