﻿resp_iscorrect,verif_rt,responses,descr_rt,T_verb,P_type,verif_ans,P_sentence,clear_responses,isactive
FALSE,9945,"{""Q0"":""the cop scold the dancer""}",19979,scold,AC,n,The waitress scolds the boxer.,the cop scold the dancer,1
TRUE,3637,"{""Q0"":""the woman chase the doctor.""}",14860,chase,PC,n,The swimmer is chased by the nun.,the woman chase the doctor.,1
TRUE,2609,"{""Q0"":""the woman kicked the clown""}",21166,kick,AI,y,The policeman kick the boxer.,the woman kicked the clown,1
FALSE,9514,"{""Q0"":""the cowboy punch the doctor.""}",18962,punch,PC,y,The ballerina is punched by the artist.,the cowboy punch the doctor.,1
TRUE,3892,"{""Q0"":""the artist punch the monk .""}",19719,punch,AC,n,The cowboy punches the nun.,the artist punch the monk .,1
TRUE,3344,"{""Q0"":""the artist kiss the clown.""}",14449,kiss,PC,n,The monk is kissed by the swimmer.,the artist kiss the clown.,1
TRUE,5029,"{""Q0"":""the chief shoot the boxer""}",17942,shoot,AI,n,The actress shoot the robber.,the chief shoot the boxer,1
FALSE,3272,"{""Q0"":""the chief shoot the swimmer.""}",16629,shot,PI,y,The ballerina is shooted by the artist.,the chief shoot the swimmer.,1
FALSE,5985,"{""Q0"":""the cop chase the robber""}",11977,chase,AC,y,The nun chases the sailor.,the cop chase the robber,1
TRUE,5706,"{""Q0"":""the boxer pull the clown with the rope""}",23190,pull,PI,n,The waitress is pullen by the pirate.,the boxer pull the clown with the rope,1
FALSE,4029,"{""Q0"":""the professor scold the sailor""}",28105,scold,AC,y,The policeman scolds the doctor.,the professor scold the sailor,1
FALSE,4939,"{""Q0"":""the nun follow the solider ""}",20835,follow,PC,y,The ballerina is followed by the pirate.,the nun follow the solider,1
TRUE,4041,"{""Q0"":""the cop chase the swimmer .""}",16767,chase,AC,n,The policeman chases the robber.,the cop chase the swimmer .,1
TRUE,4045,"{""Q0"":""the professor scold the solider .""}",26311,scold,PC,n,The monk is scolded by the swimmer.,the professor scold the solider .,1
FALSE,3208,"{""Q0"":""the nun kiss the boxer.""}",11941,kiss,AC,y,The artist kisses the ballerina.,the nun kiss the boxer.,1
FALSE,3366,"{""Q0"":""the pirate chase the robber""}",18846,chase,PC,y,The monk is chased by the policeman.,the pirate chase the robber,1
TRUE,3010,"{""Q0"":""the cowboy push the swimmer.""}",17118,push,AI,y,The chef push the clown.,the cowboy push the swimmer.,1
TRUE,4002,"{""Q0"":""the cowboy push the dancer away.""}",15297,push,PI,n,The monk is pushen by the policeman.,the cowboy push the dancer away.,1
TRUE,2890,"{""Q0"":""the artist kiss the soldier.""}",18071,kiss,AC,n,The pirate kisses the clown.,the artist kiss the soldier.,1
TRUE,3555,"{""Q0"":""the cowboy punch the dancer.""}",14149,punch,PC,n,The policeman is punched by the artist.,the cowboy punch the dancer.,1
FALSE,3608,"{""Q0"":""the artist punched the clown.""}",15535,punch,AC,y,The cowboy punches the swimmer.,the artist punched the clown.,1
TRUE,3398,"{""Q0"":""the cowboy slap the dancer.""}",12511,slap,PC,n,The nurse is slapped by  the policeman.,the cowboy slap the dancer.,1
TRUE,3064,"{""Q0"":""the pirate pull the dancer.""}",17311,pull,AI,y,The boxer pull the soldier.,the pirate pull the dancer.,1
FALSE,5025,"{""Q0"":""the cowboy slap the sailor.""}",14613,slap,PC,y,The clown is slapped by the policeman.,the cowboy slap the sailor.,1
TRUE,3488,"{""Q0"":""the cop slap the boxer.""}",14270,slap,AC,n,The cowboy slaps the ballerina.,the cop slap the boxer.,1
TRUE,3590,"{""Q0"":""the woman kick the robber.""}",15997,kick,PI,n,The clown is kicken by the nun.,the woman kick the robber.,1
TRUE,4185,"{""Q0"":""the woman tickle the doctor.""}",13213,tickle,AI,n,The soldier tickle the boxer.,the woman tickle the doctor.,1
FALSE,3322,"{""Q0"":""the woman tickle the monk.""}",11845,tickle,PI,y,The robber is ticklen by the soldier.,the woman tickle the monk.,1
TRUE,2485,"{""Q0"":""the pirate follow the doctor.""}",20053,follow,AC,n,The nun follows the cowboy.,the pirate follow the doctor.,1
FALSE,6979,"{""Q0"":""the cop scold the boxer.""}",10168,scold,PC,y,The doctor is scolded by the professor.,the cop scold the boxer.,1
TRUE,9514,"{""Q0"":""the sailor touched the swimmer.""}",16549,touch,AI,n,The waitress touch the professor.,the sailor touched the swimmer.,1
FALSE,4263,"{""Q0"":""the sailor touch the clown.""}",27567,touch,PI,y,The doctor is touchen by the waitress.,the sailor touch the clown.,1
TRUE,38665,"{""Q0"":""the pirate follow the sailor.""}",22620,follow,AC,y,The nun follows the doctor.,the pirate follow the sailor.,1
TRUE,2509,"{""Q0"":""the nun follow the boxer.""}",10269,follow,PC,n,The ballerina is followed by the pirate.,the nun follow the boxer.,1
FALSE,3431,"{""Q0"":""the cop slap the swimmer.""}",8949,slap,AC,y,The cowboy slaps the professor.,the cop slap the swimmer.,1
FALSE,2635,"{""Q0"":""the nun kiss the dancer.""}",9232,kiss,PC,y,The boxer is kissed by the artist.,the nun kiss the dancer.,1