﻿resp_iscorrect,verif_rt,responses,descr_rt,T_verb,P_type,verif_ans,P_sentence,clear_responses,isactive
TRUE,13985,"{""Q0"":""The pirate is pulling the ballerina. ""}",20664,pull,AI,y,The boxer pull the soldier.,The pirate is pulling the ballerina.,1
TRUE,5259,"{""Q0"":""The policeman scolds the boxer.""}",17608,scold,PC,y,The doctor is scolded by the professor.,The policeman scolds the boxer.,1
TRUE,3080,"{""Q0"":""The policeman chases the burglar. ""}",36346,chase,AC,y,The nun chases the sailor.,The policeman chases the burglar.,1
FALSE,4384,"{""Q0"":""The ballerina is punched by the cowboy.""}",24627,punch,PC,n,The policeman is punched by the artist.,The ballerina is punched by the cowboy.,0
TRUE,3280,"{""Q0"":""The doctor is tickled by the waitress.""}",26992,tickle,AI,n,The soldier tickle the boxer.,The doctor is tickled by the waitress.,0
TRUE,16770,"{""Q0"":""The clown is kissed by the artist.""}",22484,kiss,PC,n,The monk is kissed by the swimmer.,The clown is kissed by the artist.,0
TRUE,6667,"{""Q0"":""The artist punches the clown.""}",13141,punch,AC,y,The cowboy punches the swimmer.,The artist punches the clown.,1
FALSE,4619,"{""Q0"":""The friar is tickled by the waitress.""}",24108,tickle,PI,y,The robber is ticklen by the soldier.,The friar is tickled by the waitress.,0
TRUE,4150,"{""Q0"":""The policeman slaps the boxer.""}",14193,slap,AC,n,The cowboy slaps the ballerina.,The policeman slaps the boxer.,1
TRUE,1757,"{""Q0"":""The cowboy slaps the ballerina.""}",12702,slap,PC,n,The nurse is slapped by  the policeman.,The cowboy slaps the ballerina.,1
FALSE,2091,"{""Q0"":""The cowboy pushes the swimmer.""}",12346,push,AI,y,The chef push the clown.,The cowboy pushes the swimmer.,1
TRUE,7436,"{""Q0"":""The pirate chases the robber.""}",11724,chase,PC,y,The monk is chased by the policeman.,The pirate chases the robber.,1
TRUE,3649,"{""Q0"":""The nun kisses the boxer.""}",24517,kiss,AC,y,The artist kisses the ballerina.,The nun kisses the boxer.,1
TRUE,2647,"{""Q0"":""The waitress kicks the robber.""}",13496,kick,PI,n,The clown is kicken by the nun.,The waitress kicks the robber.,1
TRUE,4300,"{""Q0"":""The sailor is scolded by the principal.""}",27468,scold,AC,y,The policeman scolds the doctor.,The sailor is scolded by the principal.,0
TRUE,3060,"{""Q0"":""The soldier is scolded by the principal.""}",25486,scold,PC,n,The monk is scolded by the swimmer.,The soldier is scolded by the principal.,0
TRUE,1989,"{""Q0"":""The policeman chases the swimmer.""}",13319,chase,AC,n,The policeman chases the robber.,The policeman chases the swimmer.,1
TRUE,4135,"{""Q0"":""The nun follows the soldier.""}",15753,follow,PC,y,The ballerina is followed by the pirate.,The nun follows the soldier.,1
TRUE,4944,"{""Q0"":""The pirate follows the sailor.""}",15005,follow,AC,y,The nun follows the doctor.,The pirate follows the sailor.,1
TRUE,2492,"{""Q0"":""The nun follows the boxer.""}",13723,follow,PC,n,The ballerina is followed by the pirate.,The nun follows the boxer.,1
TRUE,2777,"{""Q0"":""The pirate is following the doctor.""}",14023,follow,AC,n,The nun follows the cowboy.,The pirate is following the doctor.,1
TRUE,4191,"{""Q0"":""The doctor is punched by the cowboy.""}",12699,punch,PC,y,The ballerina is punched by the artist.,The doctor is punched by the cowboy.,0
TRUE,1780,"{""Q0"":""The ballerina is scolded by the policeman.""}",16002,scold,AC,n,The waitress scolds the boxer.,The ballerina is scolded by the policeman.,0
FALSE,2812,"{""Q0"":""The chef shoots the swimmer.""}",11664,shot,PI,y,The ballerina is shooted by the artist.,The chef shoots the swimmer.,1
FALSE,4833,"{""Q0"":""The waitress kicked the clown.""}",17408,kick,AI,y,The policeman kick the boxer.,The waitress kicked the clown.,1
TRUE,2496,"{""Q0"":""The boxer pulls the clown.""}",10553,pull,PI,n,The waitress is pullen by the pirate.,The boxer pulls the clown.,1
TRUE,5852,"{""Q0"":""The artist punches the monk.""}",22488,punch,AC,n,The cowboy punches the nun.,The artist punches the monk.,1
TRUE,16082,"{""Q0"":""The doctor is chased by the waitress.""}",16718,chase,PC,n,The swimmer is chased by the nun.,The doctor is chased by the waitress.,0
TRUE,10262,"{""Q0"":""The swimmer is touched by the sailor.""}",14723,touch,AI,n,The waitress touch the professor.,The swimmer is touched by the sailor.,0
TRUE,7310,"{""Q0"":""The sailor is slapped by the cowboy.""}",15237,slap,PC,y,The clown is slapped by the policeman.,The sailor is slapped by the cowboy.,0
TRUE,1702,"{""Q0"":""The soldier is kissed by the artist.""}",13824,kiss,AC,n,The pirate kisses the clown.,The soldier is kissed by the artist.,0
TRUE,2804,"{""Q0"":""The ballerina is pushed by the cowboy.""}",13139,push,PI,n,The monk is pushen by the policeman.,The ballerina is pushed by the cowboy.,0
TRUE,2113,"{""Q0"":""The policeman slaps the swimmer.""}",11312,slap,AC,y,The cowboy slaps the professor.,The policeman slaps the swimmer.,1
TRUE,4497,"{""Q0"":""The ballerina is kissed by the nun.""}",13981,kiss,PC,y,The boxer is kissed by the artist.,The ballerina is kissed by the nun.,0
TRUE,2709,"{""Q0"":""The chef shoots the boxer.""}",13194,shoot,AI,n,The actress shoot the robber.,The chef shoots the boxer.,1
FALSE,1936,"{""Q0"":""The clown is touched by the sailor.""}",15430,touch,PI,y,The doctor is touchen by the waitress.,The clown is touched by the sailor.,0