﻿resp_iscorrect,verif_rt,responses,descr_rt,T_verb,P_type,verif_ans,P_sentence,clear_responses,isactive
TRUE,2675,"{""Q0"":""The police officer is scolding the ballerina.""}",11326,scold,AC,n,The waitress scolds the boxer.,The police officer is scolding the ballerina.,1
TRUE,2737,"{""Q0"":""The waitress kicked the burglar.""}",10006,kick,PI,n,The clown is kicken by the nun.,The waitress kicked the burglar.,1
TRUE,2097,"{""Q0"":""The waitress kicks the clown.""}",6446,kick,AI,y,The policeman kick the boxer.,The waitress kicks the clown.,1
TRUE,1962,"{""Q0"":""The nun kisses the ballerina.""}",9046,kiss,PC,y,The boxer is kissed by the artist.,The nun kisses the ballerina.,1
TRUE,773,"{""Q0"":""The pirate pulls the ballerina.""}",6847,pull,AI,y,The boxer pull the soldier.,The pirate pulls the ballerina.,1
TRUE,3322,"{""Q0"":""The sailor is slapped by the cowboy.""}",8230,slap,PC,y,The clown is slapped by the policeman.,The sailor is slapped by the cowboy.,0
TRUE,857,"{""Q0"":""The police officer slaps the swimmer.""}",10205,slap,AC,y,The cowboy slaps the professor.,The police officer slaps the swimmer.,1
TRUE,957,"{""Q0"":""The robber is chased by the pirate.""}",16013,chase,PC,y,The monk is chased by the policeman.,The robber is chased by the pirate.,0
TRUE,770,"{""Q0"":""The professor scolds the sailor.""}",7566,scold,AC,y,The policeman scolds the doctor.,The professor scolds the sailor.,1
FALSE,2599,"{""Q0"":""The chef  shoots the swimmer.""}",9934,shot,PI,y,The ballerina is shooted by the artist.,The chef  shoots the swimmer.,1
TRUE,1915,"{""Q0"":""The police officer slaps the boxer.""}",12918,slap,AC,n,The cowboy slaps the ballerina.,The police officer slaps the boxer.,1
TRUE,2108,"{""Q0"":""The monk follows the boxer.""}",9789,follow,PC,n,The ballerina is followed by the pirate.,The monk follows the boxer.,1
TRUE,1673,"{""Q0"":""The nun kisses the boxer.""}",6998,kiss,AC,y,The artist kisses the ballerina.,The nun kisses the boxer.,1
TRUE,2467,"{""Q0"":""The ballerina is pushed by the cowboy.""}",9654,push,PI,n,The monk is pushen by the policeman.,The ballerina is pushed by the cowboy.,0
TRUE,1274,"{""Q0"":""The sailor is followed by the pirate.""}",7903,follow,AC,y,The nun follows the doctor.,The sailor is followed by the pirate.,0
TRUE,1644,"{""Q0"":""The ballerina is punched by the cowboy.""}",6582,punch,PC,n,The policeman is punched by the artist.,The ballerina is punched by the cowboy.,0
TRUE,3938,"{""Q0"":""The clown is punched by the artist.""}",6356,punch,AC,y,The cowboy punches the swimmer.,The clown is punched by the artist.,0
TRUE,1783,"{""Q0"":""The soldier is scolded by the professor.""}",12589,scold,PC,n,The monk is scolded by the swimmer.,The soldier is scolded by the professor.,0
TRUE,11719,"{""Q0"":""The pirate follows the doctor.""}",9926,follow,AC,n,The nun follows the cowboy.,The pirate follows the doctor.,1
TRUE,569,"{""Q0"":""The sailor touches the clown.""}",8348,touch,PI,y,The doctor is touchen by the waitress.,The sailor touches the clown.,1
TRUE,2123,"{""Q0"":""The monk is punched by the artist.""}",6805,punch,AC,n,The cowboy punches the nun.,The monk is punched by the artist.,0
TRUE,980,"{""Q0"":""The soldier is followed by the nun.""}",7775,follow,PC,y,The ballerina is followed by the pirate.,The soldier is followed by the nun.,0
TRUE,2520,"{""Q0"":""The chef shoots the boxer.""}",7686,shoot,AI,n,The actress shoot the robber.,The chef shoots the boxer.,1
TRUE,1470,"{""Q0"":""The clown is pulled by the boxer.""}",7630,pull,PI,n,The waitress is pullen by the pirate.,The clown is pulled by the boxer.,0
TRUE,12132,"{""Q0"":""The artist kisses the soldier.""}",8126,kiss,AC,n,The pirate kisses the clown.,The artist kisses the soldier.,1
TRUE,20337,"{""Q0"":""The doctor is punched by the cowboy.""}",10536,punch,PC,y,The ballerina is punched by the artist.,The doctor is punched by the cowboy.,0
TRUE,2081,"{""Q0"":""The swimmer is touched by the sailor.""}",9093,touch,AI,n,The waitress touch the professor.,The swimmer is touched by the sailor.,0
FALSE,3864,"{""Q0"":""The monk is tickled by the waitress.""}",7238,tickle,PI,y,The robber is ticklen by the soldier.,The monk is tickled by the waitress.,0
TRUE,1508,"{""Q0"":""The police officer chases the robber.""}",7428,chase,AC,y,The nun chases the sailor.,The police officer chases the robber.,1
TRUE,1738,"{""Q0"":""The ballerina is slapped by the cowboy.""}",6388,slap,PC,n,The nurse is slapped by  the policeman.,The ballerina is slapped by the cowboy.,0
TRUE,2375,"{""Q0"":""The swimmer is chased by the policeman.""}",11117,chase,AC,n,The policeman chases the robber.,The swimmer is chased by the policeman.,0
TRUE,2660,"{""Q0"":""The boxer is scolded by the police officer.""}",14344,scold,PC,y,The doctor is scolded by the professor.,The boxer is scolded by the police officer.,0
TRUE,2048,"{""Q0"":""The doctor is tickled by the waitress.""}",7284,tickle,AI,n,The soldier tickle the boxer.,The doctor is tickled by the waitress.,0
TRUE,1714,"{""Q0"":""The doctor is chased by the waitress.""}",5816,chase,PC,n,The swimmer is chased by the nun.,The doctor is chased by the waitress.,0
TRUE,1273,"{""Q0"":""The swimmer is pushed by the cowboy.""}",11093,push,AI,y,The chef push the clown.,The swimmer is pushed by the cowboy.,0
TRUE,7895,"{""Q0"":""The clown is kissed by the artist.""}",8883,kiss,PC,n,The monk is kissed by the swimmer.,The clown is kissed by the artist.,0