resp_iscorrect,verif_rt,responses,descr_rt,T_verb,P_type,verif_ans,P_sentence,clear_responses,isactive
TRUE,3109,"{""Q0"":""Thief pull the girl.""}",17718,pull,AI,y,The boxer pull the soldier.,Thief pull the girl.,1
FALSE,9412,"{""Q0"":""The girl is pushen by the cowboy.""}",22651,push,PI,n,The monk is pushen by the policeman.,The girl is pushen by the cowboy.,0
FALSE,4983,"{""Q0"":""The soldier scolds the woman.""}",15428,scold,AC,n,The waitress scolds the boxer.,The soldier scolds the woman.,1
TRUE,8755,"{""Q0"":""A solider is followed by the monk.""}",41989,follow,PC,y,The ballerina is followed by the pirate. ,A solider is followed by the monk.,0
FALSE,7453,"{""Q0"":""A painter punch the monk.""}",13290,punch,AC,n,The cowboy punches the nun.,A painter punch the monk.,1
FALSE,6613,"{""Q0"":""A cowboy punch the woman.""}",17923,punch,PC,n,The policeman is punched by the artist.,A cowboy punch the woman.,1
FALSE,5938,"{""Q0"":""The chef shoot the boxer.""}",11038,shoot,AI,n,The actress shoot the robber. ,The chef shoot the boxer.,1
TRUE,4758,"{""Q0"":""A boxer is followed by the monk.""}",11641,follow,PC,n,The ballerina is followed by the pirate.,A boxer is followed by the monk.,0
TRUE,5901,"{""Q0"":""The swimmer is chased by the policeman.""}",31421,chase,AC,n,The policeman chases the robber.,The swimmer is chased by the policeman.,0
TRUE,6247,"{""Q0"":""The sailor is slapped by the cowboy.""}",17595,slap,PC,y,The clown is slapped by the policeman.,The sailor is slapped by the cowboy.,0
TRUE,4629,"{""Q0"":""The painter punches the joker.""}",15564,punch,AC,y,The cowboy punches the swimmer.,The painter punches the joker.,1
FALSE,5944,"{""Q0"":""The professor scolds the security guy.""}",24142,scold,PC,n,The monk is scolded by the swimmer. ,The professor scolds the security guy.,1
FALSE,2873,"{""Q0"":""The waitress tickles the doctor.""}",10330,tickle,AI,n,The soldier tickle the boxer.,The waitress tickles the doctor.,1
FALSE,3341,"{""Q0"":""The joker is pullen by the boxer.""}",16908,pull,PI,n,The waitress is pullen by the pirate. ,The joker is pullen by the boxer.,0
TRUE,5890,"{""Q0"":""The policeman slaps the swimmer.""}",12045,slap,AC,y,The cowboy slaps the professor.,The policeman slaps the swimmer.,1
TRUE,3486,"{""Q0"":""The clown is touchen by the sailor.""}",39109,touch,PI,y,The doctor is touchen by the waitress.,The clown is touchen by the sailor.,1
TRUE,3097,"{""Q0"":""The sailor touch the swimmer.""}",17013,touch,AI,n,The waitress touch the professor.,The sailor touch the swimmer.,1
TRUE,4907,"{""Q0"":""The swimmer is shooted by the chef.""}",14209,shot,PI,y,The ballerina is shooted by the artist. ,The swimmer is shooted by the chef.,0
TRUE,2064,"{""Q0"":""The waitress kick the clown.""}",11547,kick,AI,y,The policeman kick the boxer.,The waitress kick the clown.,1
TRUE,3522,"{""Q0"":""The ballerina is kissed by the nun.""}",12611,kiss,PC,y,The boxer is kissed by the artist.,The ballerina is kissed by the nun.,0
TRUE,2438,"{""Q0"":""The professor scolds the sailor.""}",10647,scold,AC,y,The policeman scolds the doctor.,The professor scolds the sailor.,1
FALSE,5025,"{""Q0"":""The waitress kicks the thief.""}",22843,kick,PI,n,The clown is kicken by the nun. ,The waitress kicks the thief.,1
TRUE,4201,"{""Q0"":""The police is kissed by the artist.""}",16963,kiss,AC,n,The pirate kisses the clown.,The police is kissed by the artist.,0
TRUE,6765,"{""Q0"":""The boxer is scolded by the policeman.""}",14357,scold,PC,y,The doctor is scolded by the professor. ,The boxer is scolded by the policeman.,0
TRUE,3602,"{""Q0"":""A cowboy push the swimmer.""}",14452,push,AI,y,The chef push the clown.,A cowboy push the swimmer.,1
TRUE,2802,"{""Q0"":""The doctor is chased by the waitress.""}",10788,chase,PC,n,The swimmer is chased by the nun.,The doctor is chased by the waitress.,0
TRUE,2320,"{""Q0"":""The policeman chases the thief.""}",15171,chase,AC,y,The nun chases the sailor.,The policeman chases the thief.,1
TRUE,6431,"{""Q0"":""The cowboy slapped the ballerina.""}",22725,slap,PC,n,The nurse is slapped by  the policeman.,The cowboy slapped the ballerina.,1
TRUE,3070,"{""Q0"":""The pirate follows the doctor.""}",20341,follow,AC,n,The nun follows the cowboy.,The pirate follows the doctor.,1
TRUE,3576,"{""Q0"":""The thief is chased by the pirate.""}",17060,chase,PC,y,The monk is chased by the policeman.,The thief is chased by the pirate.,0
TRUE,2596,"{""Q0"":""The pirate follows the sailor.""}",10358,follow,AC,y,The nun follows the doctor.,The pirate follows the sailor.,1
TRUE,3639,"{""Q0"":""The waitress tickles the monk.""}",14297,tickle,PI,y,The robber is ticklen by the soldier. ,The waitress tickles the monk.,1
TRUE,2979,"{""Q0"":""The policeman slaps the boxer.""}",9398,slap,AC,n,The cowboy slaps the ballerina.,The policeman slaps the boxer.,1
TRUE,3054,"{""Q0"":""The artist kisses the clown.""}",13407,kiss,PC,n,The monk is kissed by the swimmer.,The artist kisses the clown.,1
TRUE,5825,"{""Q0"":""The nun kisses the boxer.""}",9306,kiss,AC,y,The artist kisses the ballerina.,The nun kisses the boxer.,1
TRUE,6378,"{""Q0"":""The cowboy punches the doctor.""}",12972,punch,PC,y,The ballerina is punched by the artist.,The cowboy punches the doctor.,1