﻿resp_iscorrect,verif_rt,responses,descr_rt,T_verb,P_type,verif_ans,P_sentence,clear_responses,isactive
TRUE,9987,"{""Q0"":""the sailor touches the swimmer""}",15745,touch,AI,n,The waitress touch the professor.,the sailor touches the swimmer,1
FALSE,3987,"{""Q0"":""the cowboy slapped the dancer""}",19111,slap,PC,n,The nurse is slapped by  the policeman.,the cowboy slapped the dancer,1
FALSE,5511,"{""Q0"":""the pirate pulls the dancer""}",14359,pull,AI,y,The boxer pull the soldier.,the pirate pulls the dancer,1
TRUE,3274,"{""Q0"":""the soldier scolds the boxer""}",15311,scold,PC,y,The doctor is scolded by the professor.,the soldier scolds the boxer,1
TRUE,3025,"{""Q0"":""the police officer chases the robber""}",20476,chase,AC,y,The nun chases the sailor.,the police officer chases the robber,1
FALSE,3239,"{""Q0"":""the chef shoots the swimmer""}",17441,shot,PI,y,The ballerina is shooted by the artist.,the chef shoots the swimmer,1
FALSE,15487,"{""Q0"":""the artist punched the angel""}",17834,punch,AC,n,The cowboy punches the nun.,the artist punched the angel,1
TRUE,3145,"{""Q0"":""the cowboy punches the doctor""}",14084,punch,PC,y,The ballerina is punched by the artist.,the cowboy punches the doctor,1
TRUE,2811,"{""Q0"":""the artist is punching the clown""}",16361,punch,AC,y,The cowboy punches the swimmer.,the artist is punching the clown,1
FALSE,7296,"{""Q0"":""the waitress is chasing the doctor""}",17237,chase,PC,n,The swimmer is chased by the nun.,the waitress is chasing the doctor,1
FALSE,3782,"{""Q0"":""the clown slaps the boxer""}",16479,slap,AC,n,The cowboy slaps the ballerina.,the clown slaps the boxer,1
FALSE,3768,"{""Q0"":""the waitress tickles the priest""}",15810,tickle,PI,y,The robber is ticklen by the soldier.,the waitress tickles the priest,1
FALSE,3033,"{""Q0"":""the cowboy pushes the swimmer""}",13022,push,AI,y,The chef push the clown.,the cowboy pushes the swimmer,1
TRUE,4981,"{""Q0"":""the priest kisses the dancer""}",37335,kiss,PC,y,The boxer is kissed by the artist.,the priest kisses the dancer,1
TRUE,2533,"{""Q0"":""the waitress tickles the doctor""}",12930,tickle,AI,n,The soldier tickle the boxer.,the waitress tickles the doctor,1
FALSE,3753,"{""Q0"":""the priest followed the boxer""}",13553,follow,PC,n,The ballerina is followed by the pirate.,the priest followed the boxer,1
FALSE,3241,"{""Q0"":""the dancer is scolded by the police officer""}",14945,scold,AC,n,The waitress scolds the boxer.,the dancer is scolded by the police officer,0
TRUE,3169,"{""Q0"":""the waitress kicks the robber""}",13102,kick,PI,n,The clown is kicken by the nun.,the waitress kicks the robber,1
TRUE,5546,"{""Q0"":""the professor scolds the sailor""}",13253,scold,AC,y,The policeman scolds the doctor.,the professor scolds the sailor,1
TRUE,8589,"{""Q0"":""the pirate chases the robber""}",13794,chase,PC,y,The monk is chased by the policeman.,the pirate chases the robber,1
FALSE,2662,"{""Q0"":""the police officer is chasing the swimmer""}",17200,chase,AC,n,The policeman chases the robber.,the police officer is chasing the swimmer,1
TRUE,2590,"{""Q0"":""the boxer pulls the clown""}",13761,pull,PI,n,The waitress is pullen by the pirate.,the boxer pulls the clown,1
TRUE,3199,"{""Q0"":""the nun kisses the boxer""}",11457,kiss,AC,y,The artist kisses the ballerina.,the nun kisses the boxer,1
TRUE,3990,"{""Q0"":""the cowboy slapped the sailor""}",13015,slap,PC,y,The clown is slapped by the policeman.,the cowboy slapped the sailor,1
FALSE,2453,"{""Q0"":""the waitress kicked the clown""}",13881,kick,AI,y,The policeman kick the boxer.,the waitress kicked the clown,1
FALSE,3494,"{""Q0"":""the screen is blank""}",13356,punch,PC,n,The policeman is punched by the artist., , 
FALSE,3458,"{""Q0"":""the artist kisses the soldier""}",14036,kiss,AC,n,The pirate kisses the clown.,the artist kisses the soldier,1
TRUE,2710,"{""Q0"":""the nun is following the soldier""}",11957,follow,PC,y,The ballerina is followed by the pirate.,the nun is following the soldier,1
FALSE,70766,"{""Q0"":""the pirate follows the doctor""}",12165,follow,AC,n,The nun follows the cowboy.,the pirate follows the doctor,1
FALSE,6924,"{""Q0"":""the artist is kissing the clown""}",13021,kiss,PC,n,The monk is kissed by the swimmer.,the artist is kissing the clown,1
TRUE,2574,"{""Q0"":""the pirate follows the sailor""}",12178,follow,AC,y,The nun follows the doctor.,the pirate follows the sailor,1
FALSE,5500,"{""Q0"":""the professor is scolding the soldier""}",13653,scold,PC,n,The monk is scolded by the swimmer.,the professor is scolding the soldier,1
TRUE,14946,"{""Q0"":""the policeman slapped the swimmer""}",18623,slap,AC,y,The cowboy slaps the professor.,the policeman slapped the swimmer,1
FALSE,2638,"{""Q0"":""the sailor touches the clown""}",10517,touch,PI,y,The doctor is touchen by the waitress.,the sailor touches the clown,1
TRUE,2663,"{""Q0"":""the chef shot the boxer""}",10815,shoot,AI,n,The actress shoot the robber.,the chef shot the boxer,1
TRUE,1942,"{""Q0"":""the cowboy pushes the dancer""}",11979,push,PI,n,The monk is pushen by the policeman.,the cowboy pushes the dancer,1