﻿resp_iscorrect,verif_rt,responses,descr_rt,T_verb,P_type,verif_ans,P_sentence,clear_responses,isactive
TRUE,1938,"{""Q0"":""The pirate follows the sailor.""}",10045,follow,AC,y,The nun follows the doctor.,The pirate follows the sailor.,1
FALSE,8140,"{""Q0"":""The cowboy punched the ballerina.""}",16527,punch,PC,n,The policeman is punched by the artist.,The cowboy punched the ballerina.,1
FALSE,7946,"{""Q0"":""The police officer scolds the ballerina.""}",8674,scold,AC,n,The waitress scolds the boxer.,The police officer scolds the ballerina.,1
TRUE,5122,"{""Q0"":""The waitress kicks the robber.""}",11692,kick,PI,n,The clown is kicken by the nun.,The waitress kicks the robber.,1
TRUE,7182,"{""Q0"":""The waitress tickles the doctor.""}",11078,tickle,AI,n,The soldier tickle the boxer.,The waitress tickles the doctor.,1
TRUE,3034,"{""Q0"":""The waitress tickles the priest.""}",11133,tickle,PI,y,The robber is ticklen by the soldier.,The waitress tickles the priest.,1
TRUE,3061,"{""Q0"":""The artist punches the clown.""}",13613,punch,AC,y,The cowboy punches the swimmer.,The artist punches the clown.,1
TRUE,3326,"{""Q0"":""The police officer scolds the boxer.""}",10814,scold,PC,y,The doctor is scolded by the professor.,The police officer scolds the boxer.,1
TRUE,2146,"{""Q0"":""The sailor touches the swimmer.""}",10143,touch,AI,n,The waitress touch the professor.,The sailor touches the swimmer.,1
TRUE,2427,"{""Q0"":""The nun kisses the dancer.""}",12124,kiss,PC,y,The boxer is kissed by the artist.,The nun kisses the dancer.,1
TRUE,2627,"{""Q0"":""The nun kisses the boxer.""}",10077,kiss,AC,y,The artist kisses the ballerina.,The nun kisses the boxer.,1
TRUE,6523,"{""Q0"":""The cowboy pushes the ballerina.""}",7526,push,PI,n,The monk is pushen by the policeman.,The cowboy pushes the ballerina.,1
TRUE,2650,"{""Q0"":""The pirate follows the doctor.""}",8951,follow,AC,n,The nun follows the cowboy.,The pirate follows the doctor.,1
TRUE,2152,"{""Q0"":""The waitress chases the doctor.""}",9806,chase,PC,n,The swimmer is chased by the nun.,The waitress chases the doctor.,1
TRUE,1817,"{""Q0"":""The police officer slaps the swimmer.""}",24870,slap,AC,y,The cowboy slaps the professor.,The police officer slaps the swimmer.,1
TRUE,1891,"{""Q0"":""The professor scolds the soldier.""}",13704,scold,PC,n,The monk is scolded by the swimmer.,The professor scolds the soldier.,1
TRUE,2562,"{""Q0"":""The police officer chases the swimmer.""}",8652,chase,AC,n,The policeman chases the robber.,The police officer chases the swimmer.,1
TRUE,3341,"{""Q0"":""The cowboy slaps the ballerina.""}",6173,slap,PC,n,The nurse is slapped by  the policeman.,The cowboy slaps the ballerina.,1
TRUE,4229,"{""Q0"":""The pirate pulls the ballerina.""}",26453,pull,AI,y,The boxer pull the soldier.,The pirate pulls the ballerina.,1
TRUE,2150,"{""Q0"":""The artist kisses the clown.""}",10101,kiss,PC,n,The monk is kissed by the swimmer.,The artist kisses the clown.,1
TRUE,9845,"{""Q0"":""The police officer slaps the boxer.""}",10782,slap,AC,n,The cowboy slaps the ballerina.,The police officer slaps the boxer.,1
TRUE,4206,"{""Q0"":""The sailor touches the clown.""}",9884,touch,PI,y,The doctor is touchen by the waitress.,The sailor touches the clown.,1
TRUE,11580,"{""Q0"":""The chef shoots the boxer.""}",7966,shoot,AI,n,The actress shoot the robber.,The chef shoots the boxer.,1
FALSE,13905,"{""Q0"":""The chef shoots the swimmer.""}",13156,shot,PI,y,The ballerina is shooted by the artist.,The chef shoots the swimmer.,1
TRUE,1884,"{""Q0"":""The artist kisses the soldier.""}",12036,kiss,AC,n,The pirate kisses the clown.,The artist kisses the soldier.,1
TRUE,2216,"{""Q0"":""The boxer pulls the clown.""}",8310,pull,PI,n,The waitress is pullen by the pirate.,The boxer pulls the clown.,1
TRUE,3197,"{""Q0"":""The cowboy pushes the swimmer.""}",13095,push,AI,y,The chef push the clown.,The cowboy pushes the swimmer.,1
TRUE,4900,"{""Q0"":""The pirate is chasing the robber.""}",12374,chase,PC,y,The monk is chased by the policeman.,The pirate is chasing the robber.,1
TRUE,5743,"{""Q0"":""The waitress kicked the clown.""}",15118,kick,AI,y,The policeman kick the boxer.,The waitress kicked the clown.,1
TRUE,2144,"{""Q0"":""The nun is following the soldier.""}",11808,follow,PC,y,The ballerina is followed by the pirate.,The nun is following the soldier.,1
TRUE,2970,"{""Q0"":""The professor scolds the sailor.""}",8863,scold,AC,y,The policeman scolds the doctor.,The professor scolds the sailor.,1
TRUE,2770,"{""Q0"":""The cowboy slapped the sailor.""}",9509,slap,PC,y,The clown is slapped by the policeman.,The cowboy slapped the sailor.,1
TRUE,3144,"{""Q0"":""The artist punched the monk.""}",12141,punch,AC,n,The cowboy punches the nun.,The artist punched the monk.,1
TRUE,2422,"{""Q0"":""The nun is following the boxer.""}",11022,follow,PC,n,The ballerina is followed by the pirate.,The nun is following the boxer.,1
TRUE,2854,"{""Q0"":""The police officer chases the robber.""}",12349,chase,AC,y,The nun chases the sailor.,The police officer chases the robber.,1
TRUE,5250,"{""Q0"":""The cowboy punched the doctor.""}",10701,punch,PC,y,The ballerina is punched by the artist.,The cowboy punched the doctor.,1