﻿resp_iscorrect,verif_rt,responses,descr_rt,T_verb,P_type,verif_ans,P_sentence,clear_responses,isactive
TRUE,4380,"{""Q0"":""the pirate follows the sailor""}",9069,follow,AC,y,The nun follows the doctor.,the pirate follows the sailor,1
TRUE,1833,"{""Q0"":""the nun follows the soldier""}",8616,follow,PC,y,The ballerina is followed by the pirate.,the nun follows the soldier,1
TRUE,4137,"{""Q0"":""the maid tickles the doctor""}",14219,tickle,AI,n,The soldier tickle the boxer.,the maid tickles the doctor,1
TRUE,2117,"{""Q0"":""the waitress kicks the robber""}",8875,kick,PI,n,The clown is kicken by the nun.,the waitress kicks the robber,1
TRUE,3512,"{""Q0"":""the artist kisses the soldier""}",19653,kiss,AC,n,The pirate kisses the clown.,the artist kisses the soldier,1
TRUE,2581,"{""Q0"":""the teacher scolds the soldier""}",10468,scold,PC,n,The monk is scolded by the swimmer.,the teacher scolds the soldier,1
TRUE,7102,"{""Q0"":""the waitress kicks the clown""}",8111,kick,AI,y,The policeman kick the boxer.,the waitress kicks the clown,1
TRUE,6415,"{""Q0"":""the cowboy punches the ballerina""}",7490,punch,PC,n,The policeman is punched by the artist.,the cowboy punches the ballerina,1
TRUE,3130,"{""Q0"":""the sailor touches the swimmer""}",10037,touch,AI,n,The waitress touch the professor.,the sailor touches the swimmer,1
TRUE,1281,"{""Q0"":""the artist kisses the clown""}",7695,kiss,PC,n,The monk is kissed by the swimmer.,the artist kisses the clown,1
TRUE,1678,"{""Q0"":""the artist punches the monk""}",6266,punch,AC,n,The cowboy punches the nun.,the artist punches the monk,1
FALSE,6489,"{""Q0"":""the cowboy slaps the ballerina""}",15787,slap,PC,n,The nurse is slapped by  the policeman.,the cowboy slaps the ballerina,1
FALSE,2266,"{""Q0"":""the cowboy pushes the swimmer""}",76717,push,AI,y,The chef push the clown.,the cowboy pushes the swimmer,1
TRUE,5968,"{""Q0"":""the boxer pulls the clown""}",1167884,pull,PI,n,The waitress is pullen by the pirate.,the boxer pulls the clown,1
FALSE,1238,"{""Q0"":""the pirate pulls the dancer""}",9241,pull,AI,y,The boxer pull the soldier.,the pirate pulls the dancer,1
TRUE,2862,"{""Q0"":""the pirate chases the burglar""}",6225,chase,PC,y,The monk is chased by the policeman.,the pirate chases the burglar,1
TRUE,2579,"{""Q0"":""the pirate follows the doctor""}",8794,follow,AC,n,The nun follows the cowboy.,the pirate follows the doctor,1
TRUE,2219,"{""Q0"":""the cowboy punches the doctor""}",8396,punch,PC,y,The ballerina is punched by the artist.,the cowboy punches the doctor,1
TRUE,4746,"{""Q0"":""the artist punches the clown""}",6201,punch,AC,y,The cowboy punches the swimmer.,the artist punches the clown,1
TRUE,1576,"{""Q0"":""the nun follows the boxer""}",6503,follow,PC,n,The ballerina is followed by the pirate.,the nun follows the boxer,1
TRUE,3603,"{""Q0"":""the chef shoots the boxer""}",6570,shoot,AI,n,The actress shoot the robber.,the chef shoots the boxer,1
TRUE,3636,"{""Q0"":""the ballerina is pushed by the cowboy""}",13999,push,PI,n,The monk is pushen by the policeman.,the ballerina is pushed by the cowboy,0
TRUE,1480,"{""Q0"":""the teacher scolds the sailor""}",7046,scold,AC,y,The policeman scolds the doctor.,the teacher scolds the sailor,1
FALSE,1345,"{""Q0"":""the chef shoots the swimmer""}",7218,shot,PI,y,The ballerina is shooted by the artist.,the chef shoots the swimmer,1
TRUE,2818,"{""Q0"":""the policeman chases the robber""}",9450,chase,AC,y,The nun chases the sailor.,the policeman chases the robber,1
TRUE,1524,"{""Q0"":""the waitress chases the doctor""}",6921,chase,PC,n,The swimmer is chased by the nun.,the waitress chases the doctor,1
TRUE,2178,"{""Q0"":""the nun kisses the boxer""}",7385,kiss,AC,y,The artist kisses the ballerina.,the nun kisses the boxer,1
FALSE,1463,"{""Q0"":""the sailor touches the clown""}",9421,touch,PI,y,The doctor is touchen by the waitress.,the sailor touches the clown,1
TRUE,2248,"{""Q0"":""the policeman slaps the boxer""}",12614,slap,AC,n,The cowboy slaps the ballerina.,the policeman slaps the boxer,1
FALSE,1822,"{""Q0"":""the waitress tickles the monk""}",9069,tickle,PI,y,The robber is ticklen by the soldier.,the waitress tickles the monk,1
TRUE,1899,"{""Q0"":""the policeman scolds the ballerina""}",7859,scold,AC,n,The waitress scolds the boxer.,the policeman scolds the ballerina,1
TRUE,1310,"{""Q0"":""the nun kisses the ballerina""}",11829,kiss,PC,y,The boxer is kissed by the artist.,the nun kisses the ballerina,1
TRUE,1707,"{""Q0"":""the policeman slaps the swimmer""}",5333,slap,AC,y,The cowboy slaps the professor.,the policeman slaps the swimmer,1
TRUE,1443,"{""Q0"":""the policeman scolds the boxer""}",9679,scold,PC,y,The doctor is scolded by the professor.,the policeman scolds the boxer,1
TRUE,1500,"{""Q0"":""the policeman chases the swimmer""}",8320,chase,AC,n,The policeman chases the robber.,the policeman chases the swimmer,1
TRUE,1302,"{""Q0"":""the cowboy slaps the sailor""}",5517,slap,PC,y,The clown is slapped by the policeman.,the cowboy slaps the sailor,1