resp_iscorrect,verif_rt,responses,descr_rt,T_verb,P_type,verif_ans,P_sentence,clear_responses,isactive
TRUE,11181,"{""Q0"":""The lady tickles the doctor.""}",22908,tickle,AI,n,The soldier tickle the boxer.,The lady tickles the doctor.,1
TRUE,5912,"{""Q0"":""A thief is chased by a pirate.""}",25310,chase,PC,y,The monk is chased by the policeman.,A thief is chased by a pirate.,0
FALSE,4258,"{""Q0"":""The anchorman touches the swimmer.""}",34190,touch,AI,n,The waitress touch the professor.,The anchorman touches the swimmer.,1
TRUE,6500,"{""Q0"":""A man is kissed by a painter.""}",26390,kiss,PC,n,The monk is kissed by the swimmer.,A man is kissed by a painter.,0
TRUE,7040,"{""Q0"":""The traffic police slaps the swimmer.""}",31242,slap,AC,y,The cowboy slaps the professor.,The traffic police slaps the swimmer.,1
TRUE,7467,"{""Q0"":""The cook shoots the swimmer.""}",27391,shot,PI,y,The ballerina is shooted by the artist. ,The cook shoots the swimmer.,1
TRUE,3049,"{""Q0"":""The painter punches the clown.""}",25514,punch,AC,y,The cowboy punches the swimmer.,The painter punches the clown.,1
TRUE,11491,"{""Q0"":""The fireman scolds the wrestler.""}",21302,scold,PC,y,The doctor is scolded by the professor. ,The fireman scolds the wrestler.,1
TRUE,4281,"{""Q0"":""The professor scolds the student.""}",24848,scold,AC,y,The policeman scolds the doctor.,The professor scolds the student.,1
TRUE,4019,"{""Q0"":""A sister is following a soldier.""}",49921,follow,PC,y,The ballerina is followed by the pirate. ,A sister is following a soldier.,1
TRUE,8122,"{""Q0"":""The cook shoots the wrestler.""}",14362,shoot,AI,n,The actress shoot the robber. ,The cook shoots the wrestler.,1
TRUE,5464,"{""Q0"":""The sister is kissing a ballerina.""}",18748,kiss,PC,y,The boxer is kissed by the artist.,The sister is kissing a ballerina.,1
TRUE,8719,"{""Q0"":""The painter punches the nun.""}",19035,punch,AC,n,The cowboy punches the nun.,The painter punches the nun.,1
FALSE,11836,"{""Q0"":""The cowboy slaps the ballerina.""}",16315,slap,PC,n,The nurse is slapped by  the policeman.,The cowboy slaps the ballerina.,1
TRUE,9726,"{""Q0"":""The painter kisses the soldier.""}",10139,kiss,AC,n,The pirate kisses the clown.,The painter kisses the soldier.,1
TRUE,3352,"{""Q0"":""The doctor is chased by a waitress.""}",21458,chase,PC,n,The swimmer is chased by the nun.,The doctor is chased by a waitress.,0
TRUE,7604,"{""Q0"":""The waitress kicks the clown.""}",14845,kick,AI,y,The policeman kick the boxer.,The waitress kicks the clown.,1
TRUE,2971,"{""Q0"":""The cowboy punches the doctor.""}",12824,punch,PC,y,The ballerina is punched by the artist.,The cowboy punches the doctor.,1
TRUE,8565,"{""Q0"":""The fireman scolds the ballerina.""}",12410,scold,AC,n,The waitress scolds the boxer.,The fireman scolds the ballerina.,1
TRUE,4890,"{""Q0"":""The professor scolds the cowboy.""}",32550,scold,PC,n,The monk is scolded by the swimmer. ,The professor scolds the cowboy.,1
TRUE,4540,"{""Q0"":""The policeman chases the swimmer.""}",11709,chase,AC,n,The policeman chases the robber.,The policeman chases the swimmer.,1
FALSE,9523,"{""Q0"":""The cowboy punches the ballerina.""}",13902,punch,PC,n,The policeman is punched by the artist.,The cowboy punches the ballerina.,1
TRUE,3938,"{""Q0"":""The robber is being chased by the policeman.""}",17252,chase,AC,y,The nun chases the sailor.,The robber is being chased by the policeman.,0
FALSE,9434,"{""Q0"":""The pastor is tickled by the waitress.""}",52240,tickle,PI,y,The robber is ticklen by the soldier. ,The pastor is tickled by the waitress.,0
TRUE,4583,"{""Q0"":""The cowboy pushes the swimmer.""}",13115,push,AI,y,The chef push the clown.,The cowboy pushes the swimmer.,1
TRUE,3964,"{""Q0"":""The cowboy slaps the waiter.""}",21584,slap,PC,y,The clown is slapped by the policeman.,The cowboy slaps the waiter.,1
TRUE,2814,"{""Q0"":""The pirate follows the waiter.""}",25168,follow,AC,y,The nun follows the doctor.,The pirate follows the waiter.,1
FALSE,3282,"{""Q0"":""The sailor touches the clown.""}",16594,touch,PI,y,The doctor is touchen by the waitress.,The sailor touches the clown.,1
TRUE,3092,"{""Q0"":""The pirate pulls the ballerina.""}",12441,pull,AI,y,The boxer pull the soldier.,The pirate pulls the ballerina.,1
TRUE,3624,"{""Q0"":""The cowboy pushes the ballerina.""}",34606,push,PI,n,The monk is pushen by the policeman.,The cowboy pushes the ballerina.,1
TRUE,3466,"{""Q0"":""The nun kisses the boxer.""}",8701,kiss,AC,y,The artist kisses the ballerina.,The nun kisses the boxer.,1
TRUE,3364,"{""Q0"":""The boxer pulls the clown.""}",11602,pull,PI,n,The waitress is pullen by the pirate. ,The boxer pulls the clown.,1
TRUE,7020,"{""Q0"":""The pirate follows the doctor.""}",13500,follow,AC,n,The nun follows the cowboy.,The pirate follows the doctor.,1
TRUE,4607,"{""Q0"":""The nun follows the boxer.""}",9379,follow,PC,n,The ballerina is followed by the pirate.,The nun follows the boxer.,1
TRUE,5329,"{""Q0"":""The policeman slaps the boxer.""}",13276,slap,AC,n,The cowboy slaps the ballerina.,The policeman slaps the boxer.,1
TRUE,4571,"{""Q0"":""The waitress kicks the thief.""}",20352,kick,PI,n,The clown is kicken by the nun. ,The waitress kicks the thief.,1