﻿resp_iscorrect,verif_rt,responses,descr_rt,T_verb,P_type,verif_ans,P_sentence,clear_responses,isactive
TRUE,9520,"{""Q0"":""The man chases the robber.""}",7526,chase,AC,y,The nun chases the sailor.,The man chases the robber.,1
TRUE,2408,"{""Q0"":""The cook shoots the swimmer.""}",9416,shot,PI,y,The ballerina is shooted by the artist.,The cook shoots the swimmer.,1
TRUE,1946,"{""Q0"":""The boxer kisses the priest.""}",9930,kiss,AC,y,The artist kisses the ballerina.,The boxer kisses the priest.,1
FALSE,3719,"{""Q0"":""The cowboy slaps the dancer""}",29915,slap,PC,n,The nurse is slapped by  the policeman.,The cowboy slaps the dancer,1
FALSE,1582,"{""Q0"":""The artist punches the monk.""}",7498,punch,AC,n,The cowboy punches the nun.,The artist punches the monk.,1
TRUE,2231,"{""Q0"":""The soldier is followed by the priest.""}",8244,follow,PC,y,The ballerina is followed by the pirate.,The soldier is followed by the priest.,0
TRUE,3638,"{""Q0"":""The cowboy pushes the swimmer.""}",10904,push,AI,y,The chef push the clown.,The cowboy pushes the swimmer.,1
TRUE,3245,"{""Q0"":""The priest blows a kiss to the dancer""}",14965,kiss,PC,y,The boxer is kissed by the artist.,The priest blows a kiss to the dancer,1
TRUE,3653,"{""Q0"":""The waitress tickles the doctor.""}",22529,tickle,AI,n,The soldier tickle the boxer.,The waitress tickles the doctor.,1
FALSE,6127,"{""Q0"":""The dancer is punched by the cowboy.""}",10834,punch,PC,n,The policeman is punched by the artist.,The dancer is punched by the cowboy.,0
FALSE,2675,"{""Q0"":""The pirate follows the doctor""}",7492,follow,AC,n,The nun follows the cowboy.,The pirate follows the doctor,1
TRUE,5170,"{""Q0"":""The sailor touches the clown.""}",12388,touch,PI,y,The doctor is touchen by the waitress.,The sailor touches the clown.,1
TRUE,3434,"{""Q0"":""The professor scolds the sailor.""}",9369,scold,AC,y,The policeman scolds the doctor.,The professor scolds the sailor.,1
TRUE,19201,"{""Q0"":""The waitress kicks the robber.""}",12163,kick,PI,n,The clown is kicken by the nun.,The waitress kicks the robber.,1
TRUE,9458,"{""Q0"":""The policeman slaps the swimmer.""}",12226,slap,AC,y,The cowboy slaps the professor.,The policeman slaps the swimmer.,1
TRUE,2522,"{""Q0"":""The waitress chases the doctor""}",11929,chase,PC,n,The swimmer is chased by the nun.,The waitress chases the doctor,1
TRUE,26975,"{""Q0"":""The waitress kicks the clown""}",6386,kick,AI,y,The policeman kick the boxer.,The waitress kicks the clown,1
FALSE,7333,"{""Q0"":""The nun follows the boxer ""}",10286,follow,PC,n,The ballerina is followed by the pirate.,The nun follows the boxer,1
TRUE,3979,"{""Q0"":""The policeman scolds the dancer.""}",12648,scold,AC,n,The waitress scolds the boxer.,The policeman scolds the dancer.,1
TRUE,4318,"{""Q0"":""The artist is kissed by the clown.""}",9506,kiss,PC,n,The monk is kissed by the swimmer.,The artist is kissed by the clown.,0
TRUE,5391,"{""Q0"":""The pirate pulls the dancer.""}",10994,pull,AI,y,The boxer pull the soldier.,The pirate pulls the dancer.,1
TRUE,6287,"{""Q0"":""The monk is tickled by the waitress.""}",8852,tickle,PI,y,The robber is ticklen by the soldier.,The monk is tickled by the waitress.,0
TRUE,2221,"{""Q0"":""The policeman chases the swimmer.""}",8666,chase,AC,n,The policeman chases the robber.,The policeman chases the swimmer.,1
TRUE,2838,"{""Q0"":""The robber is chased by the pirate.""}",10025,chase,PC,y,The monk is chased by the policeman.,The robber is chased by the pirate.,0
TRUE,2319,"{""Q0"":""The chef shoots the boxer.""}",8296,shoot,AI,n,The actress shoot the robber.,The chef shoots the boxer.,1
TRUE,8047,"{""Q0"":""The dancer is pushed by the dancer.""}",9402,push,PI,n,The monk is pushen by the policeman.,The dancer is pushed by the dancer.,0
TRUE,9541,"{""Q0"":""The sailor touches the swimmer.""}",7910,touch,AI,n,The waitress touch the professor.,The sailor touches the swimmer.,1
TRUE,3345,"{""Q0"":""The professor scolds the solider.""}",9547,scold,PC,n,The monk is scolded by the swimmer.,The professor scolds the solider.,1
TRUE,7678,"{""Q0"":""The artist punches the clown.""}",11163,punch,AC,y,The cowboy punches the swimmer.,The artist punches the clown.,1
TRUE,2338,"{""Q0"":""The cowboy slaps the sailor.""}",9484,slap,PC,y,The clown is slapped by the policeman.,The cowboy slaps the sailor.,1
TRUE,2673,"{""Q0"":""The solider kisses the artist.""}",176819,kiss,AC,n,The pirate kisses the clown.,The solider kisses the artist.,1
TRUE,3811,"{""Q0"":""The cowboy punched the doctor.""}",48315,punch,PC,y,The ballerina is punched by the artist.,The cowboy punched the doctor.,1
TRUE,7346,"{""Q0"":""The policeman slaps the boxer.""}",7418,slap,AC,n,The cowboy slaps the ballerina.,The policeman slaps the boxer.,1
TRUE,6578,"{""Q0"":""The boxer is scolded by the policeman.""}",8889,scold,PC,y,The doctor is scolded by the professor.,The boxer is scolded by the policeman.,0
TRUE,2120,"{""Q0"":""The pirate follows the sailor.""}",8781,follow,AC,y,The nun follows the doctor.,The pirate follows the sailor.,1
TRUE,2131,"{""Q0"":""The clown is pulled by the boxer.""}",8790,pull,PI,n,The waitress is pullen by the pirate.,The clown is pulled by the boxer.,0