﻿resp_iscorrect,verif_rt,responses,descr_rt,T_verb,P_type,verif_ans,P_sentence,clear_responses,isactive
TRUE,5134,"{""Q0"":""The waitress kicked the clown.""}",13773,kick,AI,y,The policeman kick the boxer.,The waitress kicked the clown.,1
FALSE,4121,"{""Q0"":""The cowboy slapped the ballerina.""}",17042,slap,PC,n,The nurse is slapped by  the policeman.,The cowboy slapped the ballerina.,1
TRUE,2717,"{""Q0"":""The pirate is following the sailor.""}",29106,follow,AC,y,The nun follows the doctor.,The pirate is following the sailor.,1
TRUE,11315,"{""Q0"":""The cook shoots the swimmer.""}",20418,shot,PI,y,The ballerina is shooted by the artist.,The cook shoots the swimmer.,1
TRUE,5032,"{""Q0"":""The pirate is pulling the ballerina.""}",16596,pull,AI,y,The boxer pull the soldier.,The pirate is pulling the ballerina.,1
TRUE,1990,"{""Q0"":""The cowboy punched the doctor.""}",22495,punch,PC,y,The ballerina is punched by the artist.,The cowboy punched the doctor.,1
TRUE,4809,"{""Q0"":""The artist punched the clown.""}",17274,punch,AC,y,The cowboy punches the swimmer.,The artist punched the clown.,1
TRUE,2398,"{""Q0"":""The cowboy is pushing the ballerina.""}",30442,push,PI,n,The monk is pushen by the policeman.,The cowboy is pushing the ballerina.,1
TRUE,6719,"{""Q0"":""The nun is kissing the boxer.""}",16135,kiss,AC,y,The artist kisses the ballerina.,The nun is kissing the boxer.,1
TRUE,4025,"{""Q0"":""The policeman was scolding the boxer.""}",17431,scold,PC,y,The doctor is scolded by the professor.,The policeman was scolding the boxer.,1
TRUE,9256,"{""Q0"":""The artist punched the monk.""}",18067,punch,AC,n,The cowboy punches the nun.,The artist punched the monk.,1
TRUE,8878,"{""Q0"":""The artist is kissing the clown.""}",16945,kiss,PC,n,The monk is kissed by the swimmer.,The artist is kissing the clown.,1
TRUE,2633,"{""Q0"":""The chef is shooting the boxer.""}",15502,shoot,AI,n,The actress shoot the robber.,The chef is shooting the boxer.,1
TRUE,3651,"{""Q0"":""The nun is trying to kiss the ballerina.""}",21869,kiss,PC,y,The boxer is kissed by the artist.,The nun is trying to kiss the ballerina.,1
TRUE,3144,"{""Q0"":""The sailor is touching the swimmer.""}",17021,touch,AI,n,The waitress touch the professor.,The sailor is touching the swimmer.,1
FALSE,2896,"{""Q0"":""The waitress is tickling the priest.""}",35262,tickle,PI,y,The robber is ticklen by the soldier.,The waitress is tickling the priest.,1
TRUE,2824,"{""Q0"":""The waitress is tickling the doctor.""}",24923,tickle,AI,n,The soldier tickle the boxer.,The waitress is tickling the doctor.,1
TRUE,3204,"{""Q0"":""The soldier is followed by the nun.""}",18426,follow,PC,y,The ballerina is followed by the pirate.,The soldier is followed by the nun.,0
TRUE,3682,"{""Q0"":""The artist kisses the soldier.""}",27365,kiss,AC,n,The pirate kisses the clown.,The artist kisses the soldier.,1
TRUE,3606,"{""Q0"":""The soldier is scolded by the professor.""}",21134,scold,PC,n,The monk is scolded by the swimmer.,The soldier is scolded by the professor.,0
TRUE,3486,"{""Q0"":""The policeman scolds the ballerina.""}",38958,scold,AC,n,The waitress scolds the boxer.,The policeman scolds the ballerina.,1
TRUE,4548,"{""Q0"":""The boxer is followed by the nun.""}",57592,follow,PC,n,The ballerina is followed by the pirate.,The boxer is followed by the nun.,0
TRUE,3163,"{""Q0"":""The policeman chases the robber.""}",37571,chase,AC,y,The nun chases the sailor.,The policeman chases the robber.,1
TRUE,4076,"{""Q0"":""The waitress kicked the robber.""}",36831,kick,PI,n,The clown is kicken by the nun.,The waitress kicked the robber.,1
TRUE,4475,"{""Q0"":""The professor scolds the sailor.""}",23304,scold,AC,y,The policeman scolds the doctor.,The professor scolds the sailor.,1
TRUE,2176,"{""Q0"":""The boxer pulls the clown.""}",20969,pull,PI,n,The waitress is pullen by the pirate.,The boxer pulls the clown.,1
TRUE,5248,"{""Q0"":""The policeman slapped the boxer.""}",25156,slap,AC,n,The cowboy slaps the ballerina.,The policeman slapped the boxer.,1
TRUE,2982,"{""Q0"":""The waitress chases the doctor.""}",29386,chase,PC,n,The swimmer is chased by the nun.,The waitress chases the doctor.,1
TRUE,3212,"{""Q0"":""The policeman chases the swimmer.""}",40648,chase,AC,n,The policeman chases the robber.,The policeman chases the swimmer.,1
TRUE,2465,"{""Q0"":""The pirate chases the robber.""}",20410,chase,PC,y,The monk is chased by the policeman.,The pirate chases the robber.,1
TRUE,2846,"{""Q0"":""The pirate follows the doctor.""}",18098,follow,AC,n,The nun follows the cowboy.,The pirate follows the doctor.,1
TRUE,7562,"{""Q0"":""The sailor is slapped by the cowboy.""}",19269,slap,PC,y,The clown is slapped by the policeman.,The sailor is slapped by the cowboy.,0
TRUE,10947,"{""Q0"":""The cowboy pushed the swimmer.""}",19446,push,AI,y,The chef push the clown.,The cowboy pushed the swimmer.,1
TRUE,2789,"{""Q0"":""The cowboy punched the ballerina.""}",23550,punch,PC,n,The policeman is punched by the artist.,The cowboy punched the ballerina.,1
TRUE,5005,"{""Q0"":""The policeman slapped the swimmer.""}",27078,slap,AC,y,The cowboy slaps the professor.,The policeman slapped the swimmer.,1
FALSE,3935,"{""Q0"":""The sailor touched the clown.""}",15918,touch,PI,y,The doctor is touchen by the waitress.,The sailor touched the clown.,1