﻿resp_iscorrect,verif_rt,responses,descr_rt,T_verb,P_type,verif_ans,P_sentence,clear_responses,isactive
TRUE,7158,"{""Q0"":""The professor scolds the sailor.""}",24875,scold,AC,y,The policeman scolds the doctor.,The professor scolds the sailor.,1
TRUE,4476,"{""Q0"":""The cowboy pushes the ballerina.""}",18090,push,PI,n,The monk is pushen by the policeman.,The cowboy pushes the ballerina.,1
TRUE,11254,"{""Q0"":""The chef shoots the boxer.""}",13273,shoot,AI,n,The actress shoot the robber.,The chef shoots the boxer.,1
TRUE,3081,"{""Q0"":""The professor scolds the soldier.""}",14099,scold,PC,n,The monk is scolded by the swimmer.,The professor scolds the soldier.,1
FALSE,11981,"{""Q0"":""The waitress kicks the mime.""}",23985,kick,AI,y,The policeman kick the boxer.,The waitress kicks the mime.,1
TRUE,4472,"{""Q0"":""The pirate chases the robber.""}",13425,chase,PC,y,The monk is chased by the policeman.,The pirate chases the robber.,1
TRUE,3476,"{""Q0"":""The policeman scolds the ballerina.""}",11737,scold,AC,n,The waitress scolds the boxer.,The policeman scolds the ballerina.,1
TRUE,3826,"{""Q0"":""The nun follows the boxer.""}",19825,follow,PC,n,The ballerina is followed by the pirate.,The nun follows the boxer.,1
TRUE,3477,"{""Q0"":""The policeman slaps the swimmer.""}",15017,slap,AC,y,The cowboy slaps the professor.,The policeman slaps the swimmer.,1
FALSE,8022,"{""Q0"":""The waitress tickles the monk.""}",13713,tickle,PI,y,The robber is ticklen by the soldier.,The waitress tickles the monk.,1
TRUE,5852,"{""Q0"":""The nun kisses the boxer.""}",11121,kiss,AC,y,The artist kisses the ballerina.,The nun kisses the boxer.,1
TRUE,3669,"{""Q0"":""The cowboy slaps the ballerina.""}",12834,slap,PC,n,The nurse is slapped by  the policeman.,The cowboy slaps the ballerina.,1
TRUE,3301,"{""Q0"":""The pirate follows the sailor. ""}",15121,follow,AC,y,The nun follows the doctor.,The pirate follows the sailor.,1
TRUE,4736,"{""Q0"":""The waitress kicks the robber.""}",14609,kick,PI,n,The clown is kicken by the nun.,The waitress kicks the robber.,1
TRUE,2554,"{""Q0"":""The policeman chases the swimmer.""}",13714,chase,AC,n,The policeman chases the robber.,The policeman chases the swimmer.,1
TRUE,3091,"{""Q0"":""The boxer pulls the clown.""}",17689,pull,PI,n,The waitress is pullen by the pirate.,The boxer pulls the clown.,1
TRUE,4812,"{""Q0"":""The sailor touches the swimmer.""}",16776,touch,AI,n,The waitress touch the professor.,The sailor touches the swimmer.,1
TRUE,4380,"{""Q0"":""The nun kisses the ballerina. ""}",23994,kiss,PC,y,The boxer is kissed by the artist.,The nun kisses the ballerina.,1
FALSE,6141,"{""Q0"":""The cowboy pushes the swimmer.""}",16913,push,AI,y,The chef push the clown.,The cowboy pushes the swimmer.,1
TRUE,4721,"{""Q0"":""The cowboy punches the doctor.""}",15481,punch,PC,y,The ballerina is punched by the artist.,The cowboy punches the doctor.,1
TRUE,24485,"{""Q0"":""The waitress tickles the doctor.""}",13378,tickle,AI,n,The soldier tickle the boxer.,The waitress tickles the doctor.,1
FALSE,3126,"{""Q0"":""The sailor touches the clown. ""}",27713,touch,PI,y,The doctor is touchen by the waitress.,The sailor touches the clown.,1
TRUE,5897,"{""Q0"":""The artist punches the clown.""}",11649,punch,AC,y,The cowboy punches the swimmer.,The artist punches the clown.,1
TRUE,3331,"{""Q0"":""The policeman scolds the boxer.""}",10529,scold,PC,y,The doctor is scolded by the professor.,The policeman scolds the boxer.,1
TRUE,3239,"{""Q0"":""The policeman slaps the boxer.""}",13962,slap,AC,n,The cowboy slaps the ballerina.,The policeman slaps the boxer.,1
TRUE,5321,"{""Q0"":""The cowboy punches the ballerina.""}",11513,punch,PC,n,The policeman is punched by the artist.,The cowboy punches the ballerina.,1
TRUE,2537,"{""Q0"":""The artist kisses the soldier.""}",11971,kiss,AC,n,The pirate kisses the clown.,The artist kisses the soldier.,1
TRUE,9437,"{""Q0"":""The cowboy slaps the sailor.""}",20793,slap,PC,y,The clown is slapped by the policeman.,The cowboy slaps the sailor.,1
FALSE,6986,"{""Q0"":""The pirate pulls the ballerina.""}",14569,pull,AI,y,The boxer pull the soldier.,The pirate pulls the ballerina.,1
TRUE,6549,"{""Q0"":""The nun follows the soldier.""}",26817,follow,PC,y,The ballerina is followed by the pirate.,The nun follows the soldier.,1
TRUE,3221,"{""Q0"":""The pirate follows the doctor.""}",15658,follow,AC,n,The nun follows the cowboy.,The pirate follows the doctor.,1
TRUE,8891,"{""Q0"":""The waitress chases the doctor. ""}",38778,chase,PC,n,The swimmer is chased by the nun.,The waitress chases the doctor.,1
TRUE,4885,"{""Q0"":""The artist punches the monk.""}",34354,punch,AC,n,The cowboy punches the nun.,The artist punches the monk.,1
TRUE,3006,"{""Q0"":""The artist kisses the clown. ""}",38305,kiss,PC,n,The monk is kissed by the swimmer.,The artist kisses the clown.,1
TRUE,5244,"{""Q0"":""The policeman chases the robber.""}",21545,chase,AC,y,The nun chases the sailor.,The policeman chases the robber.,1
FALSE,5169,"{""Q0"":""The chef shoots the swimmer.""}",13770,shot,PI,y,The ballerina is shooted by the artist.,The chef shoots the swimmer.,1