resp_iscorrect,verif_rt,responses,descr_rt,T_verb,P_type,verif_ans,P_sentence,clear_responses,isactive
TRUE,6939,"{""Q0"":""the painter punched the man.""}",28039,punch,AC,n,The cowboy punches the nun.,the painter punched the man.,1
TRUE,6276,"{""Q0"":""the cowboy punched the doctor""}",18455,punch,PC,y,The ballerina is punched by the artist.,the cowboy punched the doctor,1
FALSE,7882,"{""Q0"":""the soldier slapped the boxer.""}",21871,slap,AC,n,The cowboy slaps the ballerina.,the soldier slapped the boxer.,1
FALSE,8549,"{""Q0"":""the cowboy punched the ballerina""}",21115,punch,PC,n,The policeman is punched by the artist.,the cowboy punched the ballerina,1
FALSE,6145,"{""Q0"":""the waitress kicked the customer""}",28969,kick,AI,y,The policeman kick the boxer.,the waitress kicked the customer,1
TRUE,4992,"{""Q0"":""the nun followed the soldier.""}",18895,follow,PC,y,The ballerina is followed by the pirate. ,the nun followed the soldier.,1
FALSE,5773,"{""Q0"":""the soldier touched the swimmer""}",18995,touch,AI,n,The waitress touch the professor.,the soldier touched the swimmer,1
FALSE,9371,"{""Q0"":""the pope is scolding the soldier.""}",28379,scold,PC,n,The monk is scolded by the swimmer. ,the pope is scolding the soldier.,1
TRUE,8567,"{""Q0"":""the pirate follows the policeman.""}",24635,follow,AC,y,The nun follows the doctor.,the pirate follows the policeman.,1
TRUE,10304,"{""Q0"":""nun follows the boxer""}",24401,follow,PC,n,The ballerina is followed by the pirate.,nun follows the boxer,1
TRUE,2159,"{""Q0"":""the policeman slaps the ballerina""}",16820,slap,AC,y,The cowboy slaps the professor.,the policeman slaps the ballerina,1
TRUE,3970,"{""Q0"":""the waitress kicked the pirate.""}",15779,kick,PI,n,The clown is kicken by the nun. ,the waitress kicked the pirate.,1
FALSE,10550,"{""Q0"":""the cook shoots the boxer""}",19488,shoot,AI,n,The actress shoot the robber. ,the cook shoots the boxer,1
FALSE,4642,"{""Q0"":""the cowboy slaps the ballerina""}",13309,slap,PC,n,The nurse is slapped by  the policeman.,the cowboy slaps the ballerina,1
TRUE,4506,"{""Q0"":""the robber is chased by policeman""}",16336,chase,AC,y,The nun chases the sailor.,the robber is chased by policeman,0
TRUE,1705,"{""Q0"":""the cook shoots the swimmer""}",18992,shot,PI,y,The ballerina is shooted by the artist. ,the cook shoots the swimmer,1
TRUE,2636,"{""Q0"":""The pope scolds the policeman""}",37458,scold,AC,y,The policeman scolds the doctor.,The pope scolds the policeman,1
FALSE,4732,"{""Q0"":""the clown is pulled by the boxer.""}",19290,pull,PI,n,The waitress is pullen by the pirate. ,the clown is pulled by the boxer.,0
TRUE,4767,"{""Q0"":""the ballerina is pulled by the pirate.""}",24679,pull,AI,y,The boxer pull the soldier.,the ballerina is pulled by the pirate.,0
TRUE,12696,"{""Q0"":""The policeman is slapped by the cowboy""}",28903,slap,PC,y,The clown is slapped by the policeman.,The policeman is slapped by the cowboy,0
TRUE,12287,"{""Q0"":""the policeman is chasing the swimmer""}",29155,chase,AC,n,The policeman chases the robber.,the policeman is chasing the swimmer,1
TRUE,10375,"{""Q0"":""the pirate is chasing the robber.""}",26511,chase,PC,y,The monk is chased by the policeman.,the pirate is chasing the robber.,1
TRUE,8300,"{""Q0"":""The maid is tickling the doctor""}",28091,tickle,AI,n,The soldier tickle the boxer.,The maid is tickling the doctor,1
TRUE,9357,"{""Q0"":""ballerina is pushed by the cowboy""}",26279,push,PI,n,The monk is pushen by the policeman.,ballerina is pushed by the cowboy,0
TRUE,11349,"{""Q0"":""cowboy pushed the swimmer.""}",23268,push,AI,y,The chef push the clown.,cowboy pushed the swimmer.,1
TRUE,5890,"{""Q0"":""the doctor is chased by the maid""}",30696,chase,PC,n,The swimmer is chased by the nun.,the doctor is chased by the maid,0
TRUE,5191,"{""Q0"":""the policeman scolds the ballerina.""}",23152,scold,AC,n,The waitress scolds the boxer.,the policeman scolds the ballerina.,1
FALSE,14786,"{""Q0"":""the sailor touched the clown""}",37493,touch,PI,y,The doctor is touchen by the waitress.,the sailor touched the clown,1
TRUE,7153,"{""Q0"":""Nun is kissing the boxer.""}",22323,kiss,AC,y,The artist kisses the ballerina.,Nun is kissing the boxer.,1
TRUE,25747,"{""Q0"":""The policeman scolds the boxer.""}",14028,scold,PC,y,The doctor is scolded by the professor. ,The policeman scolds the boxer.,1
TRUE,6712,"{""Q0"":""the painter kissing the soldier""}",27705,kiss,AC,n,The pirate kisses the clown.,the painter kissing the soldier,1
TRUE,15557,"{""Q0"":""The painter kissing the clown""}",14729,kiss,PC,n,The monk is kissed by the swimmer.,The painter kissing the clown,1
TRUE,5385,"{""Q0"":""The painter punches the clown""}",20916,punch,AC,y,The cowboy punches the swimmer.,The painter punches the clown,1
FALSE,5028,"{""Q0"":""The maid is tickling the pope""}",34808,tickle,PI,y,The robber is ticklen by the soldier. ,The maid is tickling the pope,1
TRUE,2935,"{""Q0"":""doctor is followed by a pirate""}",23211,follow,AC,n,The nun follows the cowboy.,doctor is followed by a pirate,0
TRUE,3366,"{""Q0"":""nun is trying to kiss ballerina""}",17531,kiss,PC,y,The boxer is kissed by the artist.,nun is trying to kiss ballerina,1