﻿resp_iscorrect,verif_rt,responses,descr_rt,T_verb,P_type,verif_ans,P_sentence,clear_responses,isactive
TRUE,4501,"{""Q0"":""A chef shoots a boxer.""}",12604,shoot,AI,n,The actress shoot the robber.,A chef shoots a boxer.,1
TRUE,3857,"{""Q0"":""The cowboy punches the doctor""}",10943,punch,PC,y,The ballerina is punched by the artist.,The cowboy punches the doctor,1
TRUE,1806,"{""Q0"":""the pirate pulls the ballerina""}",12207,pull,AI,y,The boxer pull the soldier.,the pirate pulls the ballerina,1
TRUE,2776,"{""Q0"":""the cop scolds the boxer""}",9748,scold,PC,y,The doctor is scolded by the professor.,the cop scolds the boxer,1
TRUE,2724,"{""Q0"":""the soldier kisses the clown""}",11837,kiss,AC,n,The pirate kisses the clown.,the soldier kisses the clown,1
TRUE,2678,"{""Q0"":""the waitress chases the doctor""}",11214,chase,PC,n,The swimmer is chased by the nun.,the waitress chases the doctor,1
TRUE,1746,"{""Q0"":""the robber chases the swimmer""}",12528,chase,AC,n,The policeman chases the robber.,the robber chases the swimmer,1
TRUE,2670,"{""Q0"":""the cowboy punches the ballerina ""}",9957,punch,PC,n,The policeman is punched by the artist.,the cowboy punches the ballerina,1
TRUE,1873,"{""Q0"":""the pirate follows the doctor""}",7550,follow,AC,n,The nun follows the cowboy.,the pirate follows the doctor,1
TRUE,2012,"{""Q0"":""the graduate scolds the soldier""}",9952,scold,PC,n,The monk is scolded by the swimmer.,the graduate scolds the soldier,1
TRUE,1732,"{""Q0"":""the professor scolds the sailor""}",7746,scold,AC,y,The policeman scolds the doctor.,the professor scolds the sailor,1
TRUE,1461,"{""Q0"":""the cowboy slaps the ballerina""}",8554,slap,PC,n,The nurse is slapped by  the policeman.,the cowboy slaps the ballerina,1
TRUE,1778,"{""Q0"":""the sailor touches the swimmer""}",9207,touch,AI,n,The waitress touch the professor.,the sailor touches the swimmer,1
TRUE,2098,"{""Q0"":""the boxer pulls the clown""}",7457,pull,PI,n,The waitress is pullen by the pirate.,the boxer pulls the clown,1
TRUE,1544,"{""Q0"":""the artist punches the monk""}",8108,punch,AC,n,The cowboy punches the nun.,the artist punches the monk,1
TRUE,1570,"{""Q0"":""the nun follows the boxer""}",7700,follow,PC,n,The ballerina is followed by the pirate.,the nun follows the boxer,1
TRUE,1445,"{""Q0"":""the cowboy pushes the swimmer""}",9439,push,AI,y,The chef push the clown.,the cowboy pushes the swimmer,1
TRUE,1834,"{""Q0"":""the cowboy slaps the sailor""}",9182,slap,PC,y,The clown is slapped by the policeman.,the cowboy slaps the sailor,1
TRUE,1183,"{""Q0"":""the cop scolds the ballerina""}",6706,scold,AC,n,The waitress scolds the boxer.,the cop scolds the ballerina,1
TRUE,1666,"{""Q0"":""the chef shoots the swimmer""}",9223,shot,PI,y,The ballerina is shooted by the artist.,the chef shoots the swimmer,1
TRUE,1841,"{""Q0"":""the waitress kicks the clown""}",10501,kick,AI,y,The policeman kick the boxer.,the waitress kicks the clown,1
FALSE,1702,"{""Q0"":""the cowboy pushes the ballerina""}",9157,push,PI,n,The monk is pushen by the policeman.,the cowboy pushes the ballerina,1
TRUE,1597,"{""Q0"":""the artist punches the clown""}",8569,punch,AC,y,The cowboy punches the swimmer.,the artist punches the clown,1
FALSE,2754,"{""Q0"":""the nun kisses the ballerina""}",9672,kiss,PC,y,The boxer is kissed by the artist.,the nun kisses the ballerina,1
TRUE,1126,"{""Q0"":""the cop slaps the swimmer""}",7949,slap,AC,y,The cowboy slaps the professor.,the cop slaps the swimmer,1
TRUE,2203,"{""Q0"":""the pirate chases the robber ""}",8199,chase,PC,y,The monk is chased by the policeman.,the pirate chases the robber,1
TRUE,1260,"{""Q0"":""the cop chases the robber""}",6650,chase,AC,y,The nun chases the sailor.,the cop chases the robber,1
TRUE,1503,"{""Q0"":""the waitress tickles the monk""}",8294,tickle,PI,y,The robber is ticklen by the soldier.,the waitress tickles the monk,1
TRUE,1823,"{""Q0"":""the cop slaps the boxer""}",10335,slap,AC,n,The cowboy slaps the ballerina.,the cop slaps the boxer,1
FALSE,1255,"{""Q0"":""the clown kisses the clown""}",9266,kiss,PC,n,The monk is kissed by the swimmer.,the clown kisses the clown,1
TRUE,1306,"{""Q0"":""the pirate follows the sailor""}",14776,follow,AC,y,The nun follows the doctor.,the pirate follows the sailor,1
TRUE,1902,"{""Q0"":""the nun follows the soldier""}",6238,follow,PC,y,The ballerina is followed by the pirate.,the nun follows the soldier,1
TRUE,2167,"{""Q0"":""the nun kisses the boxxer""}",6535,kiss,AC,y,The artist kisses the ballerina.,the nun kisses the boxxer,1
TRUE,1493,"{""Q0"":""the sailor touches the clown""}",8484,touch,PI,y,The doctor is touchen by the waitress.,the sailor touches the clown,1
TRUE,1942,"{""Q0"":""the waitress tickles the octor""}",7714,tickle,AI,n,The soldier tickle the boxer.,the waitress tickles the octor,1
TRUE,1681,"{""Q0"":""the waitress kicks the robber""}",8375,kick,PI,n,The clown is kicken by the nun.,the waitress kicks the robber,1