﻿resp_iscorrect,verif_rt,responses,descr_rt,T_verb,P_type,verif_ans,P_sentence,clear_responses,isactive
TRUE,7432,"{""Q0"":""The policeman slaps the boxer""}",24675,slap,AC,n,The cowboy slaps the ballerina.,The policeman slaps the boxer,1
TRUE,4967,"{""Q0"":""A nun follows a soldier""}",28697,follow,PC,y,The ballerina is followed by the pirate.,A nun follows a soldier,1
TRUE,3911,"{""Q0"":""The waitress tickles a doctor""}",20350,tickle,AI,n,The soldier tickle the boxer.,The waitress tickles a doctor,1
TRUE,3940,"{""Q0"":""A boxer pulls the clown""}",30483,pull,PI,n,The waitress is pullen by the pirate.,A boxer pulls the clown,1
TRUE,2900,"{""Q0"":""The painter kisses the soldier""}",22192,kiss,AC,n,The pirate kisses the clown.,The painter kisses the soldier,1
TRUE,3838,"{""Q0"":""The cowboy punches the doctor""}",24932,punch,PC,y,The ballerina is punched by the artist.,The cowboy punches the doctor,1
TRUE,2652,"{""Q0"":""A pirate follows the sailor""}",27509,follow,AC,y,The nun follows the doctor.,A pirate follows the sailor,1
TRUE,24037,"{""Q0"":""The chef shoots the diver""}",23074,shot,PI,y,The ballerina is shooted by the artist.,The chef shoots the diver,1
TRUE,2721,"{""Q0"":""The professor scolds a sailor""}",24344,scold,AC,y,The policeman scolds the doctor.,The professor scolds a sailor,1
TRUE,4502,"{""Q0"":""A sailor chases a robber""}",20333,chase,PC,y,The monk is chased by the policeman.,A sailor chases a robber,1
FALSE,4768,"{""Q0"":""The sailor touches the diver""}",18322,touch,AI,n,The waitress touch the professor.,The sailor touches the diver,1
TRUE,3866,"{""Q0"":""The doctor is chased by a waitress""}",33080,chase,PC,n,The swimmer is chased by the nun.,The doctor is chased by a waitress,0
TRUE,2763,"{""Q0"":""A pirate follows the doctor""}",20053,follow,AC,n,The nun follows the cowboy.,A pirate follows the doctor,1
TRUE,3443,"{""Q0"":""The cowboy punches a ballerina""}",23616,punch,PC,n,The policeman is punched by the artist.,The cowboy punches a ballerina,1
TRUE,3490,"{""Q0"":""The artist punches the clown""}",18512,punch,AC,y,The cowboy punches the swimmer.,The artist punches the clown,1
TRUE,4818,"{""Q0"":""An artist kisses a clown""}",19197,kiss,PC,n,The monk is kissed by the swimmer.,An artist kisses a clown,1
TRUE,3172,"{""Q0"":""The chef shoots the boxer""}",20418,shoot,AI,n,The actress shoot the robber.,The chef shoots the boxer,1
TRUE,6160,"{""Q0"":""A monk is tickled by the waitress""}",24825,tickle,PI,y,The robber is ticklen by the soldier.,A monk is tickled by the waitress,0
TRUE,4582,"{""Q0"":""The waitress kicks the clown""}",21930,kick,AI,y,The policeman kick the boxer.,The waitress kicks the clown,1
TRUE,4926,"{""Q0"":""The policeman scolds the boxer""}",18781,scold,PC,y,The doctor is scolded by the professor.,The policeman scolds the boxer,1
TRUE,6646,"{""Q0"":""The pirate pulls the ballerina""}",24052,pull,AI,y,The boxer pull the soldier.,The pirate pulls the ballerina,1
TRUE,4256,"{""Q0"":""The nun kisses the ballerina""}",20511,kiss,PC,y,The boxer is kissed by the artist.,The nun kisses the ballerina,1
TRUE,5046,"{""Q0"":""The cowboy pushes the swimmer""}",19731,push,AI,y,The chef push the clown.,The cowboy pushes the swimmer,1
TRUE,4521,"{""Q0"":""The ballerina is pushed by the cowboy""}",26119,push,PI,n,The monk is pushen by the policeman.,The ballerina is pushed by the cowboy,0
TRUE,3559,"{""Q0"":""The monk is punched by the artist""}",26584,punch,AC,n,The cowboy punches the nun.,The monk is punched by the artist,0
TRUE,2248,"{""Q0"":""The nun follows the boxer""}",22634,follow,PC,n,The ballerina is followed by the pirate.,The nun follows the boxer,1
TRUE,2874,"{""Q0"":""The nun kisses the boxer""}",14741,kiss,AC,y,The artist kisses the ballerina.,The nun kisses the boxer,1
TRUE,3293,"{""Q0"":""The professor scolds the soldier""}",21020,scold,PC,n,The monk is scolded by the swimmer.,The professor scolds the soldier,1
TRUE,3511,"{""Q0"":""The policeman chases the robber""}",21881,chase,AC,y,The nun chases the sailor.,The policeman chases the robber,1
TRUE,3159,"{""Q0"":""The cowboy slaps the sailor""}",24457,slap,PC,y,The clown is slapped by the policeman.,The cowboy slaps the sailor,1
TRUE,2588,"{""Q0"":""The policeman slaps the swimmer""}",19150,slap,AC,y,The cowboy slaps the professor.,The policeman slaps the swimmer,1
TRUE,2461,"{""Q0"":""The cowboy slaps the ballerina""}",18660,slap,PC,n,The nurse is slapped by  the policeman.,The cowboy slaps the ballerina,1
TRUE,2170,"{""Q0"":""The policeman chases the swimmer""}",21642,chase,AC,n,The policeman chases the robber.,The policeman chases the swimmer,1
TRUE,3510,"{""Q0"":""The robber is kicked by the waitress""}",20743,kick,PI,n,The clown is kicken by the nun.,The robber is kicked by the waitress,0
TRUE,2916,"{""Q0"":""The policeman scolds the ballerina""}",17038,scold,AC,n,The waitress scolds the boxer.,The policeman scolds the ballerina,1
TRUE,4576,"{""Q0"":""The clown is touched by the sailor""}",21172,touch,PI,y,The doctor is touchen by the waitress.,The clown is touched by the sailor,0