resp_iscorrect,verif_rt,responses,descr_rt,T_verb,P_type,verif_ans,P_sentence,clear_responses,isactive
TRUE,2153,"{""Q0"":""pull the ladie""}",18486,pull,AI,y,The boxer pull the soldier.,pull the ladie,1
FALSE,2362,"{""Q0"":""push the man""}",11963,push,PI,n,The monk is pushen by the policeman.,push the man,1
FALSE,2001,"{""Q0"":""police chase a robber""}",16212,chase,AC,n,The policeman chases the robber.,police chase a robber,1
TRUE,1781,"{""Q0"":""man chase a robber ""}",27799,chase,PC,y,The monk is chased by the policeman.,man chase a robber ,1
TRUE,889,"{""Q0"":""painter punch a man""}",15099,punch,AC,y,The cowboy punches the swimmer.,painter punch a man,1
FALSE,9161,"{""Q0"":""the caption scold b a soldure ""}",29265,scold,PC,n,The monk is scolded by the swimmer. ,the caption scold b a soldure ,1
TRUE,3500,"{""Q0"":""robber followed a men""}",21480,follow,AC,y,The nun follows the doctor.,robber followed a men,1
TRUE,4837,"{""Q0"":""nun kissed by dancer""}",24096,kiss,PC,y,The boxer is kissed by the artist.,nun kissed by dancer,0
TRUE,5808,"{""Q0"":""police slaps the swimmer""}",14189,slap,AC,y,The cowboy slaps the professor.,police slaps the swimmer,1
FALSE,10004,"{""Q0"":""lady chased by doctor ""}",32971,chase,PC,n,The swimmer is chased by the nun.,lady chased by doctor ,0
TRUE,8029,"{""Q0"":""police chased the robber""}",16276,chase,AC,y,The nun chases the sailor.,police chased the robber,1
FALSE,8000,"{""Q0"":""cowboy slaps the dancer ""}",25956,slap,PC,n,The nurse is slapped by  the policeman.,cowboy slaps the dancer ,1
TRUE,3818,"{""Q0"":""cowboy pushed swimmer ""}",24916,push,AI,y,The chef push the clown.,cowboy pushed swimmer ,1
TRUE,5250,"{""Q0"":""artist kissed by the man""}",27836,kiss,PC,n,The monk is kissed by the swimmer.,artist kissed by the man,0
TRUE,6314,"{""Q0"":""artist punched the moak""}",16392,punch,AC,n,The cowboy punches the nun.,artist punched the moak,1
FALSE,7892,"{""Q0"":""solder scolded by the boxer""}",21593,scold,PC,y,The doctor is scolded by the professor. ,solder scolded by the boxer,0
TRUE,4830,"{""Q0"":""artist kiss by the solder""}",12182,kiss,AC,n,The pirate kisses the clown.,artist kiss by the solder,0
TRUE,3472,"{""Q0"":""cowboy punched the dancer""}",32243,punch,PC,n,The policeman is punched by the artist.,cowboy punched the dancer,1
TRUE,8158,"{""Q0"":""lady tickled by doctor""}",17402,tickle,AI,n,The soldier tickle the boxer.,lady tickled by doctor,0
TRUE,26104,"{""Q0"":""cowboy slap by a men""}",52718,slap,PC,y,The clown is slapped by the policeman.,cowboy slap by a men,0
TRUE,6530,"{""Q0"":""nun kissed the boxer""}",25022,kiss,AC,y,The artist kisses the ballerina.,nun kissed the boxer,1
FALSE,7258,"{""Q0"":""non followed by the solider ""}",26147,follow,PC,y,The ballerina is followed by the pirate. ,non followed by the solider ,0
TRUE,9812,"{""Q0"":""barillena kicked a men""}",22327,kick,AI,y,The policeman kick the boxer.,barillena kicked a men,1
FALSE,11841,"{""Q0"":""cowboy punched a doctor""}",17884,punch,PC,y,The ballerina is punched by the artist.,cowboy punched a doctor,1
TRUE,19079,"{""Q0"":""chief shoot a boxer""}",19152,shoot,AI,n,The actress shoot the robber. ,chief shoot a boxer,1
FALSE,19056,"{""Q0"":""pirate touched a jocker""}",24493,touch,PI,y,The doctor is touchen by the waitress.,pirate touched a jocker,1
TRUE,3300,"{""Q0"":""profersor scold a man""}",56803,scold,AC,y,The policeman scolds the doctor.,profersor scold a man,1
FALSE,8485,"{""Q0"":""waiter tickle a moke""}",17488,tickle,PI,y,The robber is ticklen by the soldier. ,waiter tickle a moke,1
TRUE,2738,"{""Q0"":""solider scold a barrilena ""}",20917,scold,AC,n,The waitress scolds the boxer.,solider scold a barrilena ,1
TRUE,4657,"{""Q0"":""boxer pull in the jocker""}",17010,pull,PI,n,The waitress is pullen by the pirate. ,boxer pull in the jocker,1
TRUE,4812,"{""Q0"":""solider slap in boxer""}",14481,slap,AC,n,The cowboy slaps the ballerina.,solider slap in boxer,1
TRUE,11797,"{""Q0"":""waiter shoot by the swimmer""}",15138,shot,PI,y,The ballerina is shooted by the artist. ,waiter shoot by the swimmer,0
TRUE,6166,"{""Q0"":""caption touch by the swimmer""}",16277,touch,AI,n,The waitress touch the professor.,caption touch by the swimmer,0
TRUE,4207,"{""Q0"":""nun followed the boxer""}",13605,follow,PC,n,The ballerina is followed by the pirate.,nun followed the boxer,1
TRUE,2647,"{""Q0"":""pirate followed by the doctor""}",22497,follow,AC,n,The nun follows the cowboy.,pirate followed by the doctor,0
TRUE,4750,"{""Q0"":""waiter kicked by the robber""}",13260,kick,PI,n,The clown is kicken by the nun. ,waiter kicked by the robber,0