resp_iscorrect,verif_rt,responses,descr_rt,T_verb,P_type,verif_ans,P_sentence,clear_responses,isactive
TRUE,4026,"{""Q0"":""The policeman slaps the swimmer.""}",23049,slap,AC,y,The cowboy slaps the professor.,The policeman slaps the swimmer.,1
TRUE,6708,"{""Q0"":""The cowboy slapped the dancer.""}",16311,slap,PC,n,The nurse is slapped by  the policeman.,The cowboy slapped the dancer.,1
TRUE,3374,"{""Q0"":""The nun kissed the boxer.""}",13725,kiss,AC,y,The artist kisses the ballerina.,The nun kissed the boxer.,1
TRUE,3933,"{""Q0"":""The nun follows the soldier.""}",10630,follow,PC,y,The ballerina is followed by the pirate. ,The nun follows the soldier.,1
TRUE,1642,"{""Q0"":""The policeman slapped the boxer.""}",14358,slap,AC,n,The cowboy slaps the ballerina.,The policeman slapped the boxer.,1
TRUE,2523,"{""Q0"":""The cowboy punched the dancer.""}",11213,punch,PC,n,The policeman is punched by the artist.,The cowboy punched the dancer.,1
TRUE,2144,"{""Q0"":""The policeman chased the swimmer.""}",11838,chase,AC,n,The policeman chases the robber.,The policeman chased the swimmer.,1
TRUE,3613,"{""Q0"":""The cowboy pushed the dancer.""}",14071,push,PI,n,The monk is pushen by the policeman.,The cowboy pushed the dancer.,1
TRUE,2125,"{""Q0"":""The policeman chased the robber.""}",10631,chase,AC,y,The nun chases the sailor.,The policeman chased the robber.,1
FALSE,3016,"{""Q0"":""The chef shot the swimmer.""}",12726,shot,PI,y,The ballerina is shooted by the artist. ,The chef shot the swimmer.,1
TRUE,1778,"{""Q0"":""The waitress kicked the clown.""}",21349,kick,AI,y,The policeman kick the boxer.,The waitress kicked the clown.,1
TRUE,6153,"{""Q0"":""The cowboy punched the doctor.""}",13591,punch,PC,y,The ballerina is punched by the artist.,The cowboy punched the doctor.,1
TRUE,6812,"{""Q0"":""The soldier is being kissed by the artist.""}",18869,kiss,AC,n,The pirate kisses the clown.,The soldier is being kissed by the artist.,0
FALSE,3415,"{""Q0"":""The sailor is touching the clown.""}",15142,touch,PI,y,The doctor is touchen by the waitress.,The sailor is touching the clown.,1
TRUE,2090,"{""Q0"":""The artist punches the clown.""}",27326,punch,AC,y,The cowboy punches the swimmer.,The artist punches the clown.,1
TRUE,6714,"{""Q0"":""The clown is pulled by the boxer.""}",24956,pull,PI,n,The waitress is pullen by the pirate. ,The clown is pulled by the boxer.,0
TRUE,2397,"{""Q0"":""The professor scolds the sailor.""}",10200,scold,AC,y,The policeman scolds the doctor.,The professor scolds the sailor.,1
TRUE,5803,"{""Q0"":""The professor scolds the soldier.""}",11615,scold,PC,n,The monk is scolded by the swimmer. ,The professor scolds the soldier.,1
TRUE,2608,"{""Q0"":""The sailor touches the swimmer.""}",11149,touch,AI,n,The waitress touch the professor.,The sailor touches the swimmer.,1
TRUE,4719,"{""Q0"":""The policeman scolds the boxer.""}",9870,scold,PC,y,The doctor is scolded by the professor. ,The policeman scolds the boxer.,1
TRUE,1861,"{""Q0"":""The pirate follows the sailor.""}",13519,follow,AC,y,The nun follows the doctor.,The pirate follows the sailor.,1
TRUE,3894,"{""Q0"":""The nun follows the boxer.""}",10875,follow,PC,n,The ballerina is followed by the pirate.,The nun follows the boxer.,1
TRUE,5787,"{""Q0"":""The artist punches the monk.""}",10407,punch,AC,n,The cowboy punches the nun.,The artist punches the monk.,1
TRUE,3174,"{""Q0"":""The pirate chases the robber.""}",8897,chase,PC,y,The monk is chased by the policeman.,The pirate chases the robber.,1
FALSE,6706,"{""Q0"":""The cowboy pushes the swimmer.""}",12212,push,AI,y,The chef push the clown.,The cowboy pushes the swimmer.,1
TRUE,9063,"{""Q0"":""The sailor is slapped by the cowboy.""}",114718,slap,PC,y,The clown is slapped by the policeman.,The sailor is slapped by the cowboy.,0
TRUE,2307,"{""Q0"":""The pirate follows the doctor.""}",9317,follow,AC,n,The nun follows the cowboy.,The pirate follows the doctor.,1
TRUE,2223,"{""Q0"":""The robber is kicked by the waitress.""}",11289,kick,PI,n,The clown is kicken by the nun. ,The robber is kicked by the waitress.,0
TRUE,2286,"{""Q0"":""The chef shoots the boxer.""}",9687,shoot,AI,n,The actress shoot the robber. ,The chef shoots the boxer.,1
FALSE,3682,"{""Q0"":""The waitress tickles the monk.""}",9576,tickle,PI,y,The robber is ticklen by the soldier. ,The waitress tickles the monk.,1
TRUE,2594,"{""Q0"":""The waitress tickles the doctor.""}",8536,tickle,AI,n,The soldier tickle the boxer.,The waitress tickles the doctor.,1
TRUE,3612,"{""Q0"":""The doctor is chased by the waitress.""}",15611,chase,PC,n,The swimmer is chased by the nun.,The doctor is chased by the waitress.,0
FALSE,13767,"{""Q0"":""The pirate pulls the dancer.""}",18376,pull,AI,y,The boxer pull the soldier.,The pirate pulls the dancer.,1
TRUE,2307,"{""Q0"":""The artist kisses the clown.""}",9120,kiss,PC,n,The monk is kissed by the swimmer.,The artist kisses the clown.,1
TRUE,2100,"{""Q0"":""The policeman scolds the ballerina.""}",9231,scold,AC,n,The waitress scolds the boxer.,The policeman scolds the ballerina.,1
TRUE,2808,"{""Q0"":""The ballerina is kissed by the nun.""}",12733,kiss,PC,y,The boxer is kissed by the artist.,The ballerina is kissed by the nun.,0