﻿resp_iscorrect,verif_rt,responses,descr_rt,T_verb,P_type,verif_ans,P_sentence,clear_responses,isactive
TRUE,8789,"{""Q0"":""A sailor touches a swimmer.""}",8771,touch,AI,n,The waitress touch the professor.,A sailor touches a swimmer.,1
TRUE,6799,"{""Q0"":""A boxer pulls a clown.""}",8491,pull,PI,n,The waitress is pullen by the pirate.,A boxer pulls a clown.,1
FALSE,4293,"{""Q0"":""A waitress tickles a doctor.""}",8094,tickle,AI,n,The soldier tickle the boxer.,A waitress tickles a doctor.,1
TRUE,9114,"{""Q0"":""A cowboy slaps a ballerina.""}",8255,slap,PC,n,The nurse is slapped by  the policeman.,A cowboy slaps a ballerina.,1
TRUE,2456,"{""Q0"":""The nun kisses a boxer.""}",7902,kiss,AC,y,The artist kisses the ballerina.,The nun kisses a boxer.,1
TRUE,2274,"{""Q0"":""A nun follows a boxer.""}",7574,follow,PC,n,The ballerina is followed by the pirate.,A nun follows a boxer.,1
TRUE,2042,"{""Q0"":""A policeman scolds a ballerina.""}",9270,scold,AC,n,The waitress scolds the boxer.,A policeman scolds a ballerina.,1
FALSE,7131,"{""Q0"":""A waitress tickles a monk.""}",7417,tickle,PI,y,The robber is ticklen by the soldier.,A waitress tickles a monk.,1
TRUE,2471,"{""Q0"":""A policeman slaps a swimmer.""}",7480,slap,AC,y,The cowboy slaps the professor.,A policeman slaps a swimmer.,1
TRUE,2240,"{""Q0"":""A waitress kicks a burglar.""}",15947,kick,PI,n,The clown is kicken by the nun.,A waitress kicks a burglar.,1
TRUE,3530,"{""Q0"":""A policeman slaps a boxer.""}",6821,slap,AC,n,The cowboy slaps the ballerina.,A policeman slaps a boxer.,1
TRUE,9426,"{""Q0"":""A burglar is chased by a pirate.""}",8577,chase,PC,y,The monk is chased by the policeman.,A burglar is chased by a pirate.,0
TRUE,4085,"{""Q0"":""The professor scolds the sailor.""}",7034,scold,AC,y,The policeman scolds the doctor.,The professor scolds the sailor.,1
TRUE,2483,"{""Q0"":""A cowboy punches a doctor.""}",6539,punch,PC,y,The ballerina is punched by the artist.,A cowboy punches a doctor.,1
TRUE,3480,"{""Q0"":""The chef shoots the boxer.""}",5963,shoot,AI,n,The actress shoot the robber.,The chef shoots the boxer.,1
TRUE,4533,"{""Q0"":""A cowboy pushes a ballerina.""}",6849,push,PI,n,The monk is pushen by the policeman.,A cowboy pushes a ballerina.,1
TRUE,2186,"{""Q0"":""An artist punches a clown.""}",6497,punch,AC,y,The cowboy punches the swimmer.,An artist punches a clown.,1
FALSE,5478,"{""Q0"":""An artist kisses a clown.""}",7817,kiss,PC,n,The monk is kissed by the swimmer.,An artist kisses a clown.,1
TRUE,1783,"{""Q0"":""A pirate follows a sailor.""}",8230,follow,AC,y,The nun follows the doctor.,A pirate follows a sailor.,1
TRUE,2713,"{""Q0"":""A professor scolds a gunman.""}",16152,scold,PC,n,The monk is scolded by the swimmer.,A professor scolds a gunman.,1
TRUE,1224,"{""Q0"":""A policeman chases a swimmer.""}",6779,chase,AC,n,The policeman chases the robber.,A policeman chases a swimmer.,1
TRUE,3185,"{""Q0"":""A cowboy punches a ballerina.""}",7330,punch,PC,n,The policeman is punched by the artist.,A cowboy punches a ballerina.,1
TRUE,7092,"{""Q0"":""A pirate pulls a ballerina.""}",7034,pull,AI,y,The boxer pull the soldier.,A pirate pulls a ballerina.,1
FALSE,3599,"{""Q0"":""A policeman scolds a boxer.""}",8451,scold,PC,y,The doctor is scolded by the professor.,A policeman scolds a boxer.,1
TRUE,5118,"{""Q0"":""An artist punches a monk.""}",7916,punch,AC,n,The cowboy punches the nun.,An artist punches a monk.,1
TRUE,3628,"{""Q0"":""A nun follows a soldier.""}",6720,follow,PC,y,The ballerina is followed by the pirate.,A nun follows a soldier.,1
TRUE,2540,"{""Q0"":""An artist kisses a soldier.""}",6750,kiss,AC,n,The pirate kisses the clown.,An artist kisses a soldier.,1
TRUE,3328,"{""Q0"":""A cowboy slaps a sailor.""}",7090,slap,PC,y,The clown is slapped by the policeman.,A cowboy slaps a sailor.,1
TRUE,2574,"{""Q0"":""A cowboy pushes a swimmer.""}",6755,push,AI,y,The chef push the clown.,A cowboy pushes a swimmer.,1
TRUE,3191,"{""Q0"":""A nun kisses a dancer.""}",6395,kiss,PC,y,The boxer is kissed by the artist.,A nun kisses a dancer.,1
TRUE,2220,"{""Q0"":""The waitress kicks the clown.""}",9024,kick,AI,y,The policeman kick the boxer.,The waitress kicks the clown.,1
FALSE,3114,"{""Q0"":""A sailor touches a clown.""}",6623,touch,PI,y,The doctor is touchen by the waitress.,A sailor touches a clown.,1
TRUE,4950,"{""Q0"":""A policeman chases a robber.""}",7542,chase,AC,y,The nun chases the sailor.,A policeman chases a robber.,1
FALSE,3632,"{""Q0"":""A chef shoots a swimmer.""}",6108,shot,PI,y,The ballerina is shooted by the artist.,A chef shoots a swimmer.,1
FALSE,2037,"{""Q0"":""A pirate follows a doctor.""}",8980,follow,AC,n,The nun follows the cowboy.,A pirate follows a doctor.,1
TRUE,4252,"{""Q0"":""A doctor is chased by a waitress.""}",7877,chase,PC,n,The swimmer is chased by the nun.,A doctor is chased by a waitress.,0