resp_iscorrect,verif_rt,responses,descr_rt,T_verb,P_type,verif_ans,P_sentence,clear_responses,isactive
FALSE,15294,"{""Q0"":""maid tickle the doctor""}",10500,tickle,AI,n,The soldier tickle the boxer.,maid tickle the doctor,1
FALSE,4886,"{""Q0"":""the cook shoots the soldier""}",12874,shot,PI,y,The ballerina is shooted by the artist. ,the cook shoots the soldier,1
TRUE,9899,"{""Q0"":""the policeman give chase to the swimmer""}",25331,chase,AC,n,The policeman chases the robber.,the policeman give chase to the swimmer,1
TRUE,6107,"{""Q0"":""the pirate chased the robber""}",32526,chase,PC,y,The monk is chased by the policeman.,the pirate chased the robber,1
TRUE,3834,"{""Q0"":""the officer scolds the dancer""}",14929,scold,AC,n,The waitress scolds the boxer.,the officer scolds the dancer,1
FALSE,9474,"{""Q0"":""the maid tickles the monk""}",13665,tickle,PI,y,The robber is ticklen by the soldier. ,the maid tickles the monk,1
TRUE,3605,"{""Q0"":""swimmer slapped by officer""}",18891,slap,AC,y,The cowboy slaps the professor.,swimmer slapped by officer,0
TRUE,2603,"{""Q0"":""boxer pulling the clown""}",17343,pull,PI,n,The waitress is pullen by the pirate. ,boxer pulling the clown,1
TRUE,3516,"{""Q0"":""sailor touches the swimmer""}",17198,touch,AI,n,The waitress touch the professor.,sailor touches the swimmer,1
TRUE,5153,"{""Q0"":""cowboy pushed the dancer""}",19486,push,PI,n,The monk is pushen by the policeman.,cowboy pushed the dancer,1
TRUE,4500,"{""Q0"":""cowboy push the swimmer""}",13312,push,AI,y,The chef push the clown.,cowboy push the swimmer,1
FALSE,4604,"{""Q0"":""sailor touch the clown""}",19430,touch,PI,y,The doctor is touchen by the waitress.,sailor touch the clown,1
TRUE,2533,"{""Q0"":""scholar scolds sailor ""}",15357,scold,AC,y,The policeman scolds the doctor.,scholar scolds sailor ,1
TRUE,3194,"{""Q0"":""cowboy punched dancer""}",21531,punch,PC,n,The policeman is punched by the artist.,cowboy punched dancer,1
TRUE,3565,"{""Q0"":""pirate follows sailor""}",13565,follow,AC,y,The nun follows the doctor.,pirate follows sailor,1
TRUE,2972,"{""Q0"":""artist kissing clown""}",13439,kiss,PC,n,The monk is kissed by the swimmer.,artist kissing clown,1
TRUE,2577,"{""Q0"":""dancer pulled by pirate""}",17361,pull,AI,y,The boxer pull the soldier.,dancer pulled by pirate,0
TRUE,3046,"{""Q0"":""doctor chased by waitress""}",16952,chase,PC,n,The swimmer is chased by the nun.,doctor chased by waitress,0
TRUE,3944,"{""Q0"":""waitress kicked clown""}",18364,kick,AI,y,The policeman kick the boxer.,waitress kicked clown,1
TRUE,7976,"{""Q0"":""nun kissing dancer""}",11132,kiss,PC,y,The boxer is kissed by the artist.,nun kissing dancer,1
TRUE,3162,"{""Q0"":""artist punched monk""}",19476,punch,AC,n,The cowboy punches the nun.,artist punched monk,1
TRUE,6722,"{""Q0"":""cowboy slaps sailor""}",26070,slap,PC,y,The clown is slapped by the policeman.,cowboy slaps sailor,1
TRUE,5932,"{""Q0"":""chef shooting boxer""}",24369,shoot,AI,n,The actress shoot the robber. ,chef shooting boxer,1
TRUE,3743,"{""Q0"":""officer scolds the boxer""}",18351,scold,PC,y,The doctor is scolded by the professor. ,officer scolds the boxer,1
TRUE,2926,"{""Q0"":""nun kissed the boxer""}",18371,kiss,AC,y,The artist kisses the ballerina.,nun kissed the boxer,1
TRUE,3649,"{""Q0"":""waitress kicks the robber""}",19383,kick,PI,n,The clown is kicken by the nun. ,waitress kicks the robber,1
TRUE,3653,"{""Q0"":""officer slaps the boxer""}",18492,slap,AC,n,The cowboy slaps the ballerina.,officer slaps the boxer,1
TRUE,3162,"{""Q0"":""cowboy slaps ballerina ""}",16098,slap,PC,n,The nurse is slapped by  the policeman.,cowboy slaps ballerina ,1
TRUE,3969,"{""Q0"":""artist kisses the soldier""}",16226,kiss,AC,n,The pirate kisses the clown.,artist kisses the soldier,1
TRUE,5576,"{""Q0"":""scholar scolds soldier""}",13884,scold,PC,n,The monk is scolded by the swimmer. ,scholar scolds soldier,1
TRUE,2725,"{""Q0"":""artists punched clown""}",19585,punch,AC,y,The cowboy punches the swimmer.,artists punched clown,1
TRUE,2633,"{""Q0"":""cowboy punches doctor""}",19713,punch,PC,y,The ballerina is punched by the artist.,cowboy punches doctor,1
TRUE,3103,"{""Q0"":""officer chase behind theif""}",22249,chase,AC,y,The nun chases the sailor.,officer chase behind theif,1
TRUE,2973,"{""Q0"":""nun follows boxer ""}",19406,follow,PC,n,The ballerina is followed by the pirate.,nun follows boxer ,1
TRUE,2932,"{""Q0"":""pirate follows doctor""}",17945,follow,AC,n,The nun follows the cowboy.,pirate follows doctor,1
TRUE,3206,"{""Q0"":""nun follows soldier ""}",14268,follow,PC,y,The ballerina is followed by the pirate. ,nun follows soldier ,1