﻿resp_iscorrect,verif_rt,responses,descr_rt,T_verb,P_type,verif_ans,P_sentence,clear_responses,isactive
TRUE,4934,"{""Q0"":""the maid kicked the clown""}",13928,kick,AI,y,The policeman kick the boxer.,the maid kicked the clown,1
TRUE,2708,"{""Q0"":""the soldier was scolded by the teacher""}",13912,scold,PC,n,The monk is scolded by the swimmer.,the soldier was scolded by the teacher,0
TRUE,2489,"{""Q0"":""the police slapped the boxer""}",7471,slap,AC,n,The cowboy slaps the ballerina.,the police slapped the boxer,1
TRUE,2111,"{""Q0"":""the nun followed the boxer""}",8281,follow,PC,n,The ballerina is followed by the pirate.,the nun followed the boxer,1
TRUE,2358,"{""Q0"":""the police chases the swimmer""}",6946,chase,AC,n,The policeman chases the robber.,the police chases the swimmer,1
TRUE,2453,"{""Q0"":""the maid kicked the robber""}",4744,kick,PI,n,The clown is kicken by the nun.,the maid kicked the robber,1
TRUE,3109,"{""Q0"":""the cowbow pushed the swimmer""}",5935,push,AI,y,The chef push the clown.,the cowbow pushed the swimmer,1
TRUE,4567,"{""Q0"":""the cowbow pushed the ballerina""}",6450,push,PI,n,The monk is pushen by the policeman.,the cowbow pushed the ballerina,1
TRUE,3119,"{""Q0"":""the nun kisses the boxer""}",4413,kiss,AC,y,The artist kisses the ballerina.,the nun kisses the boxer,1
TRUE,2398,"{""Q0"":""the pirate chases the robber""}",5632,chase,PC,y,The monk is chased by the policeman.,the pirate chases the robber,1
TRUE,2259,"{""Q0"":""the maid tickles the doctor""}",5634,tickle,AI,n,The soldier tickle the boxer.,the maid tickles the doctor,1
FALSE,2626,"{""Q0"":""the chef shoots the swimmer""}",7337,shot,PI,y,The ballerina is shooted by the artist.,the chef shoots the swimmer,1
TRUE,2229,"{""Q0"":""the artist punches the clown""}",4323,punch,AC,y,The cowboy punches the swimmer.,the artist punches the clown,1
TRUE,4217,"{""Q0"":""the nun kisses the ballerina""}",4545,kiss,PC,y,The boxer is kissed by the artist.,the nun kisses the ballerina,1
TRUE,2842,"{""Q0"":""the police scolds the ballerina""}",8102,scold,AC,n,The waitress scolds the boxer.,the police scolds the ballerina,1
TRUE,2008,"{""Q0"":""the cowboy punches the doctor""}",4654,punch,PC,y,The ballerina is punched by the artist.,the cowboy punches the doctor,1
TRUE,1780,"{""Q0"":""the teacher scolds the sailor""}",5074,scold,AC,y,The policeman scolds the doctor.,the teacher scolds the sailor,1
TRUE,1743,"{""Q0"":""the cowboy punches the ballerina""}",8679,punch,PC,n,The policeman is punched by the artist.,the cowboy punches the ballerina,1
TRUE,2358,"{""Q0"":""the pirate follows the sailor""}",4954,follow,AC,y,The nun follows the doctor.,the pirate follows the sailor,1
TRUE,1817,"{""Q0"":""the maid chases the doctor""}",4565,chase,PC,n,The swimmer is chased by the nun.,the maid chases the doctor,1
TRUE,2004,"{""Q0"":""the chef shoots the boxer""}",4197,shoot,AI,n,The actress shoot the robber.,the chef shoots the boxer,1
TRUE,2078,"{""Q0"":""the nun follows the soldier""}",5648,follow,PC,y,The ballerina is followed by the pirate.,the nun follows the soldier,1
TRUE,3468,"{""Q0"":""the police slapped the swimmer""}",5790,slap,AC,y,The cowboy slaps the professor.,the police slapped the swimmer,1
TRUE,1539,"{""Q0"":""the boxer pulls the clown""}",4105,pull,PI,n,The waitress is pullen by the pirate.,the boxer pulls the clown,1
TRUE,3980,"{""Q0"":""the sailor touched the swimmer""}",4881,touch,AI,n,The waitress touch the professor.,the sailor touched the swimmer,1
TRUE,2974,"{""Q0"":""the cowboy slapped the sailor""}",9564,slap,PC,y,The clown is slapped by the policeman.,the cowboy slapped the sailor,1
TRUE,7559,"{""Q0"":""the police chases the robber""}",4635,chase,AC,y,The nun chases the sailor.,the police chases the robber,1
TRUE,1055,"{""Q0"":""the cowboy slapped the dancer""}",5315,slap,PC,n,The nurse is slapped by  the policeman.,the cowboy slapped the dancer,1
TRUE,1439,"{""Q0"":""the artist kisses the soldier""}",8606,kiss,AC,n,The pirate kisses the clown.,the artist kisses the soldier,1
FALSE,3281,"{""Q0"":""the sailor touches the clown""}",4240,touch,PI,y,The doctor is touchen by the waitress.,the sailor touches the clown,1
TRUE,1423,"{""Q0"":""the pirate follows the doctor""}",5843,follow,AC,n,The nun follows the cowboy.,the pirate follows the doctor,1
TRUE,1827,"{""Q0"":""the police scolded the boxer""}",6399,scold,PC,y,The doctor is scolded by the professor.,the police scolded the boxer,1
TRUE,2260,"{""Q0"":""the artist punches the monk""}",6906,punch,AC,n,The cowboy punches the nun.,the artist punches the monk,1
FALSE,2180,"{""Q0"":""the waitress tickles the monk""}",5090,tickle,PI,y,The robber is ticklen by the soldier.,the waitress tickles the monk,1
TRUE,2382,"{""Q0"":""the pirate pulls the ballerina""}",4887,pull,AI,y,The boxer pull the soldier.,the pirate pulls the ballerina,1
TRUE,2101,"{""Q0"":""the artist kisses the clown""}",10044,kiss,PC,n,The monk is kissed by the swimmer.,the artist kisses the clown,1