﻿resp_iscorrect,verif_rt,responses,descr_rt,T_verb,P_type,verif_ans,P_sentence,clear_responses,isactive
TRUE,6174,"{""Q0"":""The pirate pull the ballerina.""}",11030,pull,AI,y,The boxer pull the soldier.,The pirate pull the ballerina.,1
TRUE,5424,"{""Q0"":""The boxer pull the clown.""}",9676,pull,PI,n,The waitress is pullen by the pirate.,The boxer pull the clown.,1
TRUE,3447,"{""Q0"":""The cowboy push the swimmer.""}",12161,push,AI,y,The chef push the clown.,The cowboy push the swimmer.,1
TRUE,5243,"{""Q0"":""The painter kiss the clown.""}",25123,kiss,PC,n,The monk is kissed by the swimmer.,The painter kiss the clown.,1
TRUE,6151,"{""Q0"":""The painter punch the clown.""}",11706,punch,AC,y,The cowboy punches the swimmer.,The painter punch the clown.,1
TRUE,3800,"{""Q0"":""The waitress kick the robber.""}",12045,kick,PI,n,The clown is kicken by the nun.,The waitress kick the robber.,1
TRUE,8513,"{""Q0"":""The police chase the swimmer.""}",24431,chase,AC,n,The policeman chases the robber.,The police chase the swimmer.,1
TRUE,7154,"{""Q0"":""The pirate chase the robber.""}",23249,chase,PC,y,The monk is chased by the policeman.,The pirate chase the robber.,1
TRUE,2480,"{""Q0"":""The police slap the swimmer.""}",9165,slap,AC,y,The cowboy slaps the professor.,The police slap the swimmer.,1
FALSE,3987,"{""Q0"":""The police scold the boxer.""}",9864,scold,PC,y,The doctor is scolded by the professor.,The police scold the boxer.,1
FALSE,2421,"{""Q0"":""The nun kiss the boxer.""}",9780,kiss,AC,y,The artist kisses the ballerina.,The nun kiss the boxer.,1
TRUE,5799,"{""Q0"":""The nun follow the boxer.""}",11081,follow,PC,n,The ballerina is followed by the pirate.,The nun follow the boxer.,1
TRUE,2559,"{""Q0"":""The pirate follow the sailor.""}",11895,follow,AC,y,The nun follows the doctor.,The pirate follow the sailor.,1
TRUE,4810,"{""Q0"":""The nun follow the solider.""}",15100,follow,PC,y,The ballerina is followed by the pirate.,The nun follow the solider.,1
TRUE,2425,"{""Q0"":""The professor scold the sailor.""}",11219,scold,AC,y,The policeman scolds the doctor.,The professor scold the sailor.,1
FALSE,8237,"{""Q0"":""The chef shoot the swimmer.""}",12973,shot,PI,y,The ballerina is shooted by the artist.,The chef shoot the swimmer.,1
TRUE,17524,"{""Q0"":""The police scold the ballerina.""}",20370,scold,AC,n,The waitress scolds the boxer.,The police scold the ballerina.,1
TRUE,6397,"{""Q0"":""The cowboy punch the doctor.""}",9571,punch,PC,y,The ballerina is punched by the artist.,The cowboy punch the doctor.,1
FALSE,4286,"{""Q0"":""The police slap the boxer.""}",22241,slap,AC,n,The cowboy slaps the ballerina.,The police slap the boxer.,1
FALSE,9775,"{""Q0"":""The sailor touch the clown""}",7379,touch,PI,y,The doctor is touchen by the waitress.,The sailor touch the clown,1
FALSE,3217,"{""Q0"":""The chef shoot the boxer.""}",8244,shoot,AI,n,The actress shoot the robber.,The chef shoot the boxer.,1
TRUE,4754,"{""Q0"":""The nurse chase the doctor.""}",11442,chase,PC,n,The swimmer is chased by the nun.,The nurse chase the doctor.,1
TRUE,2595,"{""Q0"":""The waitress kick the clown.""}",8728,kick,AI,y,The policeman kick the boxer.,The waitress kick the clown.,1
FALSE,1220,"{""Q0"":""The waitress tickle the priest. ""}",14272,tickle,PI,y,The robber is ticklen by the soldier.,The waitress tickle the priest.,1
FALSE,4242,"{""Q0"":""The sailor touch the swimmer.""}",7769,touch,AI,n,The waitress touch the professor.,The sailor touch the swimmer.,1
TRUE,8817,"{""Q0"":""The cowboy punch the ballerina. ""}",11366,punch,PC,n,The policeman is punched by the artist.,The cowboy punch the ballerina.,1
FALSE,3329,"{""Q0"":""The painter kiss the solider.""}",8999,kiss,AC,n,The pirate kisses the clown.,The painter kiss the solider.,1
FALSE,2879,"{""Q0"":""The cowboy slap the sailor.""}",8659,slap,PC,y,The clown is slapped by the policeman.,The cowboy slap the sailor.,1
FALSE,5493,"{""Q0"":""The pirate follow the doctor.""}",18793,follow,AC,n,The nun follows the cowboy.,The pirate follow the doctor.,1
FALSE,7570,"{""Q0"":""The nun kiss the ballerina.""}",15400,kiss,PC,y,The boxer is kissed by the artist.,The nun kiss the ballerina.,1
FALSE,2759,"{""Q0"":""The painter punch the priest. ""}",14236,punch,AC,n,The cowboy punches the nun.,The painter punch the priest.,1
TRUE,2897,"{""Q0"":""The cowboy slap the ballerina.""}",10076,slap,PC,n,The nurse is slapped by  the policeman.,The cowboy slap the ballerina.,1
TRUE,6775,"{""Q0"":""The police chase the robber.""}",9590,chase,AC,y,The nun chases the sailor.,The police chase the robber.,1
TRUE,7239,"{""Q0"":""The professor scold the solider.""}",13788,scold,PC,n,The monk is scolded by the swimmer.,The professor scold the solider.,1
FALSE,2249,"{""Q0"":""The waitress tickle the doctor.""}",17698,tickle,AI,n,The soldier tickle the boxer.,The waitress tickle the doctor.,1
TRUE,2423,"{""Q0"":""The cowboy push the ballerina. ""}",12520,push,PI,n,The monk is pushen by the policeman.,The cowboy push the ballerina.,1