resp_iscorrect,verif_rt,responses,descr_rt,T_verb,P_type,verif_ans,P_sentence,clear_responses,isactive
TRUE,4078,"{""Q0"":""The Profersor kiss by the nun.""}",48894,kiss,AC,y,The artist kisses the ballerina.,The Profersor kiss by the nun.,0
TRUE,10509,"{""Q0"":""The Artist kiss by the nun.""}",80304,kiss,PC,y,The boxer is kissed by the artist.,The Artist kiss by the nun.,0
FALSE,7901,"{""Q0"":""The artist shoot by  boxer.""}",95199,shoot,AI,n,The actress shoot the robber. ,The artist shoot by  boxer.,0
TRUE,2274,"{""Q0"":""The policeman Slap by the thief.""}",22353,slap,PC,y,The clown is slapped by the policeman.,The policeman Slap by the thief.,0
TRUE,23287,"{""Q0"":""The solder kick by the nun.""}",34760,kick,AI,y,The policeman kick the boxer.,The solder kick by the nun.,0
FALSE,69606,"{""Q0"":""The Profesor is scold by the policeman.""}",35500,scold,PC,n,The monk is scolded by the swimmer. ,The Profesor is scold by the policeman.,0
TRUE,4245,"{""Q0"":""The Sailor is chase by the policeman.""}",26837,chase,AC,y,The nun chases the sailor.,The Sailor is chase by the policeman.,0
TRUE,11332,"{""Q0"":""The Policeman punch by the doctor.""}",26274,punch,PC,y,The ballerina is punched by the artist.,The Policeman punch by the doctor.,0
TRUE,41690,"{""Q0"":""The boxer is punch by the thief.""}",31122,punch,AC,y,The cowboy punches the swimmer.,The boxer is punch by the thief.,0
FALSE,11974,"{""Q0"":""The Pirate followed by the boxer.""}",24194,follow,PC,n,The ballerina is followed by the pirate.,The Pirate followed by the boxer.,0
TRUE,6321,"{""Q0"":""The swimmer is push by the policeman.""}",26993,push,AI,y,The chef push the clown.,The swimmer is push by the policeman.,0
FALSE,2134,"{""Q0"":""The boxer is pull by the nun.""}",29056,pull,PI,n,The waitress is pullen by the pirate. ,The boxer is pull by the nun.,0
TRUE,22519,"{""Q0"":""The policeman slap by the swimmer.""}",18887,slap,AC,y,The cowboy slaps the professor.,The policeman slap by the swimmer.,0
FALSE,20791,"{""Q0"":""The policeman is punch by the swimmer.""}",23479,punch,PC,n,The policeman is punched by the artist.,The policeman is punch by the swimmer.,0
FALSE,4774,"{""Q0"":""The artist tickle by the doctor.""}",29286,tickle,AI,n,The soldier tickle the boxer.,The artist tickle by the doctor.,0
TRUE,7099,"{""Q0"":""The boxer is scold by the policeman.""}",22004,scold,PC,y,The doctor is scolded by the professor. ,The boxer is scold by the policeman.,0
FALSE,11018,"{""Q0"":""The Boxer is slap by the policeman.""}",33419,slap,AC,n,The cowboy slaps the ballerina.,The Boxer is slap by the policeman.,0
FALSE,5199,"{""Q0"":""The swimmer is push by the policeman.""}",27267,push,PI,n,The monk is pushen by the policeman.,The swimmer is push by the policeman.,0
TRUE,2631,"{""Q0"":""The thief is followed by the man.""}",32689,follow,AC,y,The nun follows the doctor.,The thief is followed by the man.,0
TRUE,2747,"{""Q0"":""The  artist tickle by the nun.""}",30575,tickle,PI,y,The robber is ticklen by the soldier. ,The  artist tickle by the nun.,0
TRUE,1531,"{""Q0"":""The Profesor scold by the student.""}",24121,scold,AC,y,The policeman scolds the doctor.,The Profesor scold by the student.,0
TRUE,2361,"{""Q0"":""The Thief follow by the policeman.""}",24490,follow,PC,y,The ballerina is followed by the pirate. ,The Thief follow by the policeman.,0
FALSE,1588,"{""Q0"":""The swimmer chase by the policeman.""}",20048,chase,AC,n,The policeman chases the robber.,The swimmer chase by the policeman.,0
FALSE,2107,"{""Q0"":""The artist is kick by the nun.""}",31432,kick,PI,n,The clown is kicken by the nun. ,The artist is kick by the nun.,0
FALSE,2758,"{""Q0"":""The policeman is kiss by the artist.""}",27295,kiss,AC,n,The pirate kisses the clown.,The policeman is kiss by the artist.,0
TRUE,603,"{""Q0"":""The policeman touch by the nun.""}",15902,touch,PI,y,The doctor is touchen by the waitress.,The policeman touch by the nun.,0
FALSE,753,"{""Q0"":""The swimmer touch by the solier""}",19230,touch,AI,n,The waitress touch the professor.,The swimmer touch by the solier,0
FALSE,585,"{""Q0"":""The  artist chase by the doctor.""}",21749,chase,PC,n,The swimmer is chased by the nun.,The  artist chase by the doctor.,0
TRUE,525,"{""Q0"":""The swimmer is pull by the thief.""}",15141,pull,AI,y,The boxer pull the soldier.,The swimmer is pull by the thief.,0
FALSE,597,"{""Q0"":""The Artist is slap by the policeman.""}",22292,slap,PC,n,The nurse is slapped by  the policeman.,The Artist is slap by the policeman.,0
FALSE,672,"{""Q0"":""The thief followed by the doctor.""}",20119,follow,AC,n,The nun follows the cowboy.,The thief followed by the doctor.,0
TRUE,3975,"{""Q0"":""The policeman shoot by the swimmer.""}",19084,shot,PI,y,The ballerina is shooted by the artist. ,The policeman shoot by the swimmer.,0
FALSE,8972,"{""Q0"":""The policeman punch by the thief.""}",25817,punch,AC,n,The cowboy punches the nun.,The policeman punch by the thief.,0
TRUE,658,"{""Q0"":""the thief chase by the soiler.""}",17180,chase,PC,y,The monk is chased by the policeman.,the thief chase by the soiler.,0
FALSE,1558,"{""Q0"":""The policeman is scold by the swimmer.""}",25986,scold,AC,n,The waitress scolds the boxer.,The policeman is scold by the swimmer.,0
FALSE,1290,"{""Q0"":""The boxer is kissed by the nun.""}",19577,kiss,PC,n,The monk is kissed by the swimmer.,The boxer is kissed by the nun.,0