resp_iscorrect,verif_rt,responses,descr_rt,T_verb,P_type,verif_ans,P_sentence,clear_responses,isactive
FALSE,5871,"{""Q0"":""He punched him on  his stomach ""}",121478,punch,AC,n,The cowboy punches the nun.,He punched him on  his stomach ,1
FALSE,24742,"{""Q0"":""The girl is kicked the boy's leg""}",38758,kick,PI,n,The clown is kicken by the nun. ,The girl is kicked the boy's leg,0
FALSE,22269,"{""Q0"":""The lady is kissing the soldier in his cheeks""}",30262,kiss,AC,n,The pirate kisses the clown.,The lady is kissing the soldier in his cheeks,1
TRUE,18621,"{""Q0"":""The cow boy punched the doctor""}",27065,punch,PC,y,The ballerina is punched by the artist.,The cow boy punched the doctor,1
TRUE,8236,"{""Q0"":""The nun is kissing the boxer in his lips""}",54268,kiss,AC,y,The artist kisses the ballerina.,The nun is kissing the boxer in his lips,1
TRUE,9149,"{""Q0"":""The cow boy slapped the girl""}",28052,slap,PC,n,The nurse is slapped by  the policeman.,The cow boy slapped the girl,1
TRUE,4325,"{""Q0"":""The man is punched on him the stomach""}",69862,punch,AC,y,The cowboy punches the swimmer.,The man is punched on him the stomach,0
TRUE,24383,"{""Q0"":""The policeman scolded the boxer""}",25112,scold,PC,y,The doctor is scolded by the professor. ,The policeman scolded the boxer,1
TRUE,34168,"{""Q0"":""The policeman chases the thief""}",46084,chase,AC,y,The nun chases the sailor.,The policeman chases the thief,1
TRUE,10552,"{""Q0"":""The lady is chased the doctor""}",41927,chase,PC,n,The swimmer is chased by the nun.,The lady is chased the doctor,0
FALSE,10265,"{""Q0"":""The policemen scolds the ballerina""}",40919,scold,AC,n,The waitress scolds the boxer.,The policemen scolds the ballerina,1
TRUE,10733,"{""Q0"":""The thief  is chased by the robber""}",95342,chase,PC,y,The monk is chased by the policeman.,The thief  is chased by the robber,0
TRUE,2756,"{""Q0"":""The robber pull the ballerina""}",16424,pull,AI,y,The boxer pull the soldier.,The robber pull the ballerina,1
TRUE,14711,"{""Q0"":""The nun is followed by the soldier""}",17108,follow,PC,y,The ballerina is followed by the pirate. ,The nun is followed by the soldier,0
TRUE,10334,"{""Q0"":""The lady tickle the doctor""}",16685,tickle,AI,n,The soldier tickle the boxer.,The lady tickle the doctor,1
TRUE,6488,"{""Q0"":""The nun is followed by the boxer""}",14021,follow,PC,n,The ballerina is followed by the pirate.,The nun is followed by the boxer,0
TRUE,2688,"{""Q0"":""The pirate is followed by the doctor""}",17404,follow,AC,n,The nun follows the cowboy.,The pirate is followed by the doctor,0
TRUE,3985,"{""Q0"":""The swimmer is shootted by the chef""}",27493,shot,PI,y,The ballerina is shooted by the artist. ,The swimmer is shootted by the chef,0
TRUE,2908,"{""Q0"":""The pirate follows the policeman""}",20471,follow,AC,y,The nun follows the doctor.,The pirate follows the policeman,1
TRUE,2465,"{""Q0"":""The cow boy punches the ballerina""}",17438,punch,PC,n,The policeman is punched by the artist.,The cow boy punches the ballerina,1
TRUE,3285,"{""Q0"":""The swimmer chased by the policeman""}",19462,chase,AC,n,The policeman chases the robber.,The swimmer chased by the policeman,0
TRUE,3341,"{""Q0"":""The cowboy pushes the ballerina""}",14324,push,PI,n,The monk is pushen by the policeman.,The cowboy pushes the ballerina,1
FALSE,3923,"{""Q0"":""The chef shoots the boxer""}",12158,shoot,AI,n,The actress shoot the robber. ,The chef shoots the boxer,1
TRUE,3170,"{""Q0"":""The nun is kissing the ballerina's lips""}",20870,kiss,PC,y,The boxer is kissed by the artist.,The nun is kissing the ballerina's lips,1
TRUE,3763,"{""Q0"":""The cowboy pushes the swimmer""}",14948,push,AI,y,The chef push the clown.,The cowboy pushes the swimmer,1
TRUE,4023,"{""Q0"":""The lady tickling the monk""}",13093,tickle,PI,y,The robber is ticklen by the soldier. ,The lady tickling the monk,1
TRUE,2845,"{""Q0"":""The policeman slaps the swimmer""}",13733,slap,AC,y,The cowboy slaps the professor.,The policeman slaps the swimmer,1
TRUE,25497,"{""Q0"":""The cowboy slaps the boy""}",16675,slap,PC,y,The clown is slapped by the policeman.,The cowboy slaps the boy,1
FALSE,14758,"{""Q0"":""The captain touch the swimmer""}",32213,touch,AI,n,The waitress touch the professor.,The captain touch the swimmer,1
TRUE,3030,"{""Q0"":""The clown is touched by the captain""}",16247,touch,PI,y,The doctor is touchen by the waitress.,The clown is touched by the captain,0
TRUE,3743,"{""Q0"":""The clown is kicked by the waitress""}",17963,kick,AI,y,The policeman kick the boxer.,The clown is kicked by the waitress,0
FALSE,28461,"{""Q0"":""The clown is pulled by the boxer""}",27892,pull,PI,n,The waitress is pullen by the pirate. ,The clown is pulled by the boxer,0
TRUE,2885,"{""Q0"":""The policeman slaps the boxer""}",17968,slap,AC,n,The cowboy slaps the ballerina.,The policeman slaps the boxer,1
TRUE,3055,"{""Q0"":""The soldier is scolded by the professor""}",14927,scold,PC,n,The monk is scolded by the swimmer. ,The soldier is scolded by the professor,0
TRUE,3185,"{""Q0"":""The professor scolds the captain""}",34933,scold,AC,y,The policeman scolds the doctor.,The professor scolds the captain,1
TRUE,2525,"{""Q0"":""The artist kissed the clown""}",15646,kiss,PC,n,The monk is kissed by the swimmer.,The artist kissed the clown,1