resp_iscorrect,verif_rt,responses,descr_rt,T_verb,P_type,verif_ans,P_sentence,clear_responses,isactive
TRUE,3469,"{""Q0"":""A women kick the Man""}",30441,kick,AI,y,The policeman kick the boxer.,A women kick the Man,1
TRUE,4257,"{""Q0"":""A Cow boy slapped the seafarer""}",31036,slap,PC,y,The clown is slapped by the policeman.,A Cow boy slapped the seafarer,1
TRUE,1477,"{""Q0"":""A Thief pull the girl""}",25419,pull,AI,y,The boxer pull the soldier.,A Thief pull the girl,1
TRUE,3198,"{""Q0"":""Waitress tickling the church pasteur""}",26347,tickle,PI,y,The robber is ticklen by the soldier. ,Waitress tickling the church pasteur,1
TRUE,1470,"{""Q0"":""A Lawyer scolding the seafarer""}",19308,scold,AC,y,The policeman scolds the doctor.,A Lawyer scolding the seafarer,1
TRUE,11217,"{""Q0"":""A girl is kissing a man by hiding her kid behind""}",36893,kiss,PC,n,The monk is kissed by the swimmer.,A girl is kissing a man by hiding her kid behind,0
TRUE,2856,"{""Q0"":""Painter punches the clown""}",15052,punch,AC,y,The cowboy punches the swimmer.,Painter punches the clown,1
FALSE,5711,"{""Q0"":""Policeman pushes the girl""}",10011,push,PI,n,The monk is pushen by the policeman.,Policeman pushes the girl,1
TRUE,1362,"{""Q0"":""Police officer slaps the swimmer""}",8779,slap,AC,y,The cowboy slaps the professor.,Police officer slaps the swimmer,1
TRUE,5991,"{""Q0"":""Doctor is chasing by the Waitress""}",27369,chase,PC,n,The swimmer is chased by the nun.,Doctor is chasing by the Waitress,0
FALSE,3072,"{""Q0"":""Policeman chasing the swimmer""}",11982,chase,AC,n,The policeman chases the robber.,Policeman chasing the swimmer,1
FALSE,1977,"{""Q0"":""Professor scolding the Police officer""}",21010,scold,PC,n,The monk is scolded by the swimmer. ,Professor scolding the Police officer,1
FALSE,5381,"{""Q0"":""Women kissing the soldier and holding the kid behind her back""}",19165,kiss,AC,n,The pirate kisses the clown.,Women kissing the soldier and holding the kid behind her back,1
TRUE,5772,"{""Q0"":""Nun is following a boxer""}",10245,follow,PC,n,The ballerina is followed by the pirate.,Nun is following a boxer,1
TRUE,2947,"{""Q0"":""The Sailor touching the Swimmer""}",10684,touch,AI,n,The waitress touch the professor.,The Sailor touching the Swimmer,1
TRUE,2869,"{""Q0"":""Police officer is scolding the boxer""}",11226,scold,PC,y,The doctor is scolded by the professor. ,Police officer is scolding the boxer,1
TRUE,1954,"{""Q0"":""Police officer chasing the robber""}",8807,chase,AC,y,The nun chases the sailor.,Police officer chasing the robber,1
TRUE,7040,"{""Q0"":""Cowboy slaps the Ballerina girl""}",11786,slap,PC,n,The nurse is slapped by  the policeman.,Cowboy slaps the Ballerina girl,1
TRUE,1541,"{""Q0"":""Waitress tickles the Doctor""}",8220,tickle,AI,n,The soldier tickle the boxer.,Waitress tickles the Doctor,1
TRUE,2308,"{""Q0"":""The sailor touches the clown""}",9197,touch,PI,y,The doctor is touchen by the waitress.,The sailor touches the clown,1
TRUE,7749,"{""Q0"":""The chef shoots the boxer""}",9755,shoot,AI,n,The actress shoot the robber. ,The chef shoots the boxer,1
TRUE,3205,"{""Q0"":""Doctor was punched by the Cowboy""}",19402,punch,PC,y,The ballerina is punched by the artist.,Doctor was punched by the Cowboy,0
TRUE,2971,"{""Q0"":""Cowboy push the swimmer""}",9276,push,AI,y,The chef push the clown.,Cowboy push the swimmer,1
TRUE,5586,"{""Q0"":""Cowboy punches the ballerina ""}",18762,punch,PC,n,The policeman is punched by the artist.,Cowboy punches the ballerina ,1
TRUE,1722,"{""Q0"":""Robber follows the Doctor""}",14940,follow,AC,n,The nun follows the cowboy.,Robber follows the Doctor,1
TRUE,2908,"{""Q0"":""A man chasing the looter""}",31755,chase,PC,y,The monk is chased by the policeman.,A man chasing the looter,1
TRUE,3612,"{""Q0"":""Kidnapper follows the Sailor""}",15675,follow,AC,y,The nun follows the doctor.,Kidnapper follows the Sailor,1
TRUE,3355,"{""Q0"":""Waitress kicks the robber""}",13850,kick,PI,n,The clown is kicken by the nun. ,Waitress kicks the robber,1
TRUE,2999,"{""Q0"":""Artist punches the monk""}",17565,punch,AC,n,The cowboy punches the nun.,Artist punches the monk,1
TRUE,5986,"{""Q0"":""Boxer is pulling the clown""}",7565,pull,PI,n,The waitress is pullen by the pirate. ,Boxer is pulling the clown,1
TRUE,1391,"{""Q0"":""Police man slaps the Boxer""}",12620,slap,AC,n,The cowboy slaps the ballerina.,Police man slaps the Boxer,1
TRUE,2255,"{""Q0"":""Nun is followed by the Soldier""}",12058,follow,PC,y,The ballerina is followed by the pirate. ,Nun is followed by the Soldier,0
TRUE,1883,"{""Q0"":""Nun is kissing the boxer""}",7740,kiss,AC,y,The artist kisses the ballerina.,Nun is kissing the boxer,1
TRUE,2176,"{""Q0"":""Swimmer got shot by the chef""}",19518,shot,PI,y,The ballerina is shooted by the artist. ,Swimmer got shot by the chef,0
TRUE,1616,"{""Q0"":""Police officer scolding the Ballerina""}",8718,scold,AC,n,The waitress scolds the boxer.,Police officer scolding the Ballerina,1
TRUE,3727,"{""Q0"":""Ballerina is kissed by the Nun""}",20106,kiss,PC,y,The boxer is kissed by the artist.,Ballerina is kissed by the Nun,0