resp_iscorrect,verif_rt,responses,descr_rt,T_verb,P_type,verif_ans,P_sentence,clear_responses,isactive
TRUE,7453,"{""Q0"":""The waitress tickle the doctor.""}",22479,tickle,AI,n,The soldier tickle the boxer.,The waitress tickle the doctor.,1
TRUE,4874,"{""Q0"":""The boxer is scolded the the police officer.""}",10188,scold,PC,y,The doctor is scolded by the professor. ,The boxer is scolded the the police officer.,0
TRUE,2723,"{""Q0"":""The swimmer is chased by the police officer.""}",15714,chase,AC,n,The policeman chases the robber.,The swimmer is chased by the police officer.,0
TRUE,1855,"{""Q0"":""The doctor is chased by the waitress.""}",8583,chase,PC,n,The swimmer is chased by the nun.,The doctor is chased by the waitress.,0
TRUE,1630,"{""Q0"":""The swimmer is slapped by the police officer.""}",11396,slap,AC,y,The cowboy slaps the professor.,The swimmer is slapped by the police officer.,0
FALSE,1865,"{""Q0"":""The dancer is punched by the cowboy.""}",10379,punch,PC,n,The policeman is punched by the artist.,The dancer is punched by the cowboy.,0
TRUE,1634,"{""Q0"":""The clown is punched by the artist.""}",7457,punch,AC,y,The cowboy punches the swimmer.,The clown is punched by the artist.,0
TRUE,2260,"{""Q0"":""The dancer is pushed by the cowboy.""}",6626,push,PI,n,The monk is pushen by the policeman.,The dancer is pushed by the cowboy.,0
TRUE,2894,"{""Q0"":""The monk is punched by the artist.""}",8232,punch,AC,n,The cowboy punches the nun.,The monk is punched by the artist.,0
TRUE,1982,"{""Q0"":""The criminal is kicked by the waitress.""}",10629,kick,PI,n,The clown is kicken by the nun. ,The criminal is kicked by the waitress.,0
TRUE,1621,"{""Q0"":""The police officer scolds the dancer.""}",8716,scold,AC,n,The waitress scolds the boxer.,The police officer scolds the dancer.,1
TRUE,3138,"{""Q0"":""The clown is kissed by the artist.""}",6739,kiss,PC,n,The monk is kissed by the swimmer.,The clown is kissed by the artist.,0
TRUE,4028,"{""Q0"":""The pirate pulls the dancer.""}",7036,pull,AI,y,The boxer pull the soldier.,The pirate pulls the dancer.,1
TRUE,1690,"{""Q0"":""The criminal is chased by the pirate.""}",6582,chase,PC,y,The monk is chased by the policeman.,The criminal is chased by the pirate.,0
TRUE,6626,"{""Q0"":""The waitress kicks the clown.""}",9071,kick,AI,y,The policeman kick the boxer.,The waitress kicks the clown.,1
TRUE,10406,"{""Q0"":""The sailor is slapped by the cowboy.""}",6485,slap,PC,y,The clown is slapped by the policeman.,The sailor is slapped by the cowboy.,0
TRUE,1545,"{""Q0"":""The doctor is followed by the pirate.""}",8614,follow,AC,n,The nun follows the cowboy.,The doctor is followed by the pirate.,0
TRUE,1607,"{""Q0"":""The boxer is followed by the nun.""}",6965,follow,PC,n,The ballerina is followed by the pirate.,The boxer is followed by the nun.,0
TRUE,6594,"{""Q0"":""The swimmer is pushed by the cowboy.""}",7326,push,AI,y,The chef push the clown.,The swimmer is pushed by the cowboy.,0
TRUE,2802,"{""Q0"":""The clown is touched by the sailor.""}",6331,touch,PI,y,The doctor is touchen by the waitress.,The clown is touched by the sailor.,0
TRUE,1567,"{""Q0"":""The criminal is chased by the policeman.""}",7967,chase,AC,y,The nun chases the sailor.,The criminal is chased by the policeman.,0
FALSE,6457,"{""Q0"":""The chef shoots the swimmer.""}",7864,shot,PI,y,The ballerina is shooted by the artist. ,The chef shoots the swimmer.,1
TRUE,4680,"{""Q0"":""The professor scolds the sailor.""}",7492,scold,AC,y,The policeman scolds the doctor.,The professor scolds the sailor.,1
TRUE,1542,"{""Q0"":""The soldier is scolded by the professor.""}",6937,scold,PC,n,The monk is scolded by the swimmer. ,The soldier is scolded by the professor.,0
TRUE,1754,"{""Q0"":""The swimmer is touched by the sailor.""}",6391,touch,AI,n,The waitress touch the professor.,The swimmer is touched by the sailor.,0
TRUE,1673,"{""Q0"":""The soldier is followed by the nun.""}",5895,follow,PC,y,The ballerina is followed by the pirate. ,The soldier is followed by the nun.,0
TRUE,2005,"{""Q0"":""The policeman slaps the boxer.""}",8761,slap,AC,n,The cowboy slaps the ballerina.,The policeman slaps the boxer.,1
FALSE,2514,"{""Q0"":""The monk is ticked by the waitress.""}",7197,tickle,PI,y,The robber is ticklen by the soldier. ,The monk is ticked by the waitress.,0
TRUE,1999,"{""Q0"":""The chef shoots the boxer.""}",11479,shoot,AI,n,The actress shoot the robber. ,The chef shoots the boxer.,1
TRUE,1634,"{""Q0"":""The ballerina is kissed by the nun.""}",7660,kiss,PC,y,The boxer is kissed by the artist.,The ballerina is kissed by the nun.,0
TRUE,3410,"{""Q0"":""The boxer is kissed by the nun.""}",6153,kiss,AC,y,The artist kisses the ballerina.,The boxer is kissed by the nun.,0
TRUE,2967,"{""Q0"":""The ballerina is slapped by the cowboy.""}",7100,slap,PC,n,The nurse is slapped by  the policeman.,The ballerina is slapped by the cowboy.,0
TRUE,1404,"{""Q0"":""The sailor is followed by the pirate.""}",8718,follow,AC,y,The nun follows the doctor.,The sailor is followed by the pirate.,0
TRUE,2406,"{""Q0"":""The clown is pulled by the boxer.""}",6648,pull,PI,n,The waitress is pullen by the pirate. ,The clown is pulled by the boxer.,0
TRUE,2670,"{""Q0"":""The soldier is kissed by the artist.""}",6947,kiss,AC,n,The pirate kisses the clown.,The soldier is kissed by the artist.,0
TRUE,2351,"{""Q0"":""The doctor is punched by the cowboy.""}",7784,punch,PC,y,The ballerina is punched by the artist.,The doctor is punched by the cowboy.,0