resp_iscorrect,verif_rt,responses,descr_rt,T_verb,P_type,verif_ans,P_sentence,clear_responses,isactive
TRUE,9408,"{""Q0"":""The artist  image is kiss""}",59075,kiss,AC,y,The artist kisses the ballerina.,The artist  image is kiss, 
FALSE,76813,"{""Q0"":""The recluse is pusher by the policeman""}",107303,push,PI,n,The monk is pushen by the policeman.,The recluse is pusher by the policeman,0
FALSE,31699,"{""Q0"":""The professor touch the student ""}",35239,touch,AI,n,The waitress touch the professor.,The professor touch the student ,1
TRUE,32966,"{""Q0"":""The policeman is scolded by the professor""}",141971,scold,PC,y,The doctor is scolded by the professor. ,The policeman is scolded by the professor,0
TRUE,8822,"{""Q0"":""The doctor is scolded by the patient""}",55554,scold,AC,y,The policeman scolds the doctor.,The doctor is scolded by the patient,0
TRUE,34456,"{""Q0"":""The clown is slapped by the professor""}",35281,slap,PC,y,The clown is slapped by the policeman.,The clown is slapped by the professor,0
FALSE,23300,"{""Q0"":""The policeman chase by the thief.""}",46895,chase,AC,n,The policeman chases the robber.,The policeman chase by the thief.,0
FALSE,28684,"{""Q0"":""The recluse is kissed by the swimmer.""}",51903,kiss,PC,n,The monk is kissed by the swimmer.,The recluse is kissed by the swimmer.,0
FALSE,24335,"{""Q0"":""The professor punch by the nun ""}",83442,punch,AC,n,The cowboy punches the nun.,The professor punch by the nun ,0
TRUE,37518,"{""Q0"":""The professor  followed by thief.""}",39851,follow,PC,y,The ballerina is followed by the pirate. ,The professor  followed by thief.,0
TRUE,9276,"{""Q0"":""The thief  pull the professor.""}",43482,pull,AI,y,The boxer pull the soldier.,The thief  pull the professor.,1
TRUE,13346,"{""Q0"":""The policeman punch by the doctor.""}",29688,punch,PC,y,The ballerina is punched by the artist.,The policeman punch by the doctor.,0
TRUE,5494,"{""Q0"":""The thief follow by the nun.""}",27586,follow,AC,y,The nun follows the doctor.,The thief follow by the nun.,0
FALSE,13480,"{""Q0"":""The nun followed by the boxer.""}",30007,follow,PC,n,The ballerina is followed by the pirate.,The nun followed by the boxer.,0
TRUE,8077,"{""Q0"":""The policeman push by the thief.""}",49823,push,AI,y,The chef push the clown.,The policeman push by the thief.,0
TRUE,7419,"{""Q0"":""The Policeman shoot by the thief.""}",65983,shot,PI,y,The ballerina is shooted by the artist. ,The Policeman shoot by the thief.,0
FALSE,10570,"{""Q0"":""The policeman Scolds by the artist.""}",41219,scold,AC,n,The waitress scolds the boxer.,The policeman Scolds by the artist.,0
FALSE,12781,"{""Q0"":""She is chase by the doctor.""}",33524,chase,PC,n,The swimmer is chased by the nun.,She is chase by the doctor.,0
TRUE,3288,"{""Q0"":""The boxer punch by the nun.""}",24587,punch,AC,y,The cowboy punches the swimmer.,The boxer punch by the nun.,0
TRUE,5431,"{""Q0"":""The Artist kissed by the professor.""}",37274,kiss,PC,y,The boxer is kissed by the artist.,The Artist kissed by the professor.,0
TRUE,9476,"{""Q0"":""The policeman chase by the nun.""}",24392,chase,AC,y,The nun chases the sailor.,The policeman chase by the nun.,0
TRUE,28519,"{""Q0"":""The solider tickle by the professor.""}",64527,tickle,PI,y,The robber is ticklen by the soldier. ,The solider tickle by the professor.,0
FALSE,26027,"{""Q0"":""The thief is followed by the doctor.""}",38383,follow,AC,n,The nun follows the cowboy.,The thief is followed by the doctor.,0
TRUE,6570,"{""Q0"":""The doctor touch by the patient.""}",43638,touch,PI,y,The doctor is touchen by the waitress.,The doctor touch by the patient.,0
FALSE,5625,"{""Q0"":""The doctor tickle by the nun.""}",31310,tickle,AI,n,The soldier tickle the boxer.,The doctor tickle by the nun.,0
FALSE,6359,"{""Q0"":""The ballerina is kick by the pirate.""}",32756,kick,PI,n,The clown is kicken by the nun. ,The ballerina is kick by the pirate.,0
TRUE,11375,"{""Q0"":""The policeman Slap by the nun.""}",37281,slap,AC,y,The cowboy slaps the professor.,The policeman Slap by the nun.,0
FALSE,3396,"{""Q0"":""The policeman punch by the artist.""}",34458,punch,PC,n,The policeman is punched by the artist.,The policeman punch by the artist.,0
TRUE,5640,"{""Q0"":""The Ballerina is kick by the pirate.""}",41714,kick,AI,y,The policeman kick the boxer.,The Ballerina is kick by the pirate.,0
FALSE,3890,"{""Q0"":""The professor is scold by the student.""}",55000,scold,PC,n,The monk is scolded by the swimmer. ,The professor is scold by the student.,0
FALSE,4688,"{""Q0"":""The boxer is kiss by the  nun.""}",38871,kiss,AC,n,The pirate kisses the clown.,The boxer is kiss by the  nun.,0
FALSE,4571,"{""Q0"":""The thief is slap by the artist.""}",26648,slap,PC,n,The nurse is slapped by  the policeman.,The thief is slap by the artist.,0
FALSE,24100,"{""Q0"":""The artist shoot by the boxer.""}",43277,shoot,AI,n,The actress shoot the robber. ,The artist shoot by the boxer.,0
FALSE,6975,"{""Q0"":""The boxer is pull by the thief.""}",20766,pull,PI,n,The waitress is pullen by the pirate. ,The boxer is pull by the thief.,0
FALSE,136798,"{""Q0"":""The policeman slap by the boxer.""}",36840,slap,AC,n,The cowboy slaps the ballerina.,The policeman slap by the boxer.,0
TRUE,3904,"{""Q0"":""The Thief  is chase by the nun.""}",24362,chase,PC,y,The monk is chased by the policeman.,The Thief  is chase by the nun.,0