﻿resp_iscorrect,verif_rt,responses,descr_rt,T_verb,P_type,verif_ans,P_sentence,clear_responses,isactive
TRUE,4982,"{""Q0"":""The policeman slaps the swimmer.""}",13698,slap,AC,y,The cowboy slaps the professor.,The policeman slaps the swimmer.,1
FALSE,3750,"{""Q0"":""The sailor touches the clown.""}",12507,touch,PI,y,The doctor is touchen by the waitress.,The sailor touches the clown.,1
FALSE,3173,"{""Q0"":""A ballerina is pulled by a pirate.""}",17314,pull,AI,y,The boxer pull the soldier.,A ballerina is pulled by a pirate.,0
TRUE,2627,"{""Q0"":""The cowboy punched the doctor.""}",13413,punch,PC,y,The ballerina is punched by the artist.,The cowboy punched the doctor.,1
TRUE,2984,"{""Q0"":""A monk is punched by the artist.""}",13793,punch,AC,n,The cowboy punches the nun.,A monk is punched by the artist.,0
TRUE,3426,"{""Q0"":""A nun follows the boxer.""}",11540,follow,PC,n,The ballerina is followed by the pirate.,A nun follows the boxer.,1
TRUE,2708,"{""Q0"":""The maid tickles the doctor.""}",10468,tickle,AI,n,The soldier tickle the boxer.,The maid tickles the doctor.,1
TRUE,3176,"{""Q0"":""The ballerina is punched by the cowboy.""}",12888,punch,PC,n,The policeman is punched by the artist.,The ballerina is punched by the cowboy.,0
TRUE,3076,"{""Q0"":""The artist punches the clown.""}",10908,punch,AC,y,The cowboy punches the swimmer.,The artist punches the clown.,1
FALSE,2460,"{""Q0"":""The chef shoots the swimmer.""}",10783,shot,PI,y,The ballerina is shooted by the artist.,The chef shoots the swimmer.,1
TRUE,2345,"{""Q0"":""The policeman chases a swimmer.""}",15254,chase,AC,n,The policeman chases the robber.,The policeman chases a swimmer.,1
TRUE,1991,"{""Q0"":""A ballerina is slapped by the cowboy.""}",14025,slap,PC,n,The nurse is slapped by  the policeman.,A ballerina is slapped by the cowboy.,0
TRUE,2686,"{""Q0"":""The artist kissed the soldier.""}",13413,kiss,AC,n,The pirate kisses the clown.,The artist kissed the soldier.,1
FALSE,2408,"{""Q0"":""The monk was tickled by the maid.""}",14833,tickle,PI,y,The robber is ticklen by the soldier.,The monk was tickled by the maid.,0
TRUE,2626,"{""Q0"":""The pirate follows the doctor.""}",10487,follow,AC,n,The nun follows the cowboy.,The pirate follows the doctor.,1
TRUE,2983,"{""Q0"":""The nun follows the soldier.""}",12010,follow,PC,y,The ballerina is followed by the pirate.,The nun follows the soldier.,1
TRUE,1887,"{""Q0"":""The policeman slapped the boxer.""}",12514,slap,AC,n,The cowboy slaps the ballerina.,The policeman slapped the boxer.,1
TRUE,2623,"{""Q0"":""The waitress chases the doctor.""}",10594,chase,PC,n,The swimmer is chased by the nun.,The waitress chases the doctor.,1
TRUE,3994,"{""Q0"":""The cowboy pushed the swimmer.""}",12474,push,AI,y,The chef push the clown.,The cowboy pushed the swimmer.,1
TRUE,2469,"{""Q0"":""The professor scolds the soldier.""}",13772,scold,PC,n,The monk is scolded by the swimmer.,The professor scolds the soldier.,1
TRUE,4542,"{""Q0"":""The chef shoots the boxer.""}",12525,shoot,AI,n,The actress shoot the robber.,The chef shoots the boxer.,1
TRUE,2389,"{""Q0"":""The cowboy pushed the ballerina.""}",12111,push,PI,n,The monk is pushen by the policeman.,The cowboy pushed the ballerina.,1
TRUE,2574,"{""Q0"":""The robber is chased by the policeman.""}",14897,chase,AC,y,The nun chases the sailor.,The robber is chased by the policeman.,0
TRUE,4245,"{""Q0"":""The cowboy slapped the sailor.""}",10906,slap,PC,y,The clown is slapped by the policeman.,The cowboy slapped the sailor.,1
FALSE,2520,"{""Q0"":""The waitress kicked the clown.""}",11942,kick,AI,y,The policeman kick the boxer.,The waitress kicked the clown.,1
TRUE,2134,"{""Q0"":""The clown is pulled by the boxer.""}",10689,pull,PI,n,The waitress is pullen by the pirate.,The clown is pulled by the boxer.,0
TRUE,3083,"{""Q0"":""The sailor touched the swimmer.""}",10339,touch,AI,n,The waitress touch the professor.,The sailor touched the swimmer.,1
TRUE,4347,"{""Q0"":""The nun kissed the ballerina.""}",10570,kiss,PC,y,The boxer is kissed by the artist.,The nun kissed the ballerina.,1
TRUE,3007,"{""Q0"":""The professor scolds the sailor.""}",11383,scold,AC,y,The policeman scolds the doctor.,The professor scolds the sailor.,1
TRUE,3292,"{""Q0"":""The pirate chases the robber.""}",10845,chase,PC,y,The monk is chased by the policeman.,The pirate chases the robber.,1
TRUE,2958,"{""Q0"":""The nun kisses the boxer.""}",8144,kiss,AC,y,The artist kisses the ballerina.,The nun kisses the boxer.,1
TRUE,2233,"{""Q0"":""The waitress kicked the robber.""}",11094,kick,PI,n,The clown is kicken by the nun.,The waitress kicked the robber.,1
TRUE,2451,"{""Q0"":""The policeman scolds the ballerina.""}",11896,scold,AC,n,The waitress scolds the boxer.,The policeman scolds the ballerina.,1
TRUE,2552,"{""Q0"":""The clown is kissed by the artist.""}",10748,kiss,PC,n,The monk is kissed by the swimmer.,The clown is kissed by the artist.,0
TRUE,2588,"{""Q0"":""A pirate follows the sailor.""}",11408,follow,AC,y,The nun follows the doctor.,A pirate follows the sailor.,1
TRUE,2775,"{""Q0"":""The policeman scolds the boxer.""}",10625,scold,PC,y,The doctor is scolded by the professor.,The policeman scolds the boxer.,1