﻿resp_iscorrect,verif_rt,responses,descr_rt,T_verb,P_type,verif_ans,P_sentence,clear_responses,isactive
TRUE,2870,"{""Q0"":""The artist punches the clown.""}",7319,punch,AC,y,The cowboy punches the swimmer.,The artist punches the clown.,1
TRUE,6056,"{""Q0"":""The boxer pulls the clown with rope.""}",10026,pull,PI,n,The waitress is pullen by the pirate.,The boxer pulls the clown with rope.,1
TRUE,3733,"{""Q0"":""The woman kisses the boxer.""}",12898,kiss,AC,y,The artist kisses the ballerina.,The woman kisses the boxer.,1
FALSE,3683,"{""Q0"":""The sailor touches the clown.""}",9937,touch,PI,y,The doctor is touchen by the waitress.,The sailor touches the clown.,1
TRUE,8567,"{""Q0"":""The artist kisses the soldier.""}",9159,kiss,AC,n,The pirate kisses the clown.,The artist kisses the soldier.,1
TRUE,2953,"{""Q0"":""The pirate chases the robber.""}",9288,chase,PC,y,The monk is chased by the policeman.,The pirate chases the robber.,1
TRUE,2692,"{""Q0"":""The artist punches the monk.""}",7551,punch,AC,n,The cowboy punches the nun.,The artist punches the monk.,1
TRUE,3231,"{""Q0"":""The woman follows the boxer.""}",10292,follow,PC,n,The ballerina is followed by the pirate.,The woman follows the boxer.,1
TRUE,1701,"{""Q0"":""The policeman slaps the boxer.""}",6615,slap,AC,n,The cowboy slaps the ballerina.,The policeman slaps the boxer.,1
TRUE,3470,"{""Q0"":""The waitress kicks the robber.""}",8870,kick,PI,n,The clown is kicken by the nun.,The waitress kicks the robber.,1
TRUE,5854,"{""Q0"":""The waitress kicks the clown. ""}",6712,kick,AI,y,The policeman kick the boxer.,The waitress kicks the clown.,1
FALSE,4527,"{""Q0"":""The chef shoots the swimmer.""}",9404,shot,PI,y,The ballerina is shooted by the artist.,The chef shoots the swimmer.,1
FALSE,4931,"{""Q0"":""The chef shoots the boxer.""}",6444,shoot,AI,n,The actress shoot the robber.,The chef shoots the boxer.,1
TRUE,6064,"{""Q0"":""The policeman scolds the boxer.""}",6173,scold,PC,y,The doctor is scolded by the professor.,The policeman scolds the boxer.,1
TRUE,1524,"{""Q0"":""The policeman scolds the dancer.""}",10241,scold,AC,n,The waitress scolds the boxer.,The policeman scolds the dancer.,1
TRUE,3965,"{""Q0"":""The nun kisses the dancer.""}",8046,kiss,PC,y,The boxer is kissed by the artist.,The nun kisses the dancer.,1
TRUE,5729,"{""Q0"":""The cowboy pushes the swimmer. ""}",8962,push,AI,y,The chef push the clown.,The cowboy pushes the swimmer.,1
TRUE,4657,"{""Q0"":""The waitress chases the doctor. ""}",9324,chase,PC,n,The swimmer is chased by the nun.,The waitress chases the doctor.,1
TRUE,5460,"{""Q0"":""The waitress tickles the doctor. ""}",6949,tickle,AI,n,The soldier tickle the boxer.,The waitress tickles the doctor.,1
TRUE,2590,"{""Q0"":""The soldier is scolded by the professor. ""}",13070,scold,PC,n,The monk is scolded by the swimmer.,The soldier is scolded by the professor.,0
TRUE,5583,"{""Q0"":""The policeman slaps the swimmer. ""}",9806,slap,AC,y,The cowboy slaps the professor.,The policeman slaps the swimmer.,1
TRUE,4207,"{""Q0"":""The soldier is followed by the nun. ""}",11128,follow,PC,y,The ballerina is followed by the pirate.,The soldier is followed by the nun.,0
TRUE,2386,"{""Q0"":""The pirate follows the doctor. ""}",9580,follow,AC,n,The nun follows the cowboy.,The pirate follows the doctor.,1
TRUE,4878,"{""Q0"":""The cowboy punches the doctor. ""}",9654,punch,PC,y,The ballerina is punched by the artist.,The cowboy punches the doctor.,1
TRUE,9433,"{""Q0"":""The policeman chases the swimmer. ""}",7329,chase,AC,n,The policeman chases the robber.,The policeman chases the swimmer.,1
TRUE,4430,"{""Q0"":""The cowboy slaps the sailor. ""}",9236,slap,PC,y,The clown is slapped by the policeman.,The cowboy slaps the sailor.,1
TRUE,4837,"{""Q0"":""The professor scolds the sailor. ""}",9306,scold,AC,y,The policeman scolds the doctor.,The professor scolds the sailor.,1
TRUE,9910,"{""Q0"":""The cowboy punches the dancer. ""}",9412,punch,PC,n,The policeman is punched by the artist.,The cowboy punches the dancer.,1
TRUE,2709,"{""Q0"":""The pirate pulls the dancer. ""}",7095,pull,AI,y,The boxer pull the soldier.,The pirate pulls the dancer.,1
FALSE,5014,"{""Q0"":""The monk is trickled by the waitress. ""}",10683,tickle,PI,y,The robber is ticklen by the soldier.,The monk is trickled by the waitress.,0
TRUE,1961,"{""Q0"":""The sailor touches the swimmer.""}",6033,touch,AI,n,The waitress touch the professor.,The sailor touches the swimmer.,1
TRUE,3495,"{""Q0"":""The cowboy slaps the dancer. ""}",7495,slap,PC,n,The nurse is slapped by  the policeman.,The cowboy slaps the dancer.,1
TRUE,2701,"{""Q0"":""The policeman chases the burglar. ""}",7790,chase,AC,y,The nun chases the sailor.,The policeman chases the burglar.,1
TRUE,3008,"{""Q0"":""The cowboy pushes the dancer. ""}",8005,push,PI,n,The monk is pushen by the policeman.,The cowboy pushes the dancer.,1
TRUE,3089,"{""Q0"":""The pirate follows the sailor. ""}",6225,follow,AC,y,The nun follows the doctor.,The pirate follows the sailor.,1
TRUE,2719,"{""Q0"":""The artist kisses the clown.""}",7613,kiss,PC,n,The monk is kissed by the swimmer.,The artist kisses the clown.,1