resp_iscorrect,verif_rt,responses,descr_rt,T_verb,P_type,verif_ans,P_sentence,clear_responses,isactive
TRUE,9483,"{""Q0"":""THE WATCHMAN PUSH THE BEGGAR""}",23811,push,AI,y,The chef push the clown.,the watchman push the beggar,1
FALSE,14077,"{""Q0"":""THE MONK IS KISSBY THE LADY""}",20930,kiss,PC,n,The monk is kissed by the swimmer.,the monk is kissby the lady,0
FALSE,10925,"{""Q0"":""THE COWBOY PUNCHCE FOR A MAN""}",29393,punch,AC,n,The cowboy punches the nun.,the cowboy punchce for a man,1
FALSE,11967,"{""Q0"":""THE WAITRESS PULLEN HIM""}",14107,pull,PI,n,The waitress is pullen by the pirate. ,the waitress pullen him,1
TRUE,6090,"{""Q0"":""THE COWBOY WILL PUNCH HER""}",26828,punch,AC,y,The cowboy punches the swimmer.,the cowboy will punch her,1
TRUE,12455,"{""Q0"":""THE BALLENRIA IS WILL SHOOT HER""}",32955,shot,PI,y,The ballerina is shooted by the artist. ,the ballenria is will shoot her,1
FALSE,6449,"{""Q0"":""THE PILOT IS KISSING THE MAN""}",20740,kiss,AC,n,The pirate kisses the clown.,the pilot is kissing the man,1
FALSE,7634,"{""Q0"":""THE MOCKER IS SCOLDED FOR THE GUARD""}",25147,scold,PC,n,The monk is scolded by the swimmer. ,the mocker is scolded for the guard,1
TRUE,4767,"{""Q0"":""THE BOXER PULLS THE MAN""}",18618,pull,AI,y,The boxer pull the soldier.,the boxer pulls the man,1
TRUE,12374,"{""Q0"":""THE ROBBLER IS TICKLE FOR THE MAN""}",19993,tickle,PI,y,The robber is ticklen by the soldier. ,the robbler is tickle for the man,1
TRUE,7760,"{""Q0"":""THE LADY KICKS THE MAN""}",14634,kick,AI,y,The policeman kick the boxer.,the lady kicks the man,1
TRUE,13836,"{""Q0"":""THE FELLOWRINA IS FOLLOW BY THE BIRAN""}",20889,follow,PC,y,The ballerina is followed by the pirate. ,the fellowrina is follow by the biran,0
FALSE,13562,"{""Q0"":""THE COWBOY IS SLAPING FOR THE KEEPER""}",20048,slap,AC,n,The cowboy slaps the ballerina.,the cowboy is slaping for the keeper,1
TRUE,4850,"{""Q0"":""THE GURKA IS CHASE BY THE THIFT""}",125522,chase,PC,y,The monk is chased by the policeman.,the gurka is chase by the thift,0
FALSE,6169,"{""Q0"":""THE CHEAF IS SHOOT FOR THE MAN""}",19761,shoot,AI,n,The actress shoot the robber. ,the cheaf is shoot for the man,1
TRUE,4324,"{""Q0"":""THE BALLARINA IS PUNCH BY THE DOCTOR""}",28523,punch,PC,y,The ballerina is punched by the artist.,the ballarina is punch by the doctor,0
FALSE,4715,"{""Q0"":""THE THIEF IS FOLLOW BY THE DOCTOR""}",23066,follow,AC,n,The nun follows the cowboy.,the thief is follow by the doctor,0
FALSE,7789,"{""Q0"":""THE BALLOW IS FOLLOW BY THE BOXER""}",30465,follow,PC,n,The ballerina is followed by the pirate.,the ballow is follow by the boxer,0
TRUE,6919,"{""Q0"":""THE LAWER SCOLDS THE THIEF""}",19599,scold,AC,y,The policeman scolds the doctor.,the lawer scolds the thief,1
FALSE,7557,"{""Q0"":""THE SHIEF IS KICKEN BY HER""}",18755,kick,PI,n,The clown is kicken by the nun. ,the shief is kicken by her,0
TRUE,9118,"{""Q0"":""THE BALLONRINA IS KISSED BY BOXER""}",19268,kiss,AC,y,The artist kisses the ballerina.,the ballonrina is kissed by boxer,0
FALSE,8479,"{""Q0"":""THE KEEPER IS CHASED BY THE NUN""}",24533,chase,PC,n,The swimmer is chased by the nun.,the keeper is chased by the nun,0
TRUE,5175,"{""Q0"":""THE POLICE IS CHASE BY THIEF""}",22921,chase,AC,y,The nun chases the sailor.,the police is chase by thief,0
FALSE,4841,"{""Q0"":""THE POLICEMAN IS PUNCHES BY THE LADY""}",16392,punch,PC,n,The policeman is punched by the artist.,the policeman is punches by the lady,0
FALSE,5679,"{""Q0"":""THE KEEPER IS TICKLED BY THE NUN""}",26795,tickle,AI,n,The soldier tickle the boxer.,the keeper is tickled by the nun,0
TRUE,11728,"{""Q0"":""THE OWNER IS SLAP THE KEEPER""}",26956,slap,PC,y,The clown is slapped by the policeman.,the owner is slap the keeper,1
TRUE,9844,"{""Q0"":""THE SWIMMER IS SLAP FOR THE NUN""}",17727,slap,AC,y,The cowboy slaps the professor.,the swimmer is slap for the nun,1
TRUE,7618,"{""Q0"":""THE POLICEAMAN IS SCOLE THE THIEF""}",23002,scold,PC,y,The doctor is scolded by the professor. ,the policeaman is scole the thief,1
TRUE,13741,"{""Q0"":""THE MAN FOLLOW THE BEGGAR""}",15713,follow,AC,y,The nun follows the doctor.,the man follow the beggar,1
FALSE,33239,"{""Q0"":""THE MONK IS PUSSEN BY THE LADY""}",12825,push,PI,n,The monk is pushen by the policeman.,the monk is pussen by the lady,0
FALSE,4789,"{""Q0"":""THE FIREMAN IS SCOLDED FOR THE LADY""}",53090,scold,AC,n,The waitress scolds the boxer.,the fireman is scolded for the lady,0
TRUE,14664,"{""Q0"":""THE MAN IS KISSES BY THE ARTIST""}",17993,kiss,PC,y,The boxer is kissed by the artist.,the man is kisses by the artist,0
FALSE,6582,"{""Q0"":""THE POLICEMAN IS CHASE BY THE SWIMMER""}",33764,chase,AC,n,The policeman chases the robber.,the policeman is chase by the swimmer,0
TRUE,5721,"{""Q0"":""THE POLICE TOUCHES THE MAN""}",13641,touch,PI,y,The doctor is touchen by the waitress.,the police touches the man,1
FALSE,27123,"{""Q0"":""THE POLICE TOUCH THE SWIMMER""}",15548,touch,AI,n,The waitress touch the professor.,the police touch the swimmer,1
FALSE,207751,"{""Q0"":""THE MASTER IS SLAPPED BY THE DANCER""}",18051,slap,PC,n,The nurse is slapped by  the policeman.,the master is slapped by the dancer,0