resp_iscorrect,verif_rt,responses,descr_rt,T_verb,P_type,verif_ans,P_sentence,clear_responses,isactive
TRUE,5628,"{""Q0"":""The waitress kick the man.""}",13092,kick,AI,y,The policeman kick the boxer.,The waitress kick the man.,1
TRUE,9242,"{""Q0"":""The priest follow the boxer. ""}",13283,follow,PC,n,The ballerina is followed by the pirate.,The priest follow the boxer. ,1
TRUE,3776,"{""Q0"":""The teacher scold the sailor. ""}",14516,scold,AC,y,The policeman scolds the doctor.,The teacher scold the sailor. ,1
FALSE,3963,"{""Q0"":""The cook shoot the swimmer. ""}",13800,shot,PI,y,The ballerina is shooted by the artist. ,The cook shoot the swimmer. ,1
TRUE,2507,"{""Q0"":""The nun kiss the boxer. ""}",9791,kiss,AC,y,The artist kisses the ballerina.,The nun kiss the boxer. ,1
TRUE,2421,"{""Q0"":""The waitress kick the robber. ""}",13988,kick,PI,n,The clown is kicken by the nun. ,The waitress kick the robber. ,1
TRUE,1641,"{""Q0"":""The policeman slap the boxer. ""}",13595,slap,AC,n,The cowboy slaps the ballerina.,The policeman slap the boxer. ,1
TRUE,1728,"{""Q0"":""The waitress chase the doctor. ""}",12537,chase,PC,n,The swimmer is chased by the nun.,The waitress chase the doctor. ,1
TRUE,13730,"{""Q0"":""The policeman slap the swimmer. ""}",12607,slap,AC,y,The cowboy slaps the professor.,The policeman slap the swimmer. ,1
TRUE,2818,"{""Q0"":""The cowboy push the ballerina. ""}",13245,push,PI,n,The monk is pushen by the policeman.,The cowboy push the ballerina. ,1
TRUE,1590,"{""Q0"":""The pirate pull the ballerina. ""}",10606,pull,AI,y,The boxer pull the soldier.,The pirate pull the ballerina. ,1
FALSE,2042,"{""Q0"":""The sailor touch the clown. ""}",13645,touch,PI,y,The doctor is touchen by the waitress.,The sailor touch the clown. ,1
FALSE,3813,"{""Q0"":""The artist punch the clown.""}",19197,punch,AC,y,The cowboy punches the swimmer.,The artist punch the clown.,1
FALSE,1599,"{""Q0"":""The waitress tickle the monk. ""}",12984,tickle,PI,y,The robber is ticklen by the soldier. ,The waitress tickle the monk. ,1
TRUE,5152,"{""Q0"":""The baker shoot the boxer.""}",11675,shoot,AI,n,The actress shoot the robber. ,The baker shoot the boxer.,1
TRUE,2583,"{""Q0"":""The nun follow the soldier. ""}",24604,follow,PC,y,The ballerina is followed by the pirate. ,The nun follow the soldier. ,1
FALSE,2235,"{""Q0"":""The policeman chase the robber. ""}",12309,chase,AC,y,The nun chases the sailor.,The policeman chase the robber. ,1
TRUE,3085,"{""Q0"":""The artist kiss the clown. ""}",9457,kiss,PC,n,The monk is kissed by the swimmer.,The artist kiss the clown. ,1
TRUE,3151,"{""Q0"":""The cowboy push the swimmer. ""}",14662,push,AI,y,The chef push the clown.,The cowboy push the swimmer. ,1
TRUE,9630,"{""Q0"":""The cowboy slap the ballerina. ""}",14433,slap,PC,n,The nurse is slapped by  the policeman.,The cowboy slap the ballerina. ,1
TRUE,2374,"{""Q0"":""The waitress tickle the doctor. ""}",11123,tickle,AI,n,The soldier tickle the boxer.,The waitress tickle the doctor. ,1
TRUE,3409,"{""Q0"":""The nun kiss the ballerina. ""}",10908,kiss,PC,y,The boxer is kissed by the artist.,The nun kiss the ballerina. ,1
TRUE,1527,"{""Q0"":""The policeman chase the swimmer. ""}",11068,chase,AC,n,The policeman chases the robber.,The policeman chase the swimmer. ,1
TRUE,6843,"{""Q0"":""The cowboy punch the ballerina. ""}",16581,punch,PC,n,The policeman is punched by the artist.,The cowboy punch the ballerina. ,1
TRUE,1793,"{""Q0"":""The artist punch the monk.""}",9862,punch,AC,n,The cowboy punches the nun.,The artist punch the monk.,1
TRUE,3387,"{""Q0"":""The policeman scold the boxer. ""}",13353,scold,PC,y,The doctor is scolded by the professor. ,The policeman scold the boxer. ,1
TRUE,2956,"{""Q0"":""The pirate follow the doctor. ""}",13150,follow,AC,n,The nun follows the cowboy.,The pirate follow the doctor. ,1
TRUE,9345,"{""Q0"":""The cowboy punch the doctor. ""}",18530,punch,PC,y,The ballerina is punched by the artist.,The cowboy punch the doctor. ,1
TRUE,2200,"{""Q0"":""The sailor touch the swimmer. ""}",10803,touch,AI,n,The waitress touch the professor.,The sailor touch the swimmer. ,1
TRUE,10951,"{""Q0"":""The boxer pull the clown. ""}",12800,pull,PI,n,The waitress is pullen by the pirate. ,The boxer pull the clown. ,1
TRUE,1304,"{""Q0"":""The artist kiss the soldier. ""}",11157,kiss,AC,n,The pirate kisses the clown.,The artist kiss the soldier. ,1
TRUE,7596,"{""Q0"":""The cowboy slap the sailor. ""}",15417,slap,PC,y,The clown is slapped by the policeman.,The cowboy slap the sailor. ,1
TRUE,3076,"{""Q0"":""The policeman scold the ballerina. ""}",10906,scold,AC,n,The waitress scolds the boxer.,The policeman scold the ballerina. ,1
TRUE,2411,"{""Q0"":""The professor scold the soldier. ""}",13310,scold,PC,n,The monk is scolded by the swimmer. ,The professor scold the soldier. ,1
TRUE,2851,"{""Q0"":""The pirate follow the sailor. ""}",11192,follow,AC,y,The nun follows the doctor.,The pirate follow the sailor. ,1
FALSE,1817,"{""Q0"":""The pirate chase the robber.""}",17173,chase,PC,y,The monk is chased by the policeman.,The pirate chase the robber.,1