resp_iscorrect,verif_rt,responses,descr_rt,T_verb,P_type,verif_ans,P_sentence,clear_responses,isactive
FALSE,5484,"{""Q0"":""The cop slaps the boxer.""}",13075,slap,AC,n,The cowboy slaps the ballerina.,The cop slaps the boxer.,1
FALSE,6671,"{""Q0"":""The sailor touches the clown.""}",23448,touch,PI,y,The doctor is touchen by the waitress.,The sailor touches the clown.,1
TRUE,5886,"{""Q0"":""The pirate follows the sailor.""}",16151,follow,AC,y,The nun follows the doctor.,The pirate follows the sailor.,1
FALSE,6699,"{""Q0"":""The nun follows the crying boxer.""}",14854,follow,PC,n,The ballerina is followed by the pirate.,The nun follows the crying boxer.,1
FALSE,8501,"{""Q0"":""The pirate follows the doctor.""}",40725,follow,AC,n,The nun follows the cowboy.,The pirate follows the doctor.,1
TRUE,19017,"{""Q0"":""The boxer pulls the clown.""}",15326,pull,PI,n,The waitress is pullen by the pirate. ,The boxer pulls the clown.,1
FALSE,11585,"{""Q0"":""The cop chases the swimmer.""}",17626,chase,AC,n,The policeman chases the robber.,The cop chases the swimmer.,1
FALSE,2153,"{""Q0"":""The cook chases the doctor.""}",30388,chase,PC,n,The swimmer is chased by the nun.,The cook chases the doctor.,1
TRUE,4231,"{""Q0"":""Cowboy push the swimmer""}",12993,push,AI,y,The chef push the clown.,Cowboy push the swimmer,1
FALSE,3232,"{""Q0"":""Cook tickles the priest.""}",11906,tickle,PI,y,The robber is ticklen by the soldier. ,Cook tickles the priest.,1
TRUE,2483,"{""Q0"":""The cop is chasing the crook.""}",28158,chase,AC,y,The nun chases the sailor.,The cop is chasing the crook.,1
FALSE,2190,"{""Q0"":""The clown is kissed by the painter.""}",33820,kiss,PC,n,The monk is kissed by the swimmer.,The clown is kissed by the painter.,0
TRUE,13569,"{""Q0"":""The cook kicks the clown.""}",9227,kick,AI,y,The policeman kick the boxer.,The cook kicks the clown.,1
TRUE,2431,"{""Q0"":""The cowboy punches the doctor.""}",22426,punch,PC,y,The ballerina is punched by the artist.,The cowboy punches the doctor.,1
TRUE,2594,"{""Q0"":""The pirate pulls the ballerina.""}",11892,pull,AI,y,The boxer pull the soldier.,The pirate pulls the ballerina.,1
TRUE,2431,"{""Q0"":""The nun kisses the ballerina.""}",12906,kiss,PC,y,The boxer is kissed by the artist.,The nun kisses the ballerina.,1
FALSE,6255,"{""Q0"":""The sailor touched the swimmer.""}",10383,touch,AI,n,The waitress touch the professor.,The sailor touched the swimmer.,1
TRUE,5453,"{""Q0"":""The cook kicked the crook.""}",10348,kick,PI,n,The clown is kicken by the nun. ,The cook kicked the crook.,1
TRUE,3267,"{""Q0"":""The nun kissed the boxer.""}",9445,kiss,AC,y,The artist kisses the ballerina.,The nun kissed the boxer.,1
TRUE,4583,"{""Q0"":""The pirate chased the crook.""}",14142,chase,PC,y,The monk is chased by the policeman.,The pirate chased the crook.,1
FALSE,1753,"{""Q0"":""The painter kissed the soldier.""}",10175,kiss,AC,n,The pirate kisses the clown.,The painter kissed the soldier.,1
TRUE,7304,"{""Q0"":""The cop scolds the boxer.""}",11894,scold,PC,y,The doctor is scolded by the professor. ,The cop scolds the boxer.,1
FALSE,1366,"{""Q0"":""The cop scolds the ballerina.""}",12330,scold,AC,n,The waitress scolds the boxer.,The cop scolds the ballerina.,1
FALSE,1900,"{""Q0"":""The cook shot the swimmer.""}",18418,shot,PI,y,The ballerina is shooted by the artist. ,The cook shot the swimmer.,1
TRUE,1183,"{""Q0"":""The painter punched the clown.""}",8215,punch,AC,y,The cowboy punches the swimmer.,The painter punched the clown.,1
FALSE,1423,"{""Q0"":""The cowboy punched the ballerina.""}",15523,punch,PC,n,The policeman is punched by the artist.,The cowboy punched the ballerina.,1
FALSE,1343,"{""Q0"":""The painter punched the priest.""}",8314,punch,AC,n,The cowboy punches the nun.,The painter punched the priest.,1
FALSE,1081,"{""Q0"":""The ballerina is slapped by the cowboy.""}",9610,slap,PC,n,The nurse is slapped by  the policeman.,The ballerina is slapped by the cowboy.,0
FALSE,1072,"{""Q0"":""The cook tickled the doctor.""}",8155,tickle,AI,n,The soldier tickle the boxer.,The cook tickled the doctor.,1
TRUE,1651,"{""Q0"":""The sailor is slapped by the cowboy.""}",11292,slap,PC,y,The clown is slapped by the policeman.,The sailor is slapped by the cowboy.,0
FALSE,1760,"{""Q0"":""The cook shoots the boxer.""}",7334,shoot,AI,n,The actress shoot the robber. ,The cook shoots the boxer.,1
TRUE,4083,"{""Q0"":""The cowboy pushed the ballerina.""}",9544,push,PI,n,The monk is pushen by the policeman.,The cowboy pushed the ballerina.,1
TRUE,5501,"{""Q0"":""The teacher scolds the sailor.""}",8592,scold,AC,y,The policeman scolds the doctor.,The teacher scolds the sailor.,1
TRUE,8541,"{""Q0"":""The nun follows the soldier.""}",7245,follow,PC,y,The ballerina is followed by the pirate. ,The nun follows the soldier.,1
TRUE,439,"{""Q0"":""The cop slaps the swimmer.""}",9392,slap,AC,y,The cowboy slaps the professor.,The cop slaps the swimmer.,1
FALSE,518,"{""Q0"":""The professor scolds the soldier.""}",8317,scold,PC,n,The monk is scolded by the swimmer. ,The professor scolds the soldier.,1