﻿resp_iscorrect,verif_rt,responses,descr_rt,T_verb,P_type,verif_ans,P_sentence,clear_responses,isactive
TRUE,1477,"{""Q0"":""Nun kisses the boxer.""}",9696,kiss,AC,y,The artist kisses the ballerina.,Nun kisses the boxer.,1
FALSE,3474,"{""Q0"":""Cowboys slaps the ballerina.""}",9946,slap,PC,n,The nurse is slapped by  the policeman.,Cowboys slaps the ballerina.,1
TRUE,1115,"{""Q0"":""Pirate pulls the ballerina.""}",10725,pull,AI,y,The boxer pull the soldier.,Pirate pulls the ballerina.,1
TRUE,831,"{""Q0"":""The maid tickles the nurse.""}",12302,tickle,PI,y,The robber is ticklen by the soldier.,The maid tickles the nurse.,1
TRUE,4948,"{""Q0"":""Artist punches the clown.""}",9293,punch,AC,y,The cowboy punches the swimmer.,Artist punches the clown.,1
TRUE,1830,"{""Q0"":""Nun kisses the ballerina.""}",7741,kiss,PC,y,The boxer is kissed by the artist.,Nun kisses the ballerina.,1
TRUE,4888,"{""Q0"":""Cop scolds the ballerina.""}",7222,scold,AC,n,The waitress scolds the boxer.,Cop scolds the ballerina.,1
FALSE,1074,"{""Q0"":""Clown is pulled by the boxer.""}",10848,pull,PI,n,The waitress is pullen by the pirate.,Clown is pulled by the boxer.,0
TRUE,20253,"{""Q0"":""Pirate follows the sailor.""}",8821,follow,AC,y,The nun follows the doctor.,Pirate follows the sailor.,1
TRUE,535,"{""Q0"":""Sailor touches the clown.""}",7062,touch,PI,y,The doctor is touchen by the waitress.,Sailor touches the clown.,1
TRUE,1988,"{""Q0"":""Cowboy pushed the swimmer.""}",7904,push,AI,y,The chef push the clown.,Cowboy pushed the swimmer.,1
TRUE,4698,"{""Q0"":""Nun follows the boxer.""}",7849,follow,PC,n,The ballerina is followed by the pirate.,Nun follows the boxer.,1
TRUE,1987,"{""Q0"":""The professor scolds the sailor.""}",9119,scold,AC,y,The policeman scolds the doctor.,The professor scolds the sailor.,1
TRUE,1311,"{""Q0"":""The pirate chases the robber.""}",8849,chase,PC,y,The monk is chased by the policeman.,The pirate chases the robber.,1
TRUE,3051,"{""Q0"":""The pirate follows the doctor.""}",8862,follow,AC,n,The nun follows the cowboy.,The pirate follows the doctor.,1
TRUE,3409,"{""Q0"":""The waitress chases the doctor.""}",9098,chase,PC,n,The swimmer is chased by the nun.,The waitress chases the doctor.,1
TRUE,1714,"{""Q0"":""The policeman chases the robber.""}",10609,chase,AC,y,The nun chases the sailor.,The policeman chases the robber.,1
TRUE,2635,"{""Q0"":""The robber is kicked by the maid.""}",12040,kick,PI,n,The clown is kicken by the nun.,The robber is kicked by the maid.,0
TRUE,1672,"{""Q0"":""The chef shoots the boxer.""}",7312,shoot,AI,n,The actress shoot the robber.,The chef shoots the boxer.,1
TRUE,2499,"{""Q0"":""The sailor is slapped by the clown.""}",9108,slap,PC,y,The clown is slapped by the policeman.,The sailor is slapped by the clown.,0
TRUE,1697,"{""Q0"":""The nurse is punched by the artist.""}",14314,punch,AC,n,The cowboy punches the nun.,The nurse is punched by the artist.,0
TRUE,2158,"{""Q0"":""The ballerina is punched by the cowboy.""}",10885,punch,PC,n,The policeman is punched by the artist.,The ballerina is punched by the cowboy.,0
TRUE,1746,"{""Q0"":""The sailor touched the swimmer.""}",7070,touch,AI,n,The waitress touch the professor.,The sailor touched the swimmer.,1
FALSE,3477,"{""Q0"":""The chef shot the swimmer.""}",7808,shot,PI,y,The ballerina is shooted by the artist.,The chef shot the swimmer.,1
TRUE,1953,"{""Q0"":""The policeman chased the swimmer.""}",10413,chase,AC,n,The policeman chases the robber.,The policeman chased the swimmer.,1
TRUE,5501,"{""Q0"":""The boxer is scolded by the policeman.""}",12654,scold,PC,y,The doctor is scolded by the professor.,The boxer is scolded by the policeman.,0
TRUE,1717,"{""Q0"":""The boxer is slapped by the policeman. ""}",10154,slap,AC,n,The cowboy slaps the ballerina.,The boxer is slapped by the policeman.,0
TRUE,1682,"{""Q0"":""The doctor is punched by the cowboy. ""}",9309,punch,PC,y,The ballerina is punched by the artist.,The doctor is punched by the cowboy.,0
TRUE,2575,"{""Q0"":""The maid tickles the doctor.""}",6923,tickle,AI,n,The soldier tickle the boxer.,The maid tickles the doctor.,1
TRUE,2945,"{""Q0"":""The clown kisses the artist.""}",8828,kiss,PC,n,The monk is kissed by the swimmer.,The clown kisses the artist.,1
TRUE,2246,"{""Q0"":""Policeman slaps the swimmer.""}",7647,slap,AC,y,The cowboy slaps the professor.,Policeman slaps the swimmer.,1
TRUE,2144,"{""Q0"":""The soldier is followed by the nun.""}",12622,follow,PC,y,The ballerina is followed by the pirate.,The soldier is followed by the nun.,0
FALSE,2227,"{""Q0"":""Soldier kisses the artist.""}",7594,kiss,AC,n,The pirate kisses the clown.,Soldier kisses the artist.,1
TRUE,2140,"{""Q0"":""Cowboy pushes the ballerina.""}",10015,push,PI,n,The monk is pushen by the policeman.,Cowboy pushes the ballerina.,1
TRUE,1630,"{""Q0"":""Maid kicks the clown.""}",6785,kick,AI,y,The policeman kick the boxer.,Maid kicks the clown.,1
TRUE,1825,"{""Q0"":""Professor scolds the soldier.""}",8764,scold,PC,n,The monk is scolded by the swimmer.,Professor scolds the soldier.,1