resp_iscorrect,verif_rt,responses,descr_rt,T_verb,P_type,verif_ans,P_sentence,clear_responses,isactive
TRUE,10222,"{""Q0"":""The policeman slaps the bodybuilder""}",46679,slap,AC,n,The cowboy slaps the ballerina.,The policeman slaps the bodybuilder,1
TRUE,6875,"{""Q0"":""The nun is trying to kiss the ballerina""}",35818,kiss,PC,y,The boxer is kissed by the artist.,The nun is trying to kiss the ballerina,1
TRUE,6965,"{""Q0"":""The policeman is chasing the swimmer""}",30077,chase,AC,n,The policeman chases the robber.,The policeman is chasing the swimmer,1
TRUE,14582,"{""Q0"":""The chef shoots the swimmer""}",34239,shot,PI,y,The ballerina is shooted by the artist. ,The chef shoots the swimmer,1
TRUE,7319,"{""Q0"":""The policeman slaps the swimmer""}",27150,slap,AC,y,The cowboy slaps the professor.,The policeman slaps the swimmer,1
TRUE,7020,"{""Q0"":""The waitress is chasing the doctor""}",33548,chase,PC,n,The swimmer is chased by the nun.,The waitress is chasing the doctor,1
TRUE,4906,"{""Q0"":""The policeman chases the bandit""}",27998,chase,AC,y,The nun chases the sailor.,The policeman chases the bandit,1
TRUE,7453,"{""Q0"":""The nun follows the boxer""}",19042,follow,PC,n,The ballerina is followed by the pirate.,The nun follows the boxer,1
TRUE,2535,"{""Q0"":""The pirate follows the sailor""}",32615,follow,AC,y,The nun follows the doctor.,The pirate follows the sailor,1
TRUE,5394,"{""Q0"":""The cowboy pushes the ballerina""}",26100,push,PI,n,The monk is pushen by the policeman.,The cowboy pushes the ballerina,1
FALSE,6883,"{""Q0"":""The sailor touches the swimmer""}",27063,touch,AI,n,The waitress touch the professor.,The sailor touches the swimmer,1
TRUE,4845,"{""Q0"":""The waitress kicked the bandit""}",36363,kick,PI,n,The clown is kicken by the nun. ,The waitress kicked the bandit,1
TRUE,8506,"{""Q0"":""The pirate pulls the ballerina""}",29491,pull,AI,y,The boxer pull the soldier.,The pirate pulls the ballerina,1
TRUE,4927,"{""Q0"":""The policeman scolds the boxer""}",23390,scold,PC,y,The doctor is scolded by the professor. ,The policeman scolds the boxer,1
TRUE,3969,"{""Q0"":""The waitress tickles the doctor""}",21922,tickle,AI,n,The soldier tickle the boxer.,The waitress tickles the doctor,1
TRUE,3189,"{""Q0"":""The nun follows the soldier""}",27792,follow,PC,y,The ballerina is followed by the pirate. ,The nun follows the soldier,1
TRUE,2566,"{""Q0"":""The painter punches the clown""}",27079,punch,AC,y,The cowboy punches the swimmer.,The painter punches the clown,1
TRUE,4370,"{""Q0"":""The boxer pulls the clown""}",20855,pull,PI,n,The waitress is pullen by the pirate. ,The boxer pulls the clown,1
TRUE,2519,"{""Q0"":""The waitress kicked the clown""}",22851,kick,AI,y,The policeman kick the boxer.,The waitress kicked the clown,1
TRUE,5640,"{""Q0"":""The cowboy slaps the ballerina""}",29972,slap,PC,n,The nurse is slapped by  the policeman.,The cowboy slaps the ballerina,1
TRUE,7582,"{""Q0"":""The chef shoots the boxer""}",20077,shoot,AI,n,The actress shoot the robber. ,The chef shoots the boxer,1
FALSE,11796,"{""Q0"":""The waitress tickles the monk""}",28783,tickle,PI,y,The robber is ticklen by the soldier. ,The waitress tickles the monk,1
TRUE,3876,"{""Q0"":""The nun is kissing the boxer""}",27263,kiss,AC,y,The artist kisses the ballerina.,The nun is kissing the boxer,1
TRUE,5820,"{""Q0"":""The pirate chases the bandit""}",26699,chase,PC,y,The monk is chased by the policeman.,The pirate chases the bandit,1
TRUE,3922,"{""Q0"":""The policeman scolds the ballerina""}",24290,scold,AC,n,The waitress scolds the boxer.,The policeman scolds the ballerina,1
TRUE,3039,"{""Q0"":""The cowboy punched the doctor""}",25905,punch,PC,y,The ballerina is punched by the artist.,The cowboy punched the doctor,1
TRUE,3106,"{""Q0"":""The artist pinched the monk""}",27586,punch,AC,n,The cowboy punches the nun.,The artist pinched the monk,1
TRUE,4339,"{""Q0"":""The cowboy slaps the sailor""}",20502,slap,PC,y,The clown is slapped by the policeman.,The cowboy slaps the sailor,1
TRUE,3545,"{""Q0"":""The painter is kissing the soldier""}",40839,kiss,AC,n,The pirate kisses the clown.,The painter is kissing the soldier,1
TRUE,3151,"{""Q0"":""The professor scolds the baseball player""}",47199,scold,PC,n,The monk is scolded by the swimmer. ,The professor scolds the baseball player,1
TRUE,3038,"{""Q0"":""The professor scolds the sailor""}",32582,scold,AC,y,The policeman scolds the doctor.,The professor scolds the sailor,1
TRUE,3257,"{""Q0"":""The cowboy punched the ballerina""}",32188,punch,PC,n,The policeman is punched by the artist.,The cowboy punched the ballerina,1
TRUE,3770,"{""Q0"":""The pirate is following the doctor""}",29012,follow,AC,n,The nun follows the cowboy.,The pirate is following the doctor,1
TRUE,6685,"{""Q0"":""The artist is kissing the clown""}",22351,kiss,PC,n,The monk is kissed by the swimmer.,The artist is kissing the clown,1
TRUE,4716,"{""Q0"":""The cowboy pushes the swimmer""}",27282,push,AI,y,The chef push the clown.,The cowboy pushes the swimmer,1
FALSE,6608,"{""Q0"":""The sailor touches the clown""}",41201,touch,PI,y,The doctor is touchen by the waitress.,The sailor touches the clown,1