﻿resp_iscorrect,verif_rt,responses,descr_rt,T_verb,P_type,verif_ans,P_sentence,clear_responses,isactive
TRUE,10860,"{""Q0"":""The clown the swimmer.""}",33793,push,AI,y,The chef push the clown.,The clown the swimmer.,1
FALSE,5770,"{""Q0"":""The monk is scolded by the soilder.""}",17630,scold,PC,n,The monk is scolded by the swimmer.,The monk is scolded by the soilder.,0
FALSE,4376,"{""Q0"":""The clown punches the nun.""}",20788,punch,AC,n,The cowboy punches the nun.,The clown punches the nun.,1
TRUE,5694,"{""Q0"":""The soilder is scolded by the boxer.""}",17243,scold,PC,y,The doctor is scolded by the professor.,The soilder is scolded by the boxer.,0
TRUE,11325,"{""Q0"":""The poilce chases the thift.""}",25797,chase,AC,y,The nun chases the sailor.,The poilce chases the thift.,1
FALSE,3547,"{""Q0"":""The witeress is kicken by the Clown.""}",23309,kick,PI,n,The clown is kicken by the nun.,The witeress is kicken by the Clown.,0
FALSE,6546,"{""Q0"":""The witeress tickle the doctor.""}",32697,tickle,AI,n,The soldier tickle the boxer.,The witeress tickle the doctor.,1
TRUE,7014,"{""Q0"":""The witeress is ticklen by the mork.""}",20618,tickle,PI,y,The robber is ticklen by the soldier.,The witeress is ticklen by the mork.,0
TRUE,8654,"{""Q0"":""The wirtress kick the thift.""}",44325,kick,AI,y,The policeman kick the boxer.,The wirtress kick the thift.,1
TRUE,8547,"{""Q0"":""The nun is kissed by the artist.""}",9653,kiss,PC,y,The boxer is kissed by the artist.,The nun is kissed by the artist.,0
TRUE,4146,"{""Q0"":""The mork scolds the solidor.""}",22817,scold,AC,y,The policeman scolds the doctor.,The mork scolds the solidor.,1
FALSE,4559,"{""Q0"":""The nurse is slapped by the policeman.""}",12917,slap,PC,n,The nurse is slapped by  the policeman.,The nurse is slapped by the policeman.,0
TRUE,8336,"{""Q0"":""The nun kisses the boxer.""}",13205,kiss,AC,y,The artist kisses the ballerina.,The nun kisses the boxer.,1
TRUE,4137,"{""Q0"":""The policeman punch the docter.""}",29443,punch,PC,y,The ballerina is punched by the artist.,The policeman punch the docter.,1
FALSE,4872,"{""Q0"":""The billera kisses the solider.""}",21076,kiss,AC,n,The pirate kisses the clown.,The billera kisses the solider.,1
TRUE,10169,"{""Q0"":""The nunis followed by the pirate.""}",9900,follow,PC,y,The ballerina is followed by the pirate.,The nunis followed by the pirate.,0
FALSE,4813,"{""Q0"":""The policeman slaps the boxer.""}",18770,slap,AC,n,The cowboy slaps the ballerina.,The policeman slaps the boxer.,1
TRUE,4833,"{""Q0"":""The cowboy is slapped by the solider.""}",23029,slap,PC,y,The clown is slapped by the policeman.,The cowboy is slapped by the solider.,0
FALSE,5929,"{""Q0"":""The chef shoot the boxer.""}",13233,shoot,AI,n,The actress shoot the robber.,The chef shoot the boxer.,1
FALSE,8466,"{""Q0"":""The cowboy is pushen by the arists.""}",16924,push,PI,n,The monk is pushen by the policeman.,The cowboy is pushen by the arists.,0
FALSE,6147,"{""Q0"":""The policeman scolds the arists.""}",17762,scold,AC,n,The waitress scolds the boxer.,The policeman scolds the arists.,1
TRUE,8261,"{""Q0"":""The billiarna is kissed by the clown.""}",21557,kiss,PC,n,The monk is kissed by the swimmer.,The billiarna is kissed by the clown.,0
TRUE,7174,"{""Q0"":""The policeman chases the swimmer.""}",10852,chase,AC,n,The policeman chases the robber.,The policeman chases the swimmer.,1
TRUE,10749,"{""Q0"":""The switress is chased by the doctor.""}",25595,chase,PC,n,The swimmer is chased by the nun.,The switress is chased by the doctor.,0
FALSE,4961,"{""Q0"":""The solider touch the swimmer.""}",15868,touch,AI,n,The waitress touch the professor.,The solider touch the swimmer.,1
TRUE,6878,"{""Q0"":""The chef is shooted by the swimmer.""}",15500,shot,PI,y,The ballerina is shooted by the artist.,The chef is shooted by the swimmer.,0
TRUE,10158,"{""Q0"":""The robber follows the solider.""}",15170,follow,AC,y,The nun follows the doctor.,The robber follows the solider.,1
TRUE,5518,"{""Q0"":""The monk is chased by the robber.""}",13389,chase,PC,y,The monk is chased by the policeman.,The monk is chased by the robber.,0
TRUE,7300,"{""Q0"":""The policeman slaps the swimmer.""}",26301,slap,AC,y,The cowboy slaps the professor.,The policeman slaps the swimmer.,1
FALSE,7165,"{""Q0"":""The boxer is pullen by the monk.""}",18971,pull,PI,n,The waitress is pullen by the pirate.,The boxer is pullen by the monk.,0
TRUE,3655,"{""Q0"":""The billerina punches the monk.""}",18739,punch,AC,y,The cowboy punches the swimmer.,The billerina punches the monk.,1
TRUE,6219,"{""Q0"":""The cowboy is punched by the artist.""}",11492,punch,PC,n,The policeman is punched by the artist.,The cowboy is punched by the artist.,0
TRUE,5160,"{""Q0"":""The robber pull the arists.""}",14892,pull,AI,y,The boxer pull the soldier.,The robber pull the arists.,1
TRUE,7075,"{""Q0"":""The clown is touchen by the solider.""}",20659,touch,PI,y,The doctor is touchen by the waitress.,The clown is touchen by the solider.,0
FALSE,10429,"{""Q0"":""The nun follows the doctor.""}",16250,follow,AC,n,The nun follows the cowboy.,The nun follows the doctor.,1
FALSE,7843,"{""Q0"":""The nun is followed by the boxer.""}",10779,follow,PC,n,The ballerina is followed by the pirate.,The nun is followed by the boxer.,0