resp_iscorrect,verif_rt,responses,descr_rt,T_verb,P_type,verif_ans,P_sentence,clear_responses,isactive
False,4884.0,"{""Q0"":""SHOOT THE ONE MAN TO ANOTHER MAN""}",69081.0,shoot,AI,n,The actress shoot the robber. ,SHOOT THE ONE MAN TO ANOTHER MAN,1
False,6831.0,"{""Q0"":""THE OLD MAN IS WARN TO THE SOLIDER""}",19444.0,scold,PC,n,The monk is scolded by the swimmer. ,THE OLD MAN IS WARN TO THE SOLIDER,1
False,6607.0,"{""Q0"":""THE SOLIDER IS SCOLD TO ONE WOMEN""}",32951.0,scold,AC,n,The waitress scolds the boxer.,THE SOLIDER IS SCOLD TO ONE WOMEN,1
False,6553.0,"{""Q0"":""THE MONK IS PUSH THE ONE WOMEN LADY""}",17326.0,push,PI,n,The monk is pushen by the policeman.,THE MONK IS PUSH THE ONE WOMEN LADY,1
True,4505.0,"{""Q0"":""THE COWBOY PUNCH THE ONE MAN""}",27774.0,punch,AC,y,The cowboy punches the swimmer.,THE COWBOY PUNCH THE ONE MAN,1
True,4766.0,"{""Q0"":""ONE MAN IS FOLLOWED TO SOLIDER""}",21031.0,follow,PC,y,The ballerina is followed by the pirate. ,ONE MAN IS FOLLOWED TO SOLIDER,1
True,3637.0,"{""Q0"":""THE POLICE MAN IS SCOLD THE CHEATER""}",26061.0,scold,AC,y,The policeman scolds the doctor.,THE POLICE MAN IS SCOLD THE CHEATER,1
True,4786.0,"{""Q0"":""THE SNOW MAN IS SHOOT THE POLICE""}",13021.0,shot,PI,y,The ballerina is shooted by the artist. ,THE SNOW MAN IS SHOOT THE POLICE,1
True,3314.0,"{""Q0"":""THE ARTIST KICK THE ANOTHER ARITIST""}",17407.0,kick,AI,y,The policeman kick the boxer.,THE ARTIST KICK THE ANOTHER ARITIST,1
True,3324.0,"{""Q0"":""THE FATHER KISS THE ARTIST""}",12374.0,kiss,PC,y,The boxer is kissed by the artist.,THE FATHER KISS THE ARTIST,1
False,5116.0,"{""Q0"":""THE MURDER MAN FOLLOW A DOCOTR""}",22598.0,follow,AC,n,The nun follows the cowboy.,THE MURDER MAN FOLLOW A DOCOTR,1
True,3533.0,"{""Q0"":""THE ARTIST PUNCH THE DOCTOR""}",14552.0,punch,PC,y,The ballerina is punched by the artist.,THE ARTIST PUNCH THE DOCTOR,1
False,5155.0,"{""Q0"":""THE SERVER TICKLE THE DOCTOR""}",20279.0,tickle,AI,n,The soldier tickle the boxer.,THE SERVER TICKLE THE DOCTOR,1
False,3112.0,"{""Q0"":""THE NON MAN IS FOLLOW BOXER""}",19759.0,follow,PC,n,The ballerina is followed by the pirate.,THE NON MAN IS FOLLOW BOXER,1
True,2091.0,"{""Q0"":""THE THRIFT MAN PULL THE ARTIST""}",18470.0,pull,AI,y,The boxer pull the soldier.,THE THRIFT MAN PULL THE ARTIST,1
True,4776.0,"{""Q0"":""THE POLICE SLAP THE DOCTOR""}",15909.0,slap,PC,y,The clown is slapped by the policeman.,THE POLICE SLAP THE DOCTOR,1
False,2376.0,"{""Q0"":""THE POLICE SLAP THE BOXER""}",17568.0,slap,AC,n,The cowboy slaps the ballerina.,THE POLICE SLAP THE BOXER,1
True,7737.0,"{""Q0"":""THE POLICE IS TOUCH THE NON MAN""}",13279.0,touch,PI,y,The doctor is touchen by the waitress.,THE POLICE IS TOUCH THE NON MAN,1
True,8615.0,"{""Q0"":""THE POLICE MAN PUSH THE ARTIST""}",13663.0,push,AI,y,The chef push the clown.,THE POLICE MAN PUSH THE ARTIST,1
False,4254.0,"{""Q0"":""THE CHEF KICK THE UNKNOWN MAN""}",19879.0,kick,PI,n,The clown is kicken by the nun. ,THE CHEF KICK THE UNKNOWN MAN,1
True,3207.0,"{""Q0"":""THE THRIFT MAN FOLLOWS THE POLICE MEN""}",19750.0,follow,AC,y,The nun follows the doctor.,THE THRIFT MAN FOLLOWS THE POLICE MEN,1
False,11066.0,"{""Q0"":""THE POLICE MAN SLAP THE ACTRESS""}",12016.0,slap,PC,n,The nurse is slapped by  the policeman.,THE POLICE MAN SLAP THE ACTRESS,1
True,9894.0,"{""Q0"":""THE NON MAN KISS FOR BOXER""}",11408.0,kiss,AC,y,The artist kisses the ballerina.,THE NON MAN KISS FOR BOXER,1
True,1660.0,"{""Q0"":""THE POLICE MEN SCOLD THE BOXER""}",10679.0,scold,PC,y,The doctor is scolded by the professor. ,THE POLICE MEN SCOLD THE BOXER,1
False,1565.0,"{""Q0"":""THE OLD WOMEN KSIS THE SON""}",13695.0,kiss,AC,n,The pirate kisses the clown.,THE OLD WOMEN KSIS THE SON,1
True,1668.0,"{""Q0"":""THE THRIFT MAN CHASE THE ROBBERY""}",18775.0,chase,PC,y,The monk is chased by the policeman.,THE THRIFT MAN CHASE THE ROBBERY,1
True,2799.0,"{""Q0"":""THE POLICE MAN CHASE THE THRIFT MAN""}",17295.0,chase,AC,y,The nun chases the sailor.,THE POLICE MAN CHASE THE THRIFT MAN,1
False,2439.0,"{""Q0"":""THE POLICE MEN PUNCH THE ARTIST""}",11288.0,punch,PC,n,The policeman is punched by the artist.,THE POLICE MEN PUNCH THE ARTIST,1
True,2159.0,"{""Q0"":""THE POLICE MAN SLAP THE SWIMMER""}",14230.0,slap,AC,y,The cowboy slaps the professor.,THE POLICE MAN SLAP THE SWIMMER,1
False,1885.0,"{""Q0"":""THE BOXER PULL THE NON MAN""}",12726.0,pull,PI,n,The waitress is pullen by the pirate. ,THE BOXER PULL THE NON MAN,1
False,3730.0,"{""Q0"":""THE POLICE MEN CHASE THE SWIMMER""}",12174.0,chase,AC,n,The policeman chases the robber.,THE POLICE MEN CHASE THE SWIMMER,1
False,2194.0,"{""Q0"":""THE DOCTOR CHASE THE NURSE""}",12254.0,chase,PC,n,The swimmer is chased by the nun.,THE DOCTOR CHASE THE NURSE,1
False,2067.0,"{""Q0"":""THE COWBOY PUNCH THE NON MAN""}",11949.0,punch,AC,n,The cowboy punches the nun.,THE COWBOY PUNCH THE NON MAN,1
True,2122.0,"{""Q0"":""THE NON MAN TICKLE THE CHEF""}",19767.0,tickle,PI,y,The robber is ticklen by the soldier. ,THE NON MAN TICKLE THE CHEF,1
False,2871.0,"{""Q0"":""THE POLICE MEN TOUCHT THE SWIMMER""}",12071.0,touch,AI,n,The waitress touch the professor.,THE POLICE MEN TOUCHT THE SWIMMER,1
False,2269.0,"{""Q0"":""THE OLD WOMEN KISS THE NON MAN""}",21006.0,kiss,PC,n,The monk is kissed by the swimmer.,THE OLD WOMEN KISS THE NON MAN,1
