resp_iscorrect,verif_rt,responses,descr_rt,T_verb,P_type,verif_ans,P_sentence,clear_responses,isactive
TRUE,6229,"{""Q0"":""The artist punches the monk.""}",20181,punch,AC,n,The cowboy punches the nun.,The artist punches the monk.,1
TRUE,7443,"{""Q0"":""The man uses the rope to pull another man.""}",14823,pull,PI,n,The waitress is pullen by the pirate. ,The man uses the rope to pull another man.,1
FALSE,3263,"{""Q0"":""The girl looks down as she is scolded.""}",13295,scold,AC,n,The waitress scolds the boxer.,The girl looks down as she is scolded.,0
TRUE,2202,"{""Q0"":""The nun wants a kiss from the girl.""}",15592,kiss,PC,y,The boxer is kissed by the artist.,The nun wants a kiss from the girl.,
TRUE,11440,"{""Q0"":""The wet man is chased by the policeman.""}",14726,chase,AC,n,The policeman chases the robber.,The wet man is chased by the policeman.,0
FALSE,3401,"{""Q0"":""The monk laughs as he is tickled.""}",12554,tickle,PI,y,The robber is ticklen by the soldier. ,The monk laughs as he is tickled.,0
FALSE,4005,"{""Q0"":""The soldier tries in vain to pull the girl with a rope.""}",14066,pull,AI,y,The boxer pull the soldier.,The soldier tries in vain to pull the girl with a rope.,1
TRUE,3738,"{""Q0"":""The nun follows behind the soldier.""}",19795,follow,PC,y,The ballerina is followed by the pirate. ,The nun follows behind the soldier.,1
FALSE,4457,"{""Q0"":""The sailor touches the wet man.""}",13967,touch,AI,n,The waitress touch the professor.,The sailor touches the wet man.,1
TRUE,3152,"{""Q0"":""The doctor takes a punch from the cowboy.""}",17224,punch,PC,y,The ballerina is punched by the artist.,The doctor takes a punch from the cowboy.,1
TRUE,1790,"{""Q0"":""The swimmer receives a slap from the policeman.""}",17791,slap,AC,y,The cowboy slaps the professor.,The swimmer receives a slap from the policeman.,0
FALSE,2182,"{""Q0"":""The cowboy gives the ballerina a slap with his hand.""}",17367,slap,PC,n,The nurse is slapped by  the policeman.,The cowboy gives the ballerina a slap with his hand.,1
TRUE,2294,"{""Q0"":""The robber is chased by the police.""}",9236,chase,AC,y,The nun chases the sailor.,The robber is chased by the police.,0
TRUE,2837,"{""Q0"":""The cowboy is about to push the girl.""}",13691,push,PI,n,The monk is pushen by the policeman.,The cowboy is about to push the girl.,1
TRUE,4523,"{""Q0"":""She gives the clown a kick in the shin.""}",11645,kick,AI,y,The policeman kick the boxer.,She gives the clown a kick in the shin.,1
TRUE,6432,"{""Q0"":""The ballerina is knocked off her feet from a punch from the cowboy.""}",22128,punch,PC,n,The policeman is punched by the artist.,The ballerina is knocked off her feet from a punch from the cowboy., 
FALSE,3035,"{""Q0"":""The swimmer is pushed by the cowboy.""}",14890,push,AI,y,The chef push the clown.,The swimmer is pushed by the cowboy.,0
FALSE,4301,"{""Q0"":""In anger, the chef shoots the man.""}",13912,shot,PI,y,The ballerina is shooted by the artist. ,"In anger, the chef shoots the man.",1
TRUE,2249,"{""Q0"":""The boxer leans in for a kiss.""}",8752,kiss,AC,y,The artist kisses the ballerina.,The boxer leans in for a kiss., 
TRUE,3171,"{""Q0"":""The maid chases after the doctor with his drink.""}",22378,chase,PC,n,The swimmer is chased by the nun.,The maid chases after the doctor with his drink.,1
TRUE,2516,"{""Q0"":""The soldier leans in for a kiss from the doting artist.""}",20791,kiss,AC,n,The pirate kisses the clown.,The soldier leans in for a kiss from the doting artist., 
TRUE,1923,"{""Q0"":""She gives the robber a kick in the shin.""}",10757,kick,PI,n,The clown is kicken by the nun. ,She gives the robber a kick in the shin.,1
TRUE,2225,"{""Q0"":""The policeman gives the boxer a slap in the face.""}",13146,slap,AC,n,The cowboy slaps the ballerina.,The policeman gives the boxer a slap in the face.,1
FALSE,2322,"{""Q0"":""The sailor reaches out to touch the clown.""}",10847,touch,PI,y,The doctor is touchen by the waitress.,The sailor reaches out to touch the clown.,1
TRUE,3192,"{""Q0"":""The pirate follows the sailor to the boat.""}",11961,follow,AC,y,The nun follows the doctor.,The pirate follows the sailor to the boat.,1
TRUE,3016,"{""Q0"":""The police officer scolds the boxer.""}",13861,scold,PC,y,The doctor is scolded by the professor. ,The police officer scolds the boxer.,1
TRUE,2674,"{""Q0"":""The sailor is scolded by the graduating student.""}",21999,scold,AC,y,The policeman scolds the doctor.,The sailor is scolded by the graduating student.,0
TRUE,2034,"{""Q0"":""The clown leans in for a kiss from the lovely girl.""}",12975,kiss,PC,n,The monk is kissed by the swimmer.,The clown leans in for a kiss from the lovely girl.,1
TRUE,1623,"{""Q0"":""The maid reaches out to give the doctor a tickle.""}",15456,tickle,AI,n,The soldier tickle the boxer.,The maid reaches out to give the doctor a tickle.,1
TRUE,2557,"{""Q0"":""The soldier looks down as he is scolded by the student.""}",26959,scold,PC,n,The monk is scolded by the swimmer. ,The soldier looks down as he is scolded by the student.,0
TRUE,2601,"{""Q0"":""The chef shoots the boxer in anger.""}",25523,shoot,AI,n,The actress shoot the robber. ,The chef shoots the boxer in anger.,1
TRUE,1953,"{""Q0"":""The boxer runs as the nun follows.""}",13918,follow,PC,n,The ballerina is followed by the pirate.,The boxer runs as the nun follows.,1
TRUE,3101,"{""Q0"":""The clown is knocked off his feet by a strong punch from the artist.""}",26378,punch,AC,y,The cowboy punches the swimmer.,The clown is knocked off his feet by a strong punch from the artist., 
TRUE,3043,"{""Q0"":""The pirates chases after the robber with his sword drawn.""}",15520,chase,PC,y,The monk is chased by the policeman.,The pirates chases after the robber with his sword drawn.,1
TRUE,2193,"{""Q0"":""The doctor runs as the pirate follows close behind.""}",14943,follow,AC,n,The nun follows the cowboy.,The doctor runs as the pirate follows close behind.,1
TRUE,2485,"{""Q0"":""The cowboys gives the sailor a slap across the face.""}",15715,slap,PC,y,The clown is slapped by the policeman.,The cowboys gives the sailor a slap across the face.,1