﻿resp_iscorrect,verif_rt,responses,descr_rt,T_verb,P_type,verif_ans,P_sentence,clear_responses,isactive
TRUE,4637,"{""Q0"":""The pirate follows the doctor""}",12514,follow,AC,n,The nun follows the cowboy.,The pirate follows the doctor,1
TRUE,4454,"{""Q0"":""The waitress kicks the burglar""}",11957,kick,PI,n,The clown is kicken by the nun.,The waitress kicks the burglar,1
TRUE,8197,"{""Q0"":""The waitress tickles the doctor""}",13569,tickle,AI,n,The soldier tickle the boxer.,The waitress tickles the doctor,1
TRUE,6729,"{""Q0"":""The chef shoots the swimmer""}",11250,shot,PI,y,The ballerina is shooted by the artist.,The chef shoots the swimmer,1
TRUE,5140,"{""Q0"":""The policeman chases the swimmer""}",15322,chase,AC,n,The policeman chases the robber.,The policeman chases the swimmer,1
TRUE,3682,"{""Q0"":""The cowboy slaps the sailor""}",11727,slap,PC,y,The clown is slapped by the policeman.,The cowboy slaps the sailor,1
TRUE,3108,"{""Q0"":""The cowboy pushes the swimmer""}",12627,push,AI,y,The chef push the clown.,The cowboy pushes the swimmer,1
TRUE,5242,"{""Q0"":""The waitress tickles the priest""}",17879,tickle,PI,y,The robber is ticklen by the soldier.,The waitress tickles the priest,1
TRUE,2295,"{""Q0"":""The artist punches the clown""}",10400,punch,AC,y,The cowboy punches the swimmer.,The artist punches the clown,1
TRUE,1664,"{""Q0"":""The waitress chases the doctor""}",10717,chase,PC,n,The swimmer is chased by the nun.,The waitress chases the doctor,1
TRUE,2398,"{""Q0"":""The policeman slaps the swimmer""}",10224,slap,AC,y,The cowboy slaps the professor.,The policeman slaps the swimmer,1
TRUE,6050,"{""Q0"":""The robber is chased by the pirate""}",13671,chase,PC,y,The monk is chased by the policeman.,The robber is chased by the pirate,0
TRUE,1507,"{""Q0"":""The policeman scolds the ballerina ""}",15480,scold,AC,n,The waitress scolds the boxer.,The policeman scolds the ballerina,1
TRUE,1691,"{""Q0"":""The nun follows the soldier""}",11541,follow,PC,y,The ballerina is followed by the pirate.,The nun follows the soldier,1
TRUE,1377,"{""Q0"":""The pirate follows the sailor""}",10558,follow,AC,y,The nun follows the doctor.,The pirate follows the sailor,1
TRUE,1963,"{""Q0"":""The professor scolds the soldier""}",11078,scold,PC,n,The monk is scolded by the swimmer.,The professor scolds the soldier,1
TRUE,2266,"{""Q0"":""The nun kisses the boxer""}",9386,kiss,AC,y,The artist kisses the ballerina.,The nun kisses the boxer,1
TRUE,4308,"{""Q0"":""The sailor touches the clown""}",14545,touch,PI,y,The doctor is touchen by the waitress.,The sailor touches the clown,1
TRUE,2589,"{""Q0"":""The professor scolds the sailor""}",8426,scold,AC,y,The policeman scolds the doctor.,The professor scolds the sailor,1
TRUE,2177,"{""Q0"":""The cowboy pushes the ballerina""}",12641,push,PI,n,The monk is pushen by the policeman.,The cowboy pushes the ballerina,1
TRUE,1369,"{""Q0"":""The artist punches the monk""}",11772,punch,AC,n,The cowboy punches the nun.,The artist punches the monk,1
TRUE,1832,"{""Q0"":""The nun kisses the ballerina""}",7762,kiss,PC,y,The boxer is kissed by the artist.,The nun kisses the ballerina,1
TRUE,6560,"{""Q0"":""The policeman chases the robber""}",8932,chase,AC,y,The nun chases the sailor.,The policeman chases the robber,1
TRUE,2489,"{""Q0"":""The cowboy punches the ballerina""}",13718,punch,PC,n,The policeman is punched by the artist.,The cowboy punches the ballerina,1
TRUE,4160,"{""Q0"":""The sailor touches the swimmer""}",8339,touch,AI,n,The waitress touch the professor.,The sailor touches the swimmer,1
TRUE,3134,"{""Q0"":""The cowboy slaps the ballerina""}",9006,slap,PC,n,The nurse is slapped by  the policeman.,The cowboy slaps the ballerina,1
TRUE,1207,"{""Q0"":""The artist kisses the soldier""}",10433,kiss,AC,n,The pirate kisses the clown.,The artist kisses the soldier,1
TRUE,1773,"{""Q0"":""The artist kisses the clown""}",10091,kiss,PC,n,The monk is kissed by the swimmer.,The artist kisses the clown,1
TRUE,3256,"{""Q0"":""The pirate pulls the ballerina""}",10772,pull,AI,y,The boxer pull the soldier.,The pirate pulls the ballerina,1
TRUE,1940,"{""Q0"":""The nun follows the boxer""}",11992,follow,PC,n,The ballerina is followed by the pirate.,The nun follows the boxer,1
TRUE,1793,"{""Q0"":""The waitress kicks the clown""}",9634,kick,AI,y,The policeman kick the boxer.,The waitress kicks the clown,1
TRUE,2874,"{""Q0"":""The policeman scolds the boxer""}",8245,scold,PC,y,The doctor is scolded by the professor.,The policeman scolds the boxer,1
TRUE,2255,"{""Q0"":""The chef shoots the boxer""}",9584,shoot,AI,n,The actress shoot the robber.,The chef shoots the boxer,1
TRUE,6291,"{""Q0"":""The boxer pulls the clown""}",7095,pull,PI,n,The waitress is pullen by the pirate.,The boxer pulls the clown,1
TRUE,1541,"{""Q0"":""The policeman slaps the boxer""}",9819,slap,AC,n,The cowboy slaps the ballerina.,The policeman slaps the boxer,1
TRUE,1737,"{""Q0"":""The cowboy punches the doctor""}",9630,punch,PC,y,The ballerina is punched by the artist.,The cowboy punches the doctor,1