resp_iscorrect,verif_rt,responses,descr_rt,T_verb,P_type,verif_ans,P_sentence,clear_responses,isactive
TRUE,2886,"{""Q0"":""The officer slapped the swimmer.""}",12252,slap,AC,y,The cowboy slaps the professor.,The officer slapped the swimmer.,1
TRUE,6536,"{""Q0"":""The cowboy punched the woman.""}",13162,punch,PC,n,The policeman is punched by the artist.,The cowboy punched the woman.,1
TRUE,2057,"{""Q0"":""The pirate follows the sailor.""}",11250,follow,AC,y,The nun follows the doctor.,The pirate follows the sailor.,1
TRUE,3122,"{""Q0"":""The robber is chased by the pirate.""}",13213,chase,PC,y,The monk is chased by the policeman.,The robber is chased by the pirate.,0
TRUE,3448,"{""Q0"":""The professor scolds the sailor.""}",8278,scold,AC,y,The policeman scolds the doctor.,The professor scolds the sailor.,1
TRUE,4259,"{""Q0"":""The waitress kicked the robber.""}",10819,kick,PI,n,The clown is kicken by the nun. ,The waitress kicked the robber.,1
TRUE,2992,"{""Q0"":""The painter punched the monk.""}",6303,punch,AC,n,The cowboy punches the nun.,The painter punched the monk.,1
TRUE,2940,"{""Q0"":""The nun follows the boxer.""}",9218,follow,PC,n,The ballerina is followed by the pirate.,The nun follows the boxer.,1
TRUE,2269,"{""Q0"":""The sailor touched the swimmer.""}",8599,touch,AI,n,The waitress touch the professor.,The sailor touched the swimmer.,1
TRUE,3672,"{""Q0"":""The officer scolds the boxer.""}",9380,scold,PC,y,The doctor is scolded by the professor. ,The officer scolds the boxer.,1
TRUE,1762,"{""Q0"":""The pirate follows the doctor.""}",8635,follow,AC,n,The nun follows the cowboy.,The pirate follows the doctor.,1
TRUE,2780,"{""Q0"":""The nun follows the soldier.""}",8802,follow,PC,y,The ballerina is followed by the pirate. ,The nun follows the soldier.,1
TRUE,1889,"{""Q0"":""The officer slaps the boxer.""}",5754,slap,AC,n,The cowboy slaps the ballerina.,The officer slaps the boxer.,1
TRUE,2208,"{""Q0"":""The professor scolds the soldier.""}",7963,scold,PC,n,The monk is scolded by the swimmer. ,The professor scolds the soldier.,1
TRUE,1386,"{""Q0"":""The painter kisses the soldier.""}",8367,kiss,AC,n,The pirate kisses the clown.,The painter kisses the soldier.,1
TRUE,3203,"{""Q0"":""The nun kisses the ballerina.""}",7073,kiss,PC,y,The boxer is kissed by the artist.,The nun kisses the ballerina.,1
TRUE,1693,"{""Q0"":""The waitress tickles the doctor.""}",6884,tickle,AI,n,The soldier tickle the boxer.,The waitress tickles the doctor.,1
TRUE,2186,"{""Q0"":""The cowboy punched the doctor.""}",8428,punch,PC,y,The ballerina is punched by the artist.,The cowboy punched the doctor.,1
TRUE,1441,"{""Q0"":""The officer chases the swimmer.""}",7421,chase,AC,n,The policeman chases the robber.,The officer chases the swimmer.,1
TRUE,1441,"{""Q0"":""The painter kisses the clown.""}",7413,kiss,PC,n,The monk is kissed by the swimmer.,The painter kisses the clown.,1
TRUE,2039,"{""Q0"":""The officer chases the robber.""}",6024,chase,AC,y,The nun chases the sailor.,The officer chases the robber.,1
TRUE,5017,"{""Q0"":""The chef shoots the swimmer.""}",5998,shot,PI,y,The ballerina is shooted by the artist. ,The chef shoots the swimmer.,1
TRUE,1560,"{""Q0"":""The artist punches the clown.""}",6234,punch,AC,y,The cowboy punches the swimmer.,The artist punches the clown.,1
TRUE,2308,"{""Q0"":""The cowboy pushes the ballerina.""}",6589,push,PI,n,The monk is pushen by the policeman.,The cowboy pushes the ballerina.,1
TRUE,2221,"{""Q0"":""The pirate pulls the ballerina.""}",6847,pull,AI,y,The boxer pull the soldier.,The pirate pulls the ballerina.,1
TRUE,1570,"{""Q0"":""The boxer pulls the clown.""}",5012,pull,PI,n,The waitress is pullen by the pirate. ,The boxer pulls the clown.,1
TRUE,1979,"{""Q0"":""The nun kisses the boxer.""}",6426,kiss,AC,y,The artist kisses the ballerina.,The nun kisses the boxer.,1
TRUE,2971,"{""Q0"":""The sailor touches the clown.""}",6425,touch,PI,y,The doctor is touchen by the waitress.,The sailor touches the clown.,1
TRUE,1521,"{""Q0"":""The officer scolds the ballerina.""}",6967,scold,AC,n,The waitress scolds the boxer.,The officer scolds the ballerina.,1
TRUE,2742,"{""Q0"":""The cowboy slaps the sailor.""}",8498,slap,PC,y,The clown is slapped by the policeman.,The cowboy slaps the sailor.,1
TRUE,2579,"{""Q0"":""The cowboy pushes the swimmer.""}",6987,push,AI,y,The chef push the clown.,The cowboy pushes the swimmer.,1
TRUE,1587,"{""Q0"":""The cowboy slaps the ballerina.""}",7271,slap,PC,n,The nurse is slapped by  the policeman.,The cowboy slaps the ballerina.,1
TRUE,1386,"{""Q0"":""The chef shoots the boxer.""}",5666,shoot,AI,n,The actress shoot the robber. ,The chef shoots the boxer.,1
TRUE,1656,"{""Q0"":""The waitress chases the doctor.""}",7435,chase,PC,n,The swimmer is chased by the nun.,The waitress chases the doctor.,1
TRUE,1636,"{""Q0"":""The waitress kicks the clown.""}",6980,kick,AI,y,The policeman kick the boxer.,The waitress kicks the clown.,1
TRUE,3618,"{""Q0"":""The waitress tickles the monk.""}",6051,tickle,PI,y,The robber is ticklen by the soldier. ,The waitress tickles the monk.,1