resp_iscorrect,verif_rt,responses,descr_rt,T_verb,P_type,verif_ans,P_sentence,clear_responses,isactive
FALSE,4908,"{""Q0"":""the boy kisses the soldier""}",27570,kiss,AC,n,The pirate kisses the clown.,the boy kisses the soldier,1
TRUE,3842,"{""Q0"":""the sailor is slapped by the cowboy""}",31046,slap,PC,y,The clown is slapped by the policeman.,the sailor is slapped by the cowboy,0
TRUE,4464,"{""Q0"":""the policeman chases the thief""}",27263,chase,AC,n,The policeman chases the robber.,the policeman chases the thief,1
TRUE,3533,"{""Q0"":""the chef shoots the swimmer""}",21936,shot,PI,y,The ballerina is shooted by the artist. ,the chef shoots the swimmer,1
FALSE,4633,"{""Q0"":""the sailor touches the swimmer""}",27371,touch,AI,n,The waitress touch the professor.,the sailor touches the swimmer,1
TRUE,6414,"{""Q0"":""the nurse is chasing the doctor""}",29425,chase,PC,n,The swimmer is chased by the nun.,the nurse is chasing the doctor,1
TRUE,2188,"{""Q0"":""the thief punches the monk""}",28262,punch,AC,n,The cowboy punches the nun.,the thief punches the monk,1
TRUE,5111,"{""Q0"":""the ghost follows the boxer""}",22368,follow,PC,n,The ballerina is followed by the pirate.,the ghost follows the boxer,1
TRUE,3672,"{""Q0"":""the judge scolds the sailor""}",29464,scold,AC,y,The policeman scolds the doctor.,the judge scolds the sailor,1
TRUE,2505,"{""Q0"":""the ghost follows the soldier""}",22509,follow,PC,y,The ballerina is followed by the pirate. ,the ghost follows the soldier,1
TRUE,9453,"{""Q0"":""the pirate follows the sailor""}",20112,follow,AC,y,The nun follows the doctor.,the pirate follows the sailor,1
FALSE,12998,"{""Q0"":""the dancer is punched by the cowboy""}",30369,punch,PC,n,The policeman is punched by the artist.,the dancer is punched by the cowboy,0
FALSE,6241,"{""Q0"":""the waitress kicks the beggar""}",20446,kick,AI,y,The policeman kick the boxer.,the waitress kicks the beggar,1
TRUE,2439,"{""Q0"":""the waitress kicks the thief""}",25133,kick,PI,n,The clown is kicken by the nun. ,the waitress kicks the thief,1
TRUE,3386,"{""Q0"":""the pirate follows the doctor""}",26173,follow,AC,n,The nun follows the cowboy.,the pirate follows the doctor,1
TRUE,2876,"{""Q0"":""the cop scolds the boxer""}",20635,scold,PC,y,The doctor is scolded by the professor. ,the cop scolds the boxer,1
TRUE,3169,"{""Q0"":""the cowboy pushes the swimmer""}",22623,push,AI,y,The chef push the clown.,the cowboy pushes the swimmer,1
TRUE,4342,"{""Q0"":""the cop pushes the girl""}",23984,push,PI,n,The monk is pushen by the policeman.,the cop pushes the girl,1
TRUE,2844,"{""Q0"":""the cop scolds the girl""}",17477,scold,AC,n,The waitress scolds the boxer.,the cop scolds the girl,1
TRUE,4007,"{""Q0"":""the cop punches the doctor""}",21300,punch,PC,y,The ballerina is punched by the artist.,the cop punches the doctor,1
TRUE,3583,"{""Q0"":""the nurse tickles the doctor""}",25651,tickle,AI,n,The soldier tickle the boxer.,the nurse tickles the doctor,1
TRUE,8242,"{""Q0"":""the pirate is chasing the thief""}",21140,chase,PC,y,The monk is chased by the policeman.,the pirate is chasing the thief,1
TRUE,6260,"{""Q0"":""the cop slaps the swimmer""}",23147,slap,AC,y,The cowboy slaps the professor.,the cop slaps the swimmer,1
TRUE,3348,"{""Q0"":""the professor scolds the soldier""}",23970,scold,PC,n,The monk is scolded by the swimmer. ,the professor scolds the soldier,1
TRUE,2615,"{""Q0"":""the nun kisses the boxer""}",15648,kiss,AC,y,The artist kisses the ballerina.,the nun kisses the boxer,1
TRUE,2654,"{""Q0"":""the clown is touched by the sailor""}",23397,touch,PI,y,The doctor is touchen by the waitress.,the clown is touched by the sailor,0
TRUE,1855,"{""Q0"":""the cop slaps the boxer""}",20121,slap,AC,n,The cowboy slaps the ballerina.,the cop slaps the boxer,1
FALSE,3322,"{""Q0"":""the nurse tickles the monk""}",21625,tickle,PI,y,The robber is ticklen by the soldier. ,the nurse tickles the monk,1
TRUE,2828,"{""Q0"":""the cop chases the robber""}",17585,chase,AC,y,The nun chases the sailor.,the cop chases the robber,1
TRUE,2790,"{""Q0"":""the boxer pulls the clown""}",20522,pull,PI,n,The waitress is pullen by the pirate. ,the boxer pulls the clown,1
TRUE,2099,"{""Q0"":""the artist punches the clown""}",21889,punch,AC,y,The cowboy punches the swimmer.,the artist punches the clown,1
TRUE,2929,"{""Q0"":""the artist kisses the clown""}",15767,kiss,PC,n,The monk is kissed by the swimmer.,the artist kisses the clown,1
TRUE,5563,"{""Q0"":""the chef shoots the boxer""}",15961,shoot,AI,n,The actress shoot the robber. ,the chef shoots the boxer,1
TRUE,2715,"{""Q0"":""the monk kisses the girl""}",17750,kiss,PC,y,The boxer is kissed by the artist.,the monk kisses the girl,1
TRUE,2997,"{""Q0"":""the pirate pulls the girl""}",16591,pull,AI,y,The boxer pull the soldier.,the pirate pulls the girl,1
TRUE,2425,"{""Q0"":""the cowboy slaps The dancer""}",24374,slap,PC,n,The nurse is slapped by  the policeman.,the cowboy slaps The dancer,1