resp_iscorrect,verif_rt,responses,descr_rt,T_verb,P_type,verif_ans,P_sentence,clear_responses,isactive
FALSE,10367,"{""Q0"":""The policeman is chase by the thieft.""}",170099,chase,AC,n,The policeman chases the robber.,The policeman is chase by the thieft.,0
FALSE,23015,"{""Q0"":""The monk is scolded by a person.""}",150098,scold,PC,n,The monk is scolded by the swimmer. ,The monk is scolded by a person.,0
TRUE,6751,"{""Q0"":""The joker is slap the girl.""}",79481,slap,AC,y,The cowboy slaps the professor.,The joker is slap the girl.,1
FALSE,14501,"{""Q0"":""The waitress is pulling the man.""}",142017,pull,PI,n,The waitress is pullen by the pirate. ,The waitress is pulling the man.,1
FALSE,4729,"{""Q0"":""The man is scold by the waitress.""}",99713,scold,AC,n,The waitress scolds the boxer.,The man is scold by the waitress.,0
FALSE,6470,"{""Q0"":""The police is slapped by the girl.""}",74706,slap,PC,n,The nurse is slapped by  the policeman.,The police is slapped by the girl.,0
FALSE,7463,"{""Q0"":""The soldier kisses the women.""}",34612,kiss,AC,n,The pirate kisses the clown.,The soldier kisses the women.,1
FALSE,4892,"{""Q0"":""The policeman is punched by the thieft girl.""}",34385,punch,PC,n,The policeman is punched by the artist.,The policeman is punched by the thieft girl.,0
TRUE,8205,"{""Q0"":""The policeman follows the thieft.""}",98574,follow,AC,y,The nun follows the doctor.,The policeman follows the thieft.,1
TRUE,6417,"{""Q0"":""The pirate is kised by the women.""}",92905,kiss,PC,y,The boxer is kissed by the artist.,The pirate is kised by the women.,0
TRUE,14239,"{""Q0"":""The pirate is scold by the postman.""}",85475,scold,AC,y,The policeman scolds the doctor.,The pirate is scold by the postman.,0
FALSE,28513,"{""Q0"":""The nurse is kicked by the clown.""}",212264,kick,PI,n,The clown is kicken by the nun. ,The nurse is kicked by the clown.,0
TRUE,5430,"{""Q0"":""The ballerina pulled by the pirate.""}",132160,pull,AI,y,The boxer pull the soldier.,The ballerina pulled by the pirate.,0
TRUE,7307,"{""Q0"":""The artist kissed the clown.""}",39299,kiss,PC,n,The monk is kissed by the swimmer.,The artist kissed the clown.,1
FALSE,15962,"{""Q0"":""The monk kisses the boxer.""}",90459,kiss,AC,y,The artist kisses the ballerina.,The monk kisses the boxer.,1
FALSE,35137,"{""Q0"":""The cowboy punched the doctor.""}",91312,punch,PC,y,The ballerina is punched by the artist.,The cowboy punched the doctor.,1
FALSE,11795,"{""Q0"":""The sailor is touched the swimmer.""}",1097386,touch,AI,n,The waitress touch the professor.,The sailor is touched the swimmer.,1
TRUE,56021,"{""Q0"":""The waitress is ticklen by the pirate.""}",128049,tickle,PI,y,The robber is ticklen by the soldier. ,The waitress is ticklen by the pirate.,0
TRUE,8559,"{""Q0"":""the waitress tickle the doctor.""}",28654,tickle,AI,n,The soldier tickle the boxer.,the waitress tickle the doctor.,1
TRUE,8010,"{""Q0"":""The ballerina is followed by the boxer.""}",31157,follow,PC,n,The ballerina is followed by the pirate.,The ballerina is followed by the boxer.,0
TRUE,9410,"{""Q0"":""The chef pushed the swimmer.""}",36638,push,AI,y,The chef push the clown.,The chef pushed the swimmer.,1
TRUE,6162,"{""Q0"":""The  policeman is followed by the pirate.""}",120354,follow,PC,y,The ballerina is followed by the pirate. ,The  policeman is followed by the pirate.,0
FALSE,14389,"{""Q0"":""The robber shoot the boxer.""}",61675,shoot,AI,n,The actress shoot the robber. ,The robber shoot the boxer.,1
FALSE,12728,"{""Q0"":""The cowboy push the ballerina.""}",42202,push,PI,n,The monk is pushen by the policeman.,The cowboy push the ballerina.,1
TRUE,241,"{""Q0"":""The policeman chase the thieft.""}",20466,chase,AC,y,The nun chases the sailor.,The policeman chase the thieft.,1
TRUE,8013,"{""Q0"":""The cow boy is shooted by the swimmer.""}",29377,shot,PI,y,The ballerina is shooted by the artist. ,The cow boy is shooted by the swimmer.,0
TRUE,7511,"{""Q0"":""The boxer punched the nun.""}",44322,punch,AC,y,The cowboy punches the swimmer.,The boxer punched the nun.,1
FALSE,9604,"{""Q0"":""The thieft is chased the policeman.""}",35613,chase,PC,y,The monk is chased by the policeman.,The thieft is chased the policeman.,0
TRUE,8366,"{""Q0"":""The thieft follows the doctor.""}",21601,follow,AC,n,The nun follows the cowboy.,The thieft follows the doctor.,1
TRUE,51404,"{""Q0"":""sailor touched the clown""}",12028,touch,PI,y,The doctor is touchen by the waitress.,sailor touched the clown,1
FALSE,959,"{""Q0"":""the boxer bunched by the thief""}",28466,punch,AC,n,The cowboy punches the nun.,the boxer bunched by the thief,0
TRUE,662,"{""Q0"":""the police slcoled by the boxer""}",14770,scold,PC,y,The doctor is scolded by the professor. ,the police slcoled by the boxer,0
FALSE,418,"{""Q0"":""the police slpped by the boxer""}",13825,slap,AC,n,The cowboy slaps the ballerina.,the police slpped by the boxer,0
TRUE,2622,"{""Q0"":""the police slapped by the grandfa""}",21155,slap,PC,y,The clown is slapped by the policeman.,the police slapped by the grandfa,0
TRUE,1179,"{""Q0"":""the teacher kicked by the boy""}",14448,kick,AI,y,The policeman kick the boxer.,the teacher kicked by the boy,0
FALSE,931,"{""Q0"":""the girl chased by the person""}",24057,chase,PC,n,The swimmer is chased by the nun.,the girl chased by the person,0