resp_iscorrect,verif_rt,responses,descr_rt,T_verb,P_type,verif_ans,P_sentence,clear_responses,isactive
FALSE,5266,"{""Q0"":""the poloceman chases swimmer""}",47674,chase,AC,n,The policeman chases the robber.,the poloceman chases swimmer,1
TRUE,5256,"{""Q0"":""the cop scolds the man""}",13967,scold,PC,y,The doctor is scolded by the professor. ,the cop scolds the man,1
TRUE,13399,"{""Q0"":""the cook shoots the man""}",12161,shoot,AI,n,The actress shoot the robber. ,the cook shoots the man,1
TRUE,7695,"{""Q0"":""the professor scolds the solider""}",13790,scold,PC,n,The monk is scolded by the swimmer. ,the professor scolds the solider,1
TRUE,6304,"{""Q0"":""the woman tickles the doctor""}",41906,tickle,AI,n,The soldier tickle the boxer.,the woman tickles the doctor,1
TRUE,7545,"{""Q0"":""the cowboy punches the ballerina""}",40032,punch,PC,n,The policeman is punched by the artist.,the cowboy punches the ballerina,1
TRUE,3390,"{""Q0"":""the artist punches the monk""}",19773,punch,AC,n,The cowboy punches the nun.,the artist punches the monk,1
TRUE,5993,"{""Q0"":""the waitress chases the doctor""}",21160,chase,PC,n,The swimmer is chased by the nun.,the waitress chases the doctor,1
TRUE,5266,"{""Q0"":""the nun kisses the boxer""}",14704,kiss,AC,y,The artist kisses the ballerina.,the nun kisses the boxer,1
TRUE,3811,"{""Q0"":""the cowboy punches the doctor""}",11111,punch,PC,y,The ballerina is punched by the artist.,the cowboy punches the doctor,1
TRUE,5177,"{""Q0"":""the cowboy pushes the swimmer""}",17829,push,AI,y,The chef push the clown.,the cowboy pushes the swimmer,1
TRUE,9140,"{""Q0"":""the nun follows the boxer""}",16579,follow,PC,n,The ballerina is followed by the pirate.,the nun follows the boxer,1
TRUE,3340,"{""Q0"":""the pirate follows the saior""}",54251,follow,AC,y,The nun follows the doctor.,the pirate follows the saior,1
FALSE,6846,"{""Q0"":""the chef shot the swimmer""}",13225,shot,PI,y,The ballerina is shooted by the artist. ,the chef shot the swimmer,1
TRUE,4655,"{""Q0"":""she kicks the man""}",17629,kick,AI,y,The policeman kick the boxer.,she kicks the man,1
TRUE,9363,"{""Q0"":""the cowboy pushes the ballerina""}",12841,push,PI,n,The monk is pushen by the policeman.,the cowboy pushes the ballerina,1
TRUE,39916,"{""Q0"":""the cop slaps the swimmer""}",21762,slap,AC,y,The cowboy slaps the professor.,the cop slaps the swimmer,1
TRUE,2486,"{""Q0"":""the monk kissses the ballerina""}",23666,kiss,PC,y,The boxer is kissed by the artist.,the monk kissses the ballerina,1
TRUE,4453,"{""Q0"":""the cop chases the robber""}",13805,chase,AC,y,The nun chases the sailor.,the cop chases the robber,1
TRUE,9344,"{""Q0"":""the waitress tickles the monk""}",20025,tickle,PI,y,The robber is ticklen by the soldier. ,the waitress tickles the monk,1
TRUE,6762,"{""Q0"":""the sailor touches the swimmer""}",15094,touch,AI,n,The waitress touch the professor.,the sailor touches the swimmer,1
TRUE,4421,"{""Q0"":""thhe artist kisses the clown""}",15660,kiss,PC,n,The monk is kissed by the swimmer.,thhe artist kisses the clown,1
TRUE,2754,"{""Q0"":""the artist punches the clown""}",14041,punch,AC,y,The cowboy punches the swimmer.,the artist punches the clown,1
TRUE,5807,"{""Q0"":""the waitress kicks the robber""}",10988,kick,PI,n,The clown is kicken by the nun. ,the waitress kicks the robber,1
TRUE,3169,"{""Q0"":""the pirate pulls the ballerina""}",15041,pull,AI,y,The boxer pull the soldier.,the pirate pulls the ballerina,1
TRUE,9502,"{""Q0"":""the cowboy slaps the ballerina""}",24028,slap,PC,n,The nurse is slapped by  the policeman.,the cowboy slaps the ballerina,1
TRUE,8132,"{""Q0"":""the artist kisses the solider""}",13373,kiss,AC,n,The pirate kisses the clown.,the artist kisses the solider,1
TRUE,97269,"{""Q0"":""the nun follows the solider""}",16584,follow,PC,y,The ballerina is followed by the pirate. ,the nun follows the solider,1
TRUE,6743,"{""Q0"":""the cop slaps the boxer""}",15995,slap,AC,n,The cowboy slaps the ballerina.,the cop slaps the boxer,1
TRUE,30004,"{""Q0"":""the cowboy slaps the silor""}",12785,slap,PC,y,The clown is slapped by the policeman.,the cowboy slaps the silor,1
TRUE,5601,"{""Q0"":""the professor scolds the pirate""}",13031,scold,AC,y,The policeman scolds the doctor.,the professor scolds the pirate,1
TRUE,13061,"{""Q0"":""the pirate chases the robber""}",11491,chase,PC,y,The monk is chased by the policeman.,the pirate chases the robber,1
TRUE,47462,"{""Q0"":""the cop scolds the ballerina""}",17326,scold,AC,n,The waitress scolds the boxer.,the cop scolds the ballerina,1
TRUE,4581,"{""Q0"":""the boxer pulls the clown""}",37129,pull,PI,n,The waitress is pullen by the pirate. ,the boxer pulls the clown,1
TRUE,7226,"{""Q0"":""the pirate follows the doctor""}",14319,follow,AC,n,The nun follows the cowboy.,the pirate follows the doctor,1
TRUE,7753,"{""Q0"":""the sailor chases the clown""}",15921,touch,PI,y,The doctor is touchen by the waitress.,the sailor chases the clown,1