﻿resp_iscorrect,verif_rt,responses,descr_rt,T_verb,P_type,verif_ans,P_sentence,clear_responses,isactive
TRUE,2398,"{""Q0"":""Professor scolds the sailor""}",10760,scold,AC,y,The policeman scolds the doctor.,Professor scolds the sailor,1
TRUE,5425,"{""Q0"":""A woman kicks a burglar""}",9723,kick,PI,n,The clown is kicken by the nun.,A woman kicks a burglar,1
TRUE,3757,"{""Q0"":""A woman tickles a doctor""}",7862,tickle,AI,n,The soldier tickle the boxer.,A woman tickles a doctor,1
TRUE,4159,"{""Q0"":""A sailor touches a clown""}",9967,touch,PI,y,The doctor is touchen by the waitress.,A sailor touches a clown,1
TRUE,1412,"{""Q0"":""A policeman chases a burglar""}",12385,chase,AC,y,The nun chases the sailor.,A policeman chases a burglar,1
TRUE,3696,"{""Q0"":""A cowboy punches a doctor""}",9824,punch,PC,y,The ballerina is punched by the artist.,A cowboy punches a doctor,1
TRUE,1684,"{""Q0"":""A sailor touches a swimmer""}",7438,touch,AI,n,The waitress touch the professor.,A sailor touches a swimmer,1
TRUE,2070,"{""Q0"":""A pirate chases a burglar""}",8380,chase,PC,y,The monk is chased by the policeman.,A pirate chases a burglar,1
TRUE,2817,"{""Q0"":""A policeman slaps a boxer""}",8046,slap,AC,n,The cowboy slaps the ballerina.,A policeman slaps a boxer,1
TRUE,2468,"{""Q0"":""Waitress chases the doctor""}",10783,chase,PC,n,The swimmer is chased by the nun.,Waitress chases the doctor,1
TRUE,1473,"{""Q0"":""pirate follows the doctor""}",8879,follow,AC,n,The nun follows the cowboy.,pirate follows the doctor,1
TRUE,1910,"{""Q0"":""professor scolds the soldier""}",11723,scold,PC,n,The monk is scolded by the swimmer.,professor scolds the soldier,1
TRUE,2266,"{""Q0"":""Pirate follows the sailor""}",7530,follow,AC,y,The nun follows the doctor.,Pirate follows the sailor,1
TRUE,4076,"{""Q0"":""A cowboy slaps a sailor""}",7705,slap,PC,y,The clown is slapped by the policeman.,A cowboy slaps a sailor,1
TRUE,1822,"{""Q0"":""policeman chases the swimmer""}",7865,chase,AC,n,The policeman chases the robber.,policeman chases the swimmer,1
TRUE,2029,"{""Q0"":""A nun follows the soldier""}",14216,follow,PC,y,The ballerina is followed by the pirate.,A nun follows the soldier,1
TRUE,2000,"{""Q0"":""Artist kisses the soldier""}",8131,kiss,AC,n,The pirate kisses the clown.,Artist kisses the soldier,1
TRUE,1759,"{""Q0"":""An artist kisses the clown""}",10379,kiss,PC,n,The monk is kissed by the swimmer.,An artist kisses the clown,1
TRUE,1409,"{""Q0"":""A nun kisses the boxer""}",7156,kiss,AC,y,The artist kisses the ballerina.,A nun kisses the boxer,1
TRUE,2081,"{""Q0"":""A nun kisses the ballerina""}",7623,kiss,PC,y,The boxer is kissed by the artist.,A nun kisses the ballerina,1
TRUE,1608,"{""Q0"":""A cowboy pushes the swimer""}",6688,push,AI,y,The chef push the clown.,A cowboy pushes the swimer,1
TRUE,1992,"{""Q0"":""A boxer pulls the clown""}",12158,pull,PI,n,The waitress is pullen by the pirate.,A boxer pulls the clown,1
TRUE,1711,"{""Q0"":""An artist punches the monk""}",12737,punch,AC,n,The cowboy punches the nun.,An artist punches the monk,1
FALSE,7884,"{""Q0"":""A waitress tickles a monk""}",8434,tickle,PI,y,The robber is ticklen by the soldier.,A waitress tickles a monk,1
TRUE,1993,"{""Q0"":""An artist punches a clown""}",8908,punch,AC,y,The cowboy punches the swimmer.,An artist punches a clown,1
TRUE,2399,"{""Q0"":""A policeman scolds a boxer""}",9943,scold,PC,y,The doctor is scolded by the professor.,A policeman scolds a boxer,1
TRUE,2139,"{""Q0"":""A waitress kicks a clown""}",7608,kick,AI,y,The policeman kick the boxer.,A waitress kicks a clown,1
TRUE,2003,"{""Q0"":""A cowboy pushes a ballerina""}",8301,push,PI,n,The monk is pushen by the policeman.,A cowboy pushes a ballerina,1
TRUE,1553,"{""Q0"":""A chef shoots a boxer""}",6851,shoot,AI,n,The actress shoot the robber.,A chef shoots a boxer,1
TRUE,2275,"{""Q0"":""A cowboy punches a ballerina""}",8796,punch,PC,n,The policeman is punched by the artist.,A cowboy punches a ballerina,1
TRUE,1653,"{""Q0"":""A pirate pulls a ballerina""}",7988,pull,AI,y,The boxer pull the soldier.,A pirate pulls a ballerina,1
TRUE,2296,"{""Q0"":""A chef shoots a swimmer""}",9652,shot,PI,y,The ballerina is shooted by the artist.,A chef shoots a swimmer,1
TRUE,1800,"{""Q0"":""A policeman scolds a ballerina""}",7560,scold,AC,n,The waitress scolds the boxer.,A policeman scolds a ballerina,1
TRUE,2292,"{""Q0"":""A nun followsa boxer""}",9152,follow,PC,n,The ballerina is followed by the pirate.,A nun followsa boxer,1
TRUE,1790,"{""Q0"":""A policeman slaps a swimmer""}",9017,slap,AC,y,The cowboy slaps the professor.,A policeman slaps a swimmer,1
TRUE,3201,"{""Q0"":""A cowboy slaps a dancer""}",7034,slap,PC,n,The nurse is slapped by  the policeman.,A cowboy slaps a dancer,1