﻿resp_iscorrect,verif_rt,responses,descr_rt,T_verb,P_type,verif_ans,P_sentence,clear_responses,isactive
TRUE,4020,"{""Q0"":""The pirate follows the sailor""}",11860,follow,AC,y,The nun follows the doctor.,The pirate follows the sailor,1
TRUE,4914,"{""Q0"":""the nun kisses the ballerina""}",12724,kiss,PC,y,The boxer is kissed by the artist.,the nun kisses the ballerina,1
TRUE,4558,"{""Q0"":""the waitress tickles the doctor""}",10053,tickle,AI,n,The soldier tickle the boxer.,the waitress tickles the doctor,1
TRUE,3011,"{""Q0"":""the cowboy punches the doctor""}",9972,punch,PC,y,The ballerina is punched by the artist.,the cowboy punches the doctor,1
TRUE,1651,"{""Q0"":""the artist punches the clown""}",9117,punch,AC,y,The cowboy punches the swimmer.,the artist punches the clown,1
TRUE,2360,"{""Q0"":""the nun follows the boxer""}",8525,follow,PC,n,The ballerina is followed by the pirate.,the nun follows the boxer,1
TRUE,3612,"{""Q0"":""the cowboy pushes the swimmer""}",10613,push,AI,y,The chef push the clown.,the cowboy pushes the swimmer,1
TRUE,4578,"{""Q0"":""the chef shoots the swimmer""}",10964,shot,PI,y,The ballerina is shooted by the artist.,the chef shoots the swimmer,1
TRUE,2599,"{""Q0"":""the guard slaps the swimmer""}",10973,slap,AC,y,The cowboy slaps the professor.,the guard slaps the swimmer,1
TRUE,2438,"{""Q0"":""the waitress chases the doctor""}",11296,chase,PC,n,The swimmer is chased by the nun.,the waitress chases the doctor,1
TRUE,2221,"{""Q0"":""the professor scolds the sailor""}",9875,scold,AC,y,The policeman scolds the doctor.,the professor scolds the sailor,1
TRUE,3581,"{""Q0"":""the cowboy slaps the sailor""}",7942,slap,PC,y,The clown is slapped by the policeman.,the cowboy slaps the sailor,1
TRUE,2387,"{""Q0"":""the policeman chases the swimmer""}",14781,chase,AC,n,The policeman chases the robber.,the policeman chases the swimmer,1
FALSE,4356,"{""Q0"":""the artist kisses a clown""}",12813,kiss,PC,n,The monk is kissed by the swimmer.,the artist kisses a clown,1
TRUE,2655,"{""Q0"":""the chef shoots the boxer""}",7586,shoot,AI,n,The actress shoot the robber.,the chef shoots the boxer,1
TRUE,2773,"{""Q0"":""the waitress kicks the thief""}",11173,kick,PI,n,The clown is kicken by the nun.,the waitress kicks the thief,1
TRUE,1313,"{""Q0"":""the waitress kicks the clown""}",11385,kick,AI,y,The policeman kick the boxer.,the waitress kicks the clown,1
TRUE,2475,"{""Q0"":""the sailor touches the clown""}",10620,touch,PI,y,The doctor is touchen by the waitress.,the sailor touches the clown,1
TRUE,3323,"{""Q0"":""the artist kisses the soldier""}",15643,kiss,AC,n,The pirate kisses the clown.,the artist kisses the soldier,1
TRUE,3647,"{""Q0"":""the professor scolds the soldier""}",13340,scold,PC,n,The monk is scolded by the swimmer.,the professor scolds the soldier,1
TRUE,1594,"{""Q0"":""the policeman scolds the ballerina""}",11013,scold,AC,n,The waitress scolds the boxer.,the policeman scolds the ballerina,1
TRUE,2723,"{""Q0"":""the policeman scolds the boxer""}",10636,scold,PC,y,The doctor is scolded by the professor.,the policeman scolds the boxer,1
TRUE,1330,"{""Q0"":""the policeman chases the robber""}",9309,chase,AC,y,The nun chases the sailor.,the policeman chases the robber,1
TRUE,2255,"{""Q0"":""the pirate chases the robber""}",10045,chase,PC,y,The monk is chased by the policeman.,the pirate chases the robber,1
TRUE,2932,"{""Q0"":""the policeman slaps the boxer""}",9963,slap,AC,n,The cowboy slaps the ballerina.,the policeman slaps the boxer,1
TRUE,2176,"{""Q0"":""the nun follows the soldier""}",9051,follow,PC,y,The ballerina is followed by the pirate.,the nun follows the soldier,1
TRUE,1593,"{""Q0"":""the pirate follows the doctor""}",9660,follow,AC,n,The nun follows the cowboy.,the pirate follows the doctor,1
TRUE,2593,"{""Q0"":""the cowboy punches the ballerina""}",9605,punch,PC,n,The policeman is punched by the artist.,the cowboy punches the ballerina,1
TRUE,7522,"{""Q0"":""the artist punches the monk""}",8126,punch,AC,n,The cowboy punches the nun.,the artist punches the monk,1
FALSE,3353,"{""Q0"":""the waitress tickles the monk""}",9580,tickle,PI,y,The robber is ticklen by the soldier.,the waitress tickles the monk,1
TRUE,1914,"{""Q0"":""the pirate pulls the ballerina""}",8915,pull,AI,y,The boxer pull the soldier.,the pirate pulls the ballerina,1
TRUE,1710,"{""Q0"":""the cowboy pushes the ballerina""}",10886,push,PI,n,The monk is pushen by the policeman.,the cowboy pushes the ballerina,1
TRUE,5108,"{""Q0"":""the sailor touches the swimmer""}",9516,touch,AI,n,The waitress touch the professor.,the sailor touches the swimmer,1
TRUE,2597,"{""Q0"":""the cowboy slaps the ballerina""}",10517,slap,PC,n,The nurse is slapped by  the policeman.,the cowboy slaps the ballerina,1
TRUE,3309,"{""Q0"":""the nun kisses the boxer""}",8110,kiss,AC,y,The artist kisses the ballerina.,the nun kisses the boxer,1
TRUE,3296,"{""Q0"":""the boxer pulls the clown""}",11831,pull,PI,n,The waitress is pullen by the pirate.,the boxer pulls the clown,1