﻿resp_iscorrect,verif_rt,responses,descr_rt,T_verb,P_type,verif_ans,P_sentence,clear_responses,isactive
TRUE,15726,"{""Q0"":""the chef shoots the boxer""}",17776,shoot,AI,n,The actress shoot the robber.,the chef shoots the boxer,1
FALSE,8268,"{""Q0"":""The dancer is slapped by the cowboy""}",24437,slap,PC,n,The nurse is slapped by  the policeman.,The dancer is slapped by the cowboy,0
TRUE,3878,"{""Q0"":""the cowboy pushes the swimmer""}",14893,push,AI,y,The chef push the clown.,the cowboy pushes the swimmer,1
TRUE,3069,"{""Q0"":""the boxer pulls the clown""}",12154,pull,PI,n,The waitress is pullen by the pirate.,the boxer pulls the clown,1
TRUE,2961,"{""Q0"":""the cop chases the robber""}",10450,chase,AC,y,The nun chases the sailor.,the cop chases the robber,1
TRUE,3504,"{""Q0"":""the cowboy pushes the dancer""}",13421,push,PI,n,The monk is pushen by the policeman.,the cowboy pushes the dancer,1
TRUE,2967,"{""Q0"":""the waitress tickles the Doctor""}",13218,tickle,AI,n,The soldier tickle the boxer.,the waitress tickles the Doctor,1
TRUE,10713,"{""Q0"":""the waitress chases the doctor""}",14977,chase,PC,n,The swimmer is chased by the nun.,the waitress chases the doctor,1
FALSE,11805,"{""Q0"":""the pirate follows the doctor""}",10865,follow,AC,n,The nun follows the cowboy.,the pirate follows the doctor,1
FALSE,3024,"{""Q0"":""the clown is touched by the sailor""}",13030,touch,PI,y,The doctor is touchen by the waitress.,the clown is touched by the sailor,0
TRUE,4750,"{""Q0"":""the professor scolds the sailor""}",23495,scold,AC,y,The policeman scolds the doctor.,the professor scolds the sailor,1
TRUE,2753,"{""Q0"":""the pirate chases the robber""}",13126,chase,PC,y,The monk is chased by the policeman.,the pirate chases the robber,1
TRUE,3376,"{""Q0"":""the cop slaps the boxer""}",17481,slap,AC,n,The cowboy slaps the ballerina.,the cop slaps the boxer,1
TRUE,3500,"{""Q0"":""the dancer is kissed by the nun""}",15482,kiss,PC,y,The boxer is kissed by the artist.,the dancer is kissed by the nun,0
FALSE,15339,"{""Q0"":""the waitress kicks the clown""}",13023,kick,AI,y,The policeman kick the boxer.,the waitress kicks the clown,1
TRUE,3416,"{""Q0"":""the sailor is slapped by the cowboy""}",13647,slap,PC,y,The clown is slapped by the policeman.,the sailor is slapped by the cowboy,0
TRUE,3604,"{""Q0"":""the cop scolds the dancer""}",8573,scold,AC,n,The waitress scolds the boxer.,the cop scolds the dancer,1
TRUE,3353,"{""Q0"":""the robber is kicked by the waitress""}",13847,kick,PI,n,The clown is kicken by the nun.,the robber is kicked by the waitress,0
TRUE,4665,"{""Q0"":""the boxer is kissed by the nun""}",12126,kiss,AC,y,The artist kisses the ballerina.,the boxer is kissed by the nun,0
TRUE,3077,"{""Q0"":""the nun follows the soldier""}",10000,follow,PC,y,The ballerina is followed by the pirate.,the nun follows the soldier,1
TRUE,2712,"{""Q0"":""the artist kisses the soldier""}",11569,kiss,AC,n,The pirate kisses the clown.,the artist kisses the soldier,1
FALSE,2317,"{""Q0"":""the chef shoots the swimmer""}",10009,shot,PI,y,The ballerina is shooted by the artist.,the chef shoots the swimmer,1
TRUE,3824,"{""Q0"":""the cop slaps the dancer""}",9381,slap,AC,y,The cowboy slaps the professor.,the cop slaps the dancer,1
TRUE,7828,"{""Q0"":""the artist kisses the clown""}",10687,kiss,PC,n,The monk is kissed by the swimmer.,the artist kisses the clown,1
TRUE,5401,"{""Q0"":""the artist punches the clown""}",9970,punch,AC,y,The cowboy punches the swimmer.,the artist punches the clown,1
TRUE,5578,"{""Q0"":""the doctor is punched by the cowboy""}",16497,punch,PC,y,The ballerina is punched by the artist.,the doctor is punched by the cowboy,0
TRUE,3704,"{""Q0"":""the sailor touched the swimmer""}",12780,touch,AI,n,The waitress touch the professor.,the sailor touched the swimmer,1
FALSE,15197,"{""Q0"":""the waitress tickles the monk""}",10259,tickle,PI,y,The robber is ticklen by the soldier.,the waitress tickles the monk,1
TRUE,6640,"{""Q0"":""the artist punches the monk""}",14413,punch,AC,n,The cowboy punches the nun.,the artist punches the monk,1
TRUE,2569,"{""Q0"":""the nun follows the boxer""}",10067,follow,PC,n,The ballerina is followed by the pirate.,the nun follows the boxer,1
TRUE,2702,"{""Q0"":""the pirate follows the sailor""}",9133,follow,AC,y,The nun follows the doctor.,the pirate follows the sailor,1
TRUE,2810,"{""Q0"":""the cowboy punches the dancer""}",11816,punch,PC,n,The policeman is punched by the artist.,the cowboy punches the dancer,1
TRUE,2978,"{""Q0"":""the cop chases the swimmer""}",11240,chase,AC,n,The policeman chases the robber.,the cop chases the swimmer,1
TRUE,3706,"{""Q0"":""the cop scolds the boxer""}",8881,scold,PC,y,The doctor is scolded by the professor.,the cop scolds the boxer,1
TRUE,2620,"{""Q0"":""the pirate pulls the dancer""}",9494,pull,AI,y,The boxer pull the soldier.,the pirate pulls the dancer,1
TRUE,2757,"{""Q0"":""the professor scolds the soldier""}",11596,scold,PC,n,The monk is scolded by the swimmer.,the professor scolds the soldier,1