resp_iscorrect,verif_rt,responses,descr_rt,T_verb,P_type,verif_ans,P_sentence,clear_responses,isactive
TRUE,4670,"{""Q0"":""thief is following other person.""}",77132,follow,AC,y,The nun follows the doctor.,thief is following other person.,1
TRUE,14249,"{""Q0"":""the person touch to the grandma""}",23743,touch,PI,y,The doctor is touchen by the waitress.,the person touch to the grandma,1
TRUE,35864,"{""Q0"":""the chef bush the thief""}",31885,push,AI,y,The chef push the clown.,the chef bush the thief,1
FALSE,28223,"{""Q0"":""She is chase the thief""}",139605,chase,PC,n,The swimmer is chased by the nun.,She is chase the thief,1
TRUE,18110,"{""Q0"":""the person chase the thief""}",21917,chase,AC,y,The nun chases the sailor.,the person chase the thief,1
TRUE,24998,"{""Q0"":""the person is chased by the thief""}",31547,chase,PC,y,The monk is chased by the policeman.,the person is chased by the thief,0
FALSE,30916,"{""Q0"":""the girl tickle the father""}",49217,tickle,AI,n,The soldier tickle the boxer.,the girl tickle the father,1
FALSE,34412,"{""Q0"":""the person is scolder by the bater""}",23286,scold,PC,n,The monk is scolded by the swimmer. ,the person is scolder by the bater,0
TRUE,26954,"{""Q0"":""the girl kisses the boy""}",27520,kiss,AC,y,The artist kisses the ballerina.,the girl kisses the boy,1
FALSE,37547,"{""Q0"":""the person is pullon by the thief""}",41804,pull,PI,n,The waitress is pullen by the pirate. ,the person is pullon by the thief,0
FALSE,16579,"{""Q0"":""the person scolds by the girl""}",42908,scold,AC,n,The waitress scolds the boxer.,the person scolds by the girl,0
FALSE,17750,"{""Q0"":""the girl kissed by the boy friend""}",20700,kiss,PC,n,The monk is kissed by the swimmer.,the girl kissed by the boy friend,0
FALSE,17011,"{""Q0"":""the police touch by the swimmer""}",19041,touch,AI,n,The waitress touch the professor.,the police touch by the swimmer,0
TRUE,33762,"{""Q0"":""the police is shooted by the theif""}",38812,shot,PI,y,The ballerina is shooted by the artist. ,the police is shooted by the theif,0
FALSE,25143,"{""Q0"":""the person kisses by the girl friend""}",22243,kiss,AC,n,The pirate kisses the clown.,the person kisses by the girl friend,0
FALSE,22203,"{""Q0"":""the doctor is slapped by the girl""}",33944,slap,PC,n,The nurse is slapped by  the policeman.,the doctor is slapped by the girl,0
TRUE,31583,"{""Q0"":""the boxed punches the thief""}",34368,punch,AC,y,The cowboy punches the swimmer.,the boxed punches the thief,1
TRUE,32393,"{""Q0"":""the theif is followed by the police""}",24221,follow,PC,y,The ballerina is followed by the pirate. ,the theif is followed by the police,0
FALSE,22244,"{""Q0"":""the police slaps the theief""}",18517,slap,AC,n,The cowboy slaps the ballerina.,the police slaps the theief,1
FALSE,1185987,"{""Q0"":""the person is followed by the runner""}",40510,follow,PC,n,The ballerina is followed by the pirate.,the person is followed by the runner,0
FALSE,4106,"{""Q0"":""the thief followed by the police""}",19323,follow,AC,n,The nun follows the cowboy.,the thief followed by the police,0
TRUE,26310,"{""Q0"":""the boxed bunced by the thief""}",17714,punch,PC,y,The ballerina is punched by the artist.,the boxed bunced by the thief,0
TRUE,11241,"{""Q0"":""the music teacher kick the thief""}",19197,kick,AI,y,The policeman kick the boxer.,the music teacher kick the thief,1
TRUE,29085,"{""Q0"":""the police is scoled by the boxer""}",22468,scold,PC,y,The doctor is scolded by the professor. ,the police is scoled by the boxer,0
TRUE,15657,"{""Q0"":""the swimmer slaps the policeman""}",19018,slap,AC,y,The cowboy slaps the professor.,the swimmer slaps the policeman,1
FALSE,6700,"{""Q0"":""the person bush by the girl""}",21934,push,PI,n,The monk is pushen by the policeman.,the person bush by the girl,0
TRUE,24808,"{""Q0"":""the theif pull the solider""}",26461,pull,AI,y,The boxer pull the soldier.,the theif pull the solider,1
FALSE,15479,"{""Q0"":""she is clown by the run""}",34757,kick,PI,n,The clown is kicken by the nun. ,she is clown by the run,0
TRUE,33522,"{""Q0"":""the father scoled by the dauter""}",60343,scold,AC,y,The policeman scolds the doctor.,the father scoled by the dauter,0
TRUE,28260,"{""Q0"":""the police slapped by the grnadfa""}",33855,slap,PC,y,The clown is slapped by the policeman.,the police slapped by the grnadfa,0
FALSE,5497,"{""Q0"":""the boxer bunch by the thief""}",16515,punch,AC,n,The cowboy punches the nun.,the boxer bunch by the thief,0
TRUE,21743,"{""Q0"":""the girl ticklen by the father""}",21015,tickle,PI,y,The robber is ticklen by the soldier. ,the girl ticklen by the father,0
FALSE,10070,"{""Q0"":""the policeman chased by the swimmer""}",21519,chase,AC,n,The policeman chases the robber.,the policeman chased by the swimmer,0
TRUE,235,"{""Q0"":""the boy kissed by girlfriend""}",19556,kiss,PC,y,The boxer is kissed by the artist.,the boy kissed by girlfriend,0
FALSE,13952,"{""Q0"":""the policeman shoot the thief""}",16639,shoot,AI,n,The actress shoot the robber. ,the policeman shoot the thief,1
FALSE,1737,"{""Q0"":""the boxer bunced by the girl""}",91646,punch,PC,n,The policeman is punched by the artist.,the boxer bunced by the girl,0