﻿resp_iscorrect,verif_rt,responses,descr_rt,T_verb,P_type,verif_ans,P_sentence,clear_responses,isactive
TRUE,6567,"{""Q0"":""The policeman chases the swimmer.""}",11919,chase,AC,n,The policeman chases the robber.,The policeman chases the swimmer.,1
TRUE,5844,"{""Q0"":""The cowboy pushes the ballerina.""}",12280,push,PI,n,The monk is pushen by the policeman.,The cowboy pushes the ballerina.,1
TRUE,2331,"{""Q0"":""The policeman chases the robber.""}",6444,chase,AC,y,The nun chases the sailor.,The policeman chases the robber.,1
TRUE,2603,"{""Q0"":""The cowboy slaps the ballerina.""}",8295,slap,PC,n,The nurse is slapped by  the policeman.,The cowboy slaps the ballerina.,1
TRUE,3670,"{""Q0"":""The waitress kicks the clown.""}",16172,kick,AI,y,The policeman kick the boxer.,The waitress kicks the clown.,1
TRUE,2541,"{""Q0"":""The waitress chases the doctor.""}",8149,chase,PC,n,The swimmer is chased by the nun.,The waitress chases the doctor.,1
TRUE,1954,"{""Q0"":""The nun kisses the boxer.""}",9418,kiss,AC,y,The artist kisses the ballerina.,The nun kisses the boxer.,1
TRUE,2780,"{""Q0"":""The pirate is chasing the robber.""}",7717,chase,PC,y,The monk is chased by the policeman.,The pirate is chasing the robber.,1
TRUE,2480,"{""Q0"":""The sailor touches the swimmer.""}",6745,touch,AI,n,The waitress touch the professor.,The sailor touches the swimmer.,1
TRUE,3455,"{""Q0"":""The waitress kicks the robber.""}",9147,kick,PI,n,The clown is kicken by the nun.,The waitress kicks the robber.,1
TRUE,4396,"{""Q0"":""The pirate pulls the ballerina.""}",6601,pull,AI,y,The boxer pull the soldier.,The pirate pulls the ballerina.,1
TRUE,4663,"{""Q0"":""The policeman scolds the boxer.""}",7582,scold,PC,y,The doctor is scolded by the professor.,The policeman scolds the boxer.,1
TRUE,2687,"{""Q0"":""The clown is punched by the artist.""}",9332,punch,AC,y,The cowboy punches the swimmer.,The clown is punched by the artist.,0
TRUE,2339,"{""Q0"":""The soldier is followed by the nun.""}",11544,follow,PC,y,The ballerina is followed by the pirate.,The soldier is followed by the nun.,0
TRUE,3504,"{""Q0"":""The doctor is tickled by the waitress.""}",10137,tickle,AI,n,The soldier tickle the boxer.,The doctor is tickled by the waitress.,0
TRUE,4000,"{""Q0"":""The cowboy slaps the sailor.""}",10210,slap,PC,y,The clown is slapped by the policeman.,The cowboy slaps the sailor.,1
TRUE,1399,"{""Q0"":""The artist kisses the soldier.""}",11884,kiss,AC,n,The pirate kisses the clown.,The artist kisses the soldier.,1
TRUE,3720,"{""Q0"":""The cook shoots the swimmer.""}",10844,shot,PI,y,The ballerina is shooted by the artist.,The cook shoots the swimmer.,1
TRUE,1859,"{""Q0"":""The pirate follows the sailor.""}",6454,follow,AC,y,The nun follows the doctor.,The pirate follows the sailor.,1
TRUE,2883,"{""Q0"":""The sailor touches the clown.""}",6896,touch,PI,y,The doctor is touchen by the waitress.,The sailor touches the clown.,1
TRUE,2077,"{""Q0"":""The policeman slaps the boxer.""}",6225,slap,AC,n,The cowboy slaps the ballerina.,The policeman slaps the boxer.,1
TRUE,1939,"{""Q0"":""The doctor is punched by the cowboy.""}",7503,punch,PC,y,The ballerina is punched by the artist.,The doctor is punched by the cowboy.,0
TRUE,2222,"{""Q0"":""The artist punches the monk.""}",11332,punch,AC,n,The cowboy punches the nun.,The artist punches the monk.,1
TRUE,1411,"{""Q0"":""The boxer pulls the clown.""}",4453,pull,PI,n,The waitress is pullen by the pirate.,The boxer pulls the clown.,1
TRUE,4392,"{""Q0"":""The cook shoots the boxer.""}",5374,shoot,AI,n,The actress shoot the robber.,The cook shoots the boxer.,1
TRUE,1296,"{""Q0"":""The cowboy punches the ballerina.""}",6175,punch,PC,n,The policeman is punched by the artist.,The cowboy punches the ballerina.,1
TRUE,2318,"{""Q0"":""The policeman slaps the swimmer.""}",5971,slap,AC,y,The cowboy slaps the professor.,The policeman slaps the swimmer.,1
TRUE,3222,"{""Q0"":""The nun follows the boxer.""}",6628,follow,PC,n,The ballerina is followed by the pirate.,The nun follows the boxer.,1
TRUE,1774,"{""Q0"":""The professor scolds the sailor.""}",8505,scold,AC,y,The policeman scolds the doctor.,The professor scolds the sailor.,1
TRUE,1811,"{""Q0"":""The nun kisses the ballerina.""}",5166,kiss,PC,y,The boxer is kissed by the artist.,The nun kisses the ballerina.,1
TRUE,1863,"{""Q0"":""The pirate follows the doctor.""}",5271,follow,AC,n,The nun follows the cowboy.,The pirate follows the doctor.,1
TRUE,2377,"{""Q0"":""The professor scolds the soldier.""}",12988,scold,PC,n,The monk is scolded by the swimmer.,The professor scolds the soldier.,1
TRUE,1257,"{""Q0"":""The policeman scolds the ballerina.""}",7764,scold,AC,n,The waitress scolds the boxer.,The policeman scolds the ballerina.,1
TRUE,1841,"{""Q0"":""The artist kisses the clown.""}",8051,kiss,PC,n,The monk is kissed by the swimmer.,The artist kisses the clown.,1
TRUE,2314,"{""Q0"":""The cowboy pushes the swimmer.""}",6959,push,AI,y,The chef push the clown.,The cowboy pushes the swimmer.,1
TRUE,3885,"{""Q0"":""The waitress tickles the monk.""}",7012,tickle,PI,y,The robber is ticklen by the soldier.,The waitress tickles the monk.,1