﻿resp_iscorrect,verif_rt,responses,descr_rt,T_verb,P_type,verif_ans,P_sentence,clear_responses,isactive
TRUE,19390,"{""Q0"":""A man shoot the robber.""}",70727,shoot,AI,n,The actress shoot the robber.,A man shoot the robber.,1
FALSE,31162,"{""Q0"":""A policeman touch the innocent man.""}",104200,touch,PI,y,The doctor is touchen by the waitress.,A policeman touch the innocent man.,1
TRUE,26188,"{""Q0"":""The rude man punches the innocent guy.""}",74536,punch,AC,y,The cowboy punches the swimmer.,The rude man punches the innocent guy.,1
FALSE,13343,"{""Q0"":""A doctor is punched by the cowboy.""}",77207,punch,PC,y,The ballerina is punched by the artist.,A doctor is punched by the cowboy.,0
TRUE,39095,"{""Q0"":""Swimming man touched by the security.""}",52025,touch,AI,n,The waitress touch the professor.,Swimming man touched by the security.,0
TRUE,22889,"{""Q0"":""A Woman is punched by the cowboy.""}",73600,punch,PC,n,The policeman is punched by the artist.,A Woman is punched by the cowboy.,0
FALSE,34151,"{""Q0"":""The woman kisses the hunter man.""}",65497,kiss,AC,n,The pirate kisses the clown.,The woman kisses the hunter man.,1
TRUE,22607,"{""Q0"":""The man scolded by the safe guard.""}",69217,scold,PC,y,The doctor is scolded by the professor.,The man scolded by the safe guard.,0
TRUE,20518,"{""Q0"":""The policeman chases the robber.""}",14697,chase,AC,n,The policeman chases the robber.,The policeman chases the robber.,1
TRUE,19732,"{""Q0"":""The doctor is chased by the mentally affected women.""}",274391,chase,PC,n,The swimmer is chased by the nun.,The doctor is chased by the mentally affected women.,0
TRUE,14541,"{""Q0"":""The cowboy slaps the swimmer.""}",80533,slap,AC,y,The cowboy slaps the professor.,The cowboy slaps the swimmer.,1
FALSE,24344,"{""Q0"":""The man is pulled by the boxer.""}",64123,pull,PI,n,The waitress is pullen by the pirate.,The man is pulled by the boxer.,0
FALSE,16857,"{""Q0"":""The waitress scolds by the cowboy.""}",29717,scold,AC,n,The waitress scolds the boxer.,The waitress scolds by the cowboy.,0
TRUE,597346,"{""Q0"":""The thief is chased by the karate man.""}",88467,chase,PC,y,The monk is chased by the policeman.,The thief is chased by the karate man.,0
TRUE,15680,"{""Q0"":""The boxer kisses the nun.""}",61713,kiss,AC,y,The artist kisses the ballerina.,The boxer kisses the nun.,1
TRUE,16395,"{""Q0"":""A man is kissed by the painter.""}",85485,kiss,PC,n,The monk is kissed by the swimmer.,A man is kissed by the painter.,0
TRUE,10662,"{""Q0"":""The nun is punched by the painter.""}",46816,punch,AC,n,The cowboy punches the nun.,The nun is punched by the painter.,0
TRUE,10399,"{""Q0"":""The baseball player is scolded by the monk.""}",68381,scold,PC,n,The monk is scolded by the swimmer.,The baseball player is scolded by the monk.,0
FALSE,12118,"{""Q0"":""The cowboy slaps the boxer.""}",18399,slap,AC,n,The cowboy slaps the ballerina.,The cowboy slaps the boxer.,1
TRUE,16848,"{""Q0"":""The monk is pushen by the cowboy.""}",30662,push,PI,n,The monk is pushen by the policeman.,The monk is pushen by the cowboy.,0
TRUE,11133,"{""Q0"":""The cowboy pull the monk.""}",46149,pull,AI,y,The boxer pull the soldier.,The cowboy pull the monk.,1
TRUE,8528,"{""Q0"":""The thief is kicked by the customer.""}",132181,kick,PI,n,The clown is kicken by the nun.,The thief is kicked by the customer.,0
TRUE,11606,"{""Q0"":""The professor scolds the policeman.""}",53711,scold,AC,y,The policeman scolds the doctor.,The professor scolds the policeman.,1
TRUE,11754,"{""Q0"":""The clown is slapped by the cowboy.""}",30229,slap,PC,y,The clown is slapped by the policeman.,The clown is slapped by the cowboy.,0
TRUE,8729,"{""Q0"":""A thief follows the officer.""}",55458,follow,AC,y,The nun follows the doctor.,A thief follows the officer.,1
TRUE,26687,"{""Q0"":""The boxer is followed by the nun.""}",28171,follow,PC,n,The ballerina is followed by the pirate.,The boxer is followed by the nun.,0
TRUE,11453,"{""Q0"":""The policeman chases the thief.""}",35173,chase,AC,y,The nun chases the sailor.,The policeman chases the thief.,1
TRUE,14501,"{""Q0"":""The swimmer is shooted by the cook.""}",82436,shot,PI,y,The ballerina is shooted by the artist.,The swimmer is shooted by the cook.,0
TRUE,14916,"{""Q0"":""The doctor tickle the supplier.""}",105228,tickle,AI,n,The soldier tickle the boxer.,The doctor tickle the supplier.,1
TRUE,8026,"{""Q0"":""The nun is kissed by the dancer.""}",31831,kiss,PC,y,The boxer is kissed by the artist.,The nun is kissed by the dancer.,0
TRUE,35728,"{""Q0"":""The policeman push the swimmer.""}",34864,push,AI,y,The chef push the clown.,The policeman push the swimmer.,1
FALSE,19222,"{""Q0"":""The dancer is slapped by the cowboy.""}",29660,slap,PC,n,The nurse is slapped by  the policeman.,The dancer is slapped by the cowboy.,0
TRUE,15883,"{""Q0"":""The doctor followed by the thief.""}",55911,follow,AC,n,The nun follows the cowboy.,The doctor followed by the thief.,0
TRUE,11567,"{""Q0"":""The nun is ticklen by the supplier.""}",22991,tickle,PI,y,The robber is ticklen by the soldier.,The nun is ticklen by the supplier.,0
TRUE,7437,"{""Q0"":""The supplier kick the clown.""}",125910,kick,AI,y,The policeman kick the boxer.,The supplier kick the clown.,1
TRUE,20607,"{""Q0"":""The policeman is followed by the nun.""}",23332,follow,PC,y,The ballerina is followed by the pirate.,The policeman is followed by the nun.,0