resp_iscorrect,verif_rt,responses,descr_rt,T_verb,P_type,verif_ans,P_sentence,clear_responses,isactive
TRUE,4725,"{""Q0"":""The nun kisses the boxer.""}",19245,kiss,AC,y,The artist kisses the ballerina.,The nun kisses the boxer.,1
TRUE,4359,"{""Q0"":""The nun will kiss the ballerina.""}",22322,kiss,PC,y,The boxer is kissed by the artist.,The nun will kiss the ballerina.,1
FALSE,4246,"{""Q0"":""The pirate follows the doctor.""}",12707,follow,AC,n,The nun follows the cowboy.,The pirate follows the doctor.,1
TRUE,14001,"{""Q0"":""The cowboy will push the ballerina. ""}",16585,push,PI,n,The monk is pushen by the policeman.,The cowboy will push the ballerina. ,1
FALSE,5825,"{""Q0"":""The artist kisses the soldier.""}",14600,kiss,AC,n,The pirate kisses the clown.,The artist kisses the soldier.,1
FALSE,11445,"{""Q0"":""The teacher will scold the soldier.""}",17130,scold,PC,n,The monk is scolded by the swimmer. ,The teacher will scold the soldier.,1
TRUE,3608,"{""Q0"":""The cowboy pushed the swimmer.""}",12652,push,AI,y,The chef push the clown.,The cowboy pushed the swimmer.,1
TRUE,2783,"{""Q0"":""The nun will follow the soldier. ""}",13229,follow,PC,y,The ballerina is followed by the pirate. ,The nun will follow the soldier. ,1
FALSE,4136,"{""Q0"":""The chef shoots the boxer.""}",13918,shoot,AI,n,The actress shoot the robber. ,The chef shoots the boxer.,1
FALSE,7950,"{""Q0"":""The maid will tickle the monk.""}",14077,tickle,PI,y,The robber is ticklen by the soldier. ,The maid will tickle the monk.,1
TRUE,8810,"{""Q0"":""The policeman scolds the ballerina.""}",13715,scold,AC,n,The waitress scolds the boxer.,The policeman scolds the ballerina.,1
TRUE,5148,"{""Q0"":""The cowboy punched the doctor.""}",10264,punch,PC,y,The ballerina is punched by the artist.,The cowboy punched the doctor.,1
FALSE,5465,"{""Q0"":""The artist punched the monk.""}",11531,punch,AC,n,The cowboy punches the nun.,The artist punched the monk.,1
TRUE,4720,"{""Q0"":""The cowboy punches the ballerina.""}",10418,punch,PC,n,The policeman is punched by the artist.,The cowboy punches the ballerina.,1
TRUE,2021,"{""Q0"":""The pirate follows the sailor.""}",11886,follow,AC,y,The nun follows the doctor.,The pirate follows the sailor.,1
TRUE,5687,"{""Q0"":""The boxer will pull the clown.""}",20361,pull,PI,n,The waitress is pullen by the pirate. ,The boxer will pull the clown.,1
TRUE,12130,"{""Q0"":""The policeman slapped the boxer.""}",13159,slap,AC,n,The cowboy slaps the ballerina.,The policeman slapped the boxer.,1
FALSE,4667,"{""Q0"":""The boxer is followed by the nun.""}",15870,follow,PC,n,The ballerina is followed by the pirate.,The boxer is followed by the nun.,0
TRUE,4232,"{""Q0"":""The waitress tickles the doctor.""}",12062,tickle,AI,n,The soldier tickle the boxer.,The waitress tickles the doctor.,1
FALSE,5010,"{""Q0"":""The sailor will touch the clown.""}",10806,touch,PI,y,The doctor is touchen by the waitress.,The sailor will touch the clown.,1
FALSE,4738,"{""Q0"":""The sailor will touch the swimmer.""}",10793,touch,AI,n,The waitress touch the professor.,The sailor will touch the swimmer.,1
FALSE,5332,"{""Q0"":""The artist kissed the clown.""}",13872,kiss,PC,n,The monk is kissed by the swimmer.,The artist kissed the clown.,1
TRUE,4312,"{""Q0"":""The policeman slapped the swimmer.""}",11310,slap,AC,y,The cowboy slaps the professor.,The policeman slapped the swimmer.,1
FALSE,3934,"{""Q0"":""The chef shoots the swimmer. ""}",10615,shot,PI,y,The ballerina is shooted by the artist. ,The chef shoots the swimmer. ,1
TRUE,2630,"{""Q0"":""The policeman chases the robber.""}",12482,chase,AC,y,The nun chases the sailor.,The policeman chases the robber.,1
TRUE,4426,"{""Q0"":""The pirate chases the robber.""}",11808,chase,PC,y,The monk is chased by the policeman.,The pirate chases the robber.,1
TRUE,9391,"{""Q0"":""The waitress kicked the clown.""}",18908,kick,AI,y,The policeman kick the boxer.,The waitress kicked the clown.,1
TRUE,6708,"{""Q0"":""The doctor is chased by the waitress.""}",14089,chase,PC,n,The swimmer is chased by the nun.,The doctor is chased by the waitress.,0
TRUE,2915,"{""Q0"":""The artist punched the clown.""}",11948,punch,AC,y,The cowboy punches the swimmer.,The artist punched the clown.,1
TRUE,9027,"{""Q0"":""The boxer is scolded by the officer.""}",9851,scold,PC,y,The doctor is scolded by the professor. ,The boxer is scolded by the officer.,0
FALSE,3516,"{""Q0"":""The swimmer is chased by the officer.""}",12851,chase,AC,n,The policeman chases the robber.,The swimmer is chased by the officer.,0
FALSE,5080,"{""Q0"":""The cowboy slaps the ballerina. ""}",12901,slap,PC,n,The nurse is slapped by  the policeman.,The cowboy slaps the ballerina. ,1
TRUE,3512,"{""Q0"":""The pirate will pull the dancer.""}",9793,pull,AI,y,The boxer pull the soldier.,The pirate will pull the dancer.,1
TRUE,2665,"{""Q0"":""The cowboy slaps the sailor. ""}",9371,slap,PC,y,The clown is slapped by the policeman.,The cowboy slaps the sailor. ,1
TRUE,3682,"{""Q0"":""The professor scolds the sailor.""}",10132,scold,AC,y,The policeman scolds the doctor.,The professor scolds the sailor.,1
TRUE,4338,"{""Q0"":""The robber was kicked by the waitress.""}",17442,kick,PI,n,The clown is kicken by the nun. ,The robber was kicked by the waitress.,0