resp_iscorrect,verif_rt,responses,descr_rt,T_verb,P_type,verif_ans,P_sentence,clear_responses,isactive
TRUE,4332,"{""Q0"":""The policeman slaps the swimmer.""}",21022,slap,AC,y,The cowboy slaps the professor.,The policeman slaps the swimmer.,1
TRUE,13353,"{""Q0"":""A man follows the boxer.""}",23153,follow,PC,n,The ballerina is followed by the pirate.,A man follows the boxer.,1
TRUE,3242,"{""Q0"":""A policeman chases the robber.""}",24769,chase,AC,y,The nun chases the sailor.,A policeman chases the robber.,1
FALSE,5270,"{""Q0"":""The cowboy slaps the ballerina.""}",13904,slap,PC,n,The nurse is slapped by  the policeman.,The cowboy slaps the ballerina.,1
TRUE,10556,"{""Q0"":""The waitress tickles the doctor.""}",15022,tickle,AI,n,The soldier tickle the boxer.,The waitress tickles the doctor.,1
TRUE,4739,"{""Q0"":""The boxer pulls the clown.""}",15335,pull,PI,n,The waitress is pullen by the pirate. ,The boxer pulls the clown.,1
TRUE,2681,"{""Q0"":""The waitress kicked the clown.""}",17765,kick,AI,y,The policeman kick the boxer.,The waitress kicked the clown.,1
TRUE,4841,"{""Q0"":""The cowboys attempts to push the ballerina.""}",21794,push,PI,n,The monk is pushen by the policeman.,The cowboys attempts to push the ballerina.,1
TRUE,3209,"{""Q0"":""The policeman scolds the woman.""}",19380,scold,AC,n,The waitress scolds the boxer.,The policeman scolds the woman.,1
FALSE,3311,"{""Q0"":""The monk is tickled by the waitress.""}",12971,tickle,PI,y,The robber is ticklen by the soldier. ,The monk is tickled by the waitress.,0
TRUE,4912,"{""Q0"":""The sailor is followed by the pirate.""}",15896,follow,AC,y,The nun follows the doctor.,The sailor is followed by the pirate.,0
TRUE,3218,"{""Q0"":""The artist kisses the clown.""}",20265,kiss,PC,n,The monk is kissed by the swimmer.,The artist kisses the clown.,1
TRUE,5803,"{""Q0"":""The nun kisses the boxer.""}",21405,kiss,AC,y,The artist kisses the ballerina.,The nun kisses the boxer.,1
TRUE,6280,"{""Q0"":""The waitress chases the doctor.""}",51587,chase,PC,n,The swimmer is chased by the nun.,The waitress chases the doctor.,1
TRUE,3291,"{""Q0"":""The swimmer is touched by the sailor.""}",16609,touch,AI,n,The waitress touch the professor.,The swimmer is touched by the sailor.,0
TRUE,5104,"{""Q0"":""The nun and the ballerina kiss.""}",14084,kiss,PC,y,The boxer is kissed by the artist.,The nun and the ballerina kiss.,1
TRUE,2253,"{""Q0"":""The pirate tries to pull the woman.""}",14671,pull,AI,y,The boxer pull the soldier.,The pirate tries to pull the woman.,1
TRUE,3371,"{""Q0"":""The waitress kicked the robber.""}",16931,kick,PI,n,The clown is kicken by the nun. ,The waitress kicked the robber.,1
TRUE,2740,"{""Q0"":""The professor scolds the sailor.""}",29465,scold,AC,y,The policeman scolds the doctor.,The professor scolds the sailor.,1
TRUE,3295,"{""Q0"":""The pirate chases the robber.""}",11563,chase,PC,y,The monk is chased by the policeman.,The pirate chases the robber.,1
TRUE,1955,"{""Q0"":""The doctor is followed by the pirate.""}",15581,follow,AC,n,The nun follows the cowboy.,The doctor is followed by the pirate.,0
TRUE,2583,"{""Q0"":""The nun follows the soldier.""}",11887,follow,PC,y,The ballerina is followed by the pirate. ,The nun follows the soldier.,1
TRUE,1932,"{""Q0"":""The artist punched the monk.""}",14641,punch,AC,n,The cowboy punches the nun.,The artist punched the monk.,1
TRUE,2658,"{""Q0"":""The policeman scolds the boxer.""}",13449,scold,PC,y,The doctor is scolded by the professor. ,The policeman scolds the boxer.,1
TRUE,2417,"{""Q0"":""The clown is punched by the artist.""}",19418,punch,AC,y,The cowboy punches the swimmer.,The clown is punched by the artist.,0
FALSE,6342,"{""Q0"":""The sailor is touching the clown.""}",13906,touch,PI,y,The doctor is touchen by the waitress.,The sailor is touching the clown.,1
TRUE,2342,"{""Q0"":""The baker shoots the boxer.""}",23621,shoot,AI,n,The actress shoot the robber. ,The baker shoots the boxer.,1
TRUE,3043,"{""Q0"":""The cowboy slaps the sailor.""}",13349,slap,PC,y,The clown is slapped by the policeman.,The cowboy slaps the sailor.,1
TRUE,2896,"{""Q0"":""The soldier is kissed by the artist.""}",15106,kiss,AC,n,The pirate kisses the clown.,The soldier is kissed by the artist.,0
FALSE,2729,"{""Q0"":""The baker shoots the swimmer.""}",23785,shot,PI,y,The ballerina is shooted by the artist. ,The baker shoots the swimmer.,1
TRUE,6082,"{""Q0"":""The boxer is slapped by the policeman.""}",14634,slap,AC,n,The cowboy slaps the ballerina.,The boxer is slapped by the policeman.,0
TRUE,3089,"{""Q0"":""The cowboy punched the ballerina.""}",15470,punch,PC,n,The policeman is punched by the artist.,The cowboy punched the ballerina.,1
TRUE,2465,"{""Q0"":""The swimmer is chased by the policeman.""}",13904,chase,AC,n,The policeman chases the robber.,The swimmer is chased by the policeman.,0
TRUE,2576,"{""Q0"":""The professor scolds the soldier.""}",11940,scold,PC,n,The monk is scolded by the swimmer. ,The professor scolds the soldier.,1
TRUE,3989,"{""Q0"":""The cowboy pushes the swimmer.""}",19326,push,AI,y,The chef push the clown.,The cowboy pushes the swimmer.,1
TRUE,2291,"{""Q0"":""The cowboy punches the doctor.""}",11660,punch,PC,y,The ballerina is punched by the artist.,The cowboy punches the doctor.,1