,ans,bll,lf,mas,ga,DOC,DOI,POC,POI
0,0.1,0.1,0.5,2.8,0.5,0.994,1,0.004,0
1,0.1,0.1,0.5,3.2,0.5,0.99,1,0.008,0
2,0.1,0.1,0.5,3.6,0.5,0.992,1,0.008,0
3,0.1,0.1,0.5,2.8,1,0.992,1,0.006,0
4,0.1,0.1,0.5,3.2,1,1,1,0.004,0
5,0.1,0.1,0.5,3.6,1,0.99,1,0.002,0
6,0.1,0.1,0.5,2.8,1.5,0.992,1,0.006,0
7,0.1,0.1,0.5,3.2,1.5,0.996,1,0,0
8,0.1,0.1,0.5,3.6,1.5,0.992,1,0.008,0
9,0.1,0.1,0.5,2.8,2,0.984,1,0.008,0
10,0.1,0.1,0.5,3.2,2,0.994,1,0.002,0
11,0.1,0.1,0.5,3.6,2,0.996,1,0.006,0
12,0.1,0.1,0.7,2.8,0.5,0.994,1,0.008,0.002
13,0.1,0.1,0.7,3.2,0.5,0.996,1,0.008,0
14,0.1,0.1,0.7,3.6,0.5,0.992,1,0.006,0
15,0.1,0.1,0.7,2.8,1,0.994,1,0.008,0
16,0.1,0.1,0.7,3.2,1,1,1,0.006,0
17,0.1,0.1,0.7,3.6,1,0.996,1,0.006,0
18,0.1,0.1,0.7,2.8,1.5,0.996,1,0.006,0
19,0.1,0.1,0.7,3.2,1.5,0.992,1,0.012,0
20,0.1,0.1,0.7,3.6,1.5,0.994,1,0.008,0
21,0.1,0.1,0.7,2.8,2,0.996,1,0.002,0
22,0.1,0.1,0.7,3.2,2,0.99,1,0.004,0
23,0.1,0.1,0.7,3.6,2,0.994,1,0.002,0
24,0.1,0.1,0.9,2.8,0.5,0.998,1,0.002,0
25,0.1,0.1,0.9,3.2,0.5,0.996,1,0.006,0
26,0.1,0.1,0.9,3.6,0.5,0.994,1,0.002,0
27,0.1,0.1,0.9,2.8,1,0.996,1,0.008,0
28,0.1,0.1,0.9,3.2,1,0.998,1,0.006,0
29,0.1,0.1,0.9,3.6,1,0.996,1,0.008,0
30,0.1,0.1,0.9,2.8,1.5,0.99,1,0.008,0
31,0.1,0.1,0.9,3.2,1.5,0.994,1,0.006,0
32,0.1,0.1,0.9,3.6,1.5,0.998,1,0.018,0
33,0.1,0.1,0.9,2.8,2,0.998,1,0.01,0
34,0.1,0.1,0.9,3.2,2,0.992,1,0.01,0
35,0.1,0.1,0.9,3.6,2,0.992,1,0.004,0
36,0.1,0.1,1,2.8,0.5,0.996,1,0.002,0
37,0.1,0.1,1,3.2,0.5,1,1,0.01,0
38,0.1,0.1,1,3.6,0.5,1,1,0.004,0
39,0.1,0.1,1,2.8,1,0.992,1,0.008,0
40,0.1,0.1,1,3.2,1,0.994,1,0.008,0
41,0.1,0.1,1,3.6,1,0.996,1,0.008,0
42,0.1,0.1,1,2.8,1.5,0.994,1,0.008,0
43,0.1,0.1,1,3.2,1.5,0.994,1,0.004,0
44,0.1,0.1,1,3.6,1.5,0.996,1,0.01,0
45,0.1,0.1,1,2.8,2,0.996,1,0.008,0
46,0.1,0.1,1,3.2,2,0.986,1,0.004,0
47,0.1,0.1,1,3.6,2,0.994,1,0.008,0
48,0.1,0.3,0.5,2.8,0.5,0.988,1,0.006,0
49,0.1,0.3,0.5,3.2,0.5,0.992,1,0,0.002
50,0.1,0.3,0.5,3.6,0.5,0.998,1,0.002,0
51,0.1,0.3,0.5,2.8,1,0.998,1,0,0
52,0.1,0.3,0.5,3.2,1,0.992,1,0.006,0
53,0.1,0.3,0.5,3.6,1,0.994,1,0.008,0
54,0.1,0.3,0.5,2.8,1.5,0.998,1,0.01,0
55,0.1,0.3,0.5,3.2,1.5,0.994,1,0.006,0
56,0.1,0.3,0.5,3.6,1.5,0.99,1,0.006,0
57,0.1,0.3,0.5,2.8,2,0.996,1,0.004,0
58,0.1,0.3,0.5,3.2,2,0.996,1,0.02,0
59,0.1,0.3,0.5,3.6,2,0.996,1,0.004,0
60,0.1,0.3,0.7,2.8,0.5,0.99,1,0.008,0
61,0.1,0.3,0.7,3.2,0.5,0.994,1,0.002,0
62,0.1,0.3,0.7,3.6,0.5,0.99,1,0.01,0
63,0.1,0.3,0.7,2.8,1,0.996,1,0.004,0
64,0.1,0.3,0.7,3.2,1,0.994,1,0.002,0
65,0.1,0.3,0.7,3.6,1,0.994,1,0.008,0
66,0.1,0.3,0.7,2.8,1.5,0.99,1,0.008,0
67,0.1,0.3,0.7,3.2,1.5,0.99,1,0.002,0
68,0.1,0.3,0.7,3.6,1.5,0.994,1,0.008,0
69,0.1,0.3,0.7,2.8,2,0.994,1,0.006,0
70,0.1,0.3,0.7,3.2,2,0.996,1,0.004,0
71,0.1,0.3,0.7,3.6,2,0.998,1,0.012,0
72,0.1,0.3,0.9,2.8,0.5,0.994,1,0.006,0
73,0.1,0.3,0.9,3.2,0.5,0.996,1,0.006,0
74,0.1,0.3,0.9,3.6,0.5,1,1,0.006,0
75,0.1,0.3,0.9,2.8,1,0.99,1,0.01,0
76,0.1,0.3,0.9,3.2,1,1,1,0.01,0
77,0.1,0.3,0.9,3.6,1,0.996,1,0.002,0
78,0.1,0.3,0.9,2.8,1.5,0.992,1,0.004,0
79,0.1,0.3,0.9,3.2,1.5,0.994,1,0.006,0
80,0.1,0.3,0.9,3.6,1.5,0.99,1,0.006,0
81,0.1,0.3,0.9,2.8,2,0.994,1,0.01,0
82,0.1,0.3,0.9,3.2,2,1,1,0.002,0
83,0.1,0.3,0.9,3.6,2,0.992,1,0.006,0
84,0.1,0.3,1,2.8,0.5,0.994,1,0.004,0
85,0.1,0.3,1,3.2,0.5,0.994,1,0.002,0
86,0.1,0.3,1,3.6,0.5,0.996,1,0.008,0
87,0.1,0.3,1,2.8,1,0.992,1,0.002,0
88,0.1,0.3,1,3.2,1,0.992,1,0.01,0
89,0.1,0.3,1,3.6,1,0.996,1,0.012,0
90,0.1,0.3,1,2.8,1.5,0.988,1,0.01,0
91,0.1,0.3,1,3.2,1.5,0.994,1,0.008,0
92,0.1,0.3,1,3.6,1.5,0.996,1,0.008,0
93,0.1,0.3,1,2.8,2,0.994,1,0.006,0
94,0.1,0.3,1,3.2,2,0.99,1,0.008,0
95,0.1,0.3,1,3.6,2,0.994,1,0,0
96,0.1,0.5,0.5,2.8,0.5,0.992,1,0.002,0
97,0.1,0.5,0.5,3.2,0.5,0.994,1,0.004,0
98,0.1,0.5,0.5,3.6,0.5,1,1,0.008,0
99,0.1,0.5,0.5,2.8,1,0.992,1,0.01,0
100,0.1,0.5,0.5,3.2,1,0.994,1,0.01,0
101,0.1,0.5,0.5,3.6,1,0.99,1,0.008,0
102,0.1,0.5,0.5,2.8,1.5,0.996,1,0.006,0
103,0.1,0.5,0.5,3.2,1.5,0.992,1,0.012,0
104,0.1,0.5,0.5,3.6,1.5,0.998,1,0.004,0
105,0.1,0.5,0.5,2.8,2,0.992,1,0.006,0
106,0.1,0.5,0.5,3.2,2,0.994,1,0.008,0
107,0.1,0.5,0.5,3.6,2,0.996,1,0.006,0
108,0.1,0.5,0.7,2.8,0.5,0.998,1,0.008,0
109,0.1,0.5,0.7,3.2,0.5,0.992,1,0.008,0
110,0.1,0.5,0.7,3.6,0.5,0.984,1,0.01,0
111,0.1,0.5,0.7,2.8,1,0.99,1,0.002,0
112,0.1,0.5,0.7,3.2,1,0.994,1,0.008,0
113,0.1,0.5,0.7,3.6,1,0.99,1,0.006,0
114,0.1,0.5,0.7,2.8,1.5,0.988,1,0.002,0
115,0.1,0.5,0.7,3.2,1.5,0.998,1,0.004,0
116,0.1,0.5,0.7,3.6,1.5,0.994,1,0.008,0
117,0.1,0.5,0.7,2.8,2,0.996,1,0.004,0
118,0.1,0.5,0.7,3.2,2,0.992,1,0.004,0
119,0.1,0.5,0.7,3.6,2,0.994,1,0.008,0
120,0.1,0.5,0.9,2.8,0.5,0.996,0.998,0.004,0
121,0.1,0.5,0.9,3.2,0.5,0.986,1,0.002,0
122,0.1,0.5,0.9,3.6,0.5,0.99,1,0.004,0
123,0.1,0.5,0.9,2.8,1,0.992,1,0.008,0
124,0.1,0.5,0.9,3.2,1,0.992,1,0.004,0
125,0.1,0.5,0.9,3.6,1,0.996,1,0.01,0
126,0.1,0.5,0.9,2.8,1.5,0.992,1,0.01,0
127,0.1,0.5,0.9,3.2,1.5,0.988,1,0.008,0
128,0.1,0.5,0.9,3.6,1.5,0.998,1,0,0
129,0.1,0.5,0.9,2.8,2,0.99,1,0.008,0
130,0.1,0.5,0.9,3.2,2,0.996,1,0.006,0
131,0.1,0.5,0.9,3.6,2,0.996,1,0.008,0
132,0.1,0.5,1,2.8,0.5,0.99,1,0.004,0
133,0.1,0.5,1,3.2,0.5,0.994,1,0.002,0
134,0.1,0.5,1,3.6,0.5,0.994,1,0.004,0
135,0.1,0.5,1,2.8,1,0.992,1,0.008,0
136,0.1,0.5,1,3.2,1,0.998,1,0.002,0
137,0.1,0.5,1,3.6,1,0.988,1,0.006,0
138,0.1,0.5,1,2.8,1.5,0.992,1,0.008,0
139,0.1,0.5,1,3.2,1.5,0.994,1,0.002,0
140,0.1,0.5,1,3.6,1.5,1,1,0.008,0
141,0.1,0.5,1,2.8,2,0.996,1,0.006,0
142,0.1,0.5,1,3.2,2,0.994,1,0.002,0
143,0.1,0.5,1,3.6,2,0.99,1,0.012,0
144,0.1,0.7,0.5,2.8,0.5,0.994,1,0.006,0
145,0.1,0.7,0.5,3.2,0.5,0.994,1,0.004,0
146,0.1,0.7,0.5,3.6,0.5,0.998,1,0.006,0
147,0.1,0.7,0.5,2.8,1,0.998,1,0.004,0
148,0.1,0.7,0.5,3.2,1,0.994,1,0.006,0
149,0.1,0.7,0.5,3.6,1,0.998,1,0.002,0
150,0.1,0.7,0.5,2.8,1.5,0.99,1,0,0
151,0.1,0.7,0.5,3.2,1.5,0.996,1,0.004,0
152,0.1,0.7,0.5,3.6,1.5,0.994,1,0.002,0
153,0.1,0.7,0.5,2.8,2,0.992,1,0.004,0
154,0.1,0.7,0.5,3.2,2,0.988,1,0.002,0
155,0.1,0.7,0.5,3.6,2,0.99,1,0.004,0
156,0.1,0.7,0.7,2.8,0.5,0.996,1,0.01,0
157,0.1,0.7,0.7,3.2,0.5,0.996,1,0.008,0
158,0.1,0.7,0.7,3.6,0.5,0.992,1,0.018,0
159,0.1,0.7,0.7,2.8,1,0.99,1,0.006,0
160,0.1,0.7,0.7,3.2,1,0.99,1,0.006,0
161,0.1,0.7,0.7,3.6,1,0.996,1,0.006,0
162,0.1,0.7,0.7,2.8,1.5,0.996,1,0.004,0
163,0.1,0.7,0.7,3.2,1.5,0.998,1,0.006,0
164,0.1,0.7,0.7,3.6,1.5,0.994,1,0.008,0
165,0.1,0.7,0.7,2.8,2,0.994,1,0.008,0
166,0.1,0.7,0.7,3.2,2,0.996,1,0.008,0
167,0.1,0.7,0.7,3.6,2,0.996,1,0.002,0
168,0.1,0.7,0.9,2.8,0.5,0.996,1,0.004,0.002
169,0.1,0.7,0.9,3.2,0.5,0.996,1,0.004,0
170,0.1,0.7,0.9,3.6,0.5,0.988,1,0.008,0
171,0.1,0.7,0.9,2.8,1,0.996,1,0.004,0
172,0.1,0.7,0.9,3.2,1,0.99,1,0,0
173,0.1,0.7,0.9,3.6,1,0.99,1,0.002,0
174,0.1,0.7,0.9,2.8,1.5,0.994,1,0.004,0
175,0.1,0.7,0.9,3.2,1.5,0.996,1,0.008,0
176,0.1,0.7,0.9,3.6,1.5,0.992,1,0.004,0
177,0.1,0.7,0.9,2.8,2,0.992,1,0.004,0
178,0.1,0.7,0.9,3.2,2,0.996,1,0.006,0
179,0.1,0.7,0.9,3.6,2,0.998,1,0.006,0
180,0.1,0.7,1,2.8,0.5,0.996,0.998,0.008,0
181,0.1,0.7,1,3.2,0.5,0.994,1,0.01,0
182,0.1,0.7,1,3.6,0.5,0.996,1,0.002,0
183,0.1,0.7,1,2.8,1,0.996,1,0,0
184,0.1,0.7,1,3.2,1,0.992,1,0.012,0
185,0.1,0.7,1,3.6,1,0.998,1,0.006,0
186,0.1,0.7,1,2.8,1.5,0.994,1,0.006,0
187,0.1,0.7,1,3.2,1.5,0.998,1,0,0
188,0.1,0.7,1,3.6,1.5,1,1,0.01,0
189,0.1,0.7,1,2.8,2,0.996,1,0.008,0
190,0.1,0.7,1,3.2,2,0.996,1,0.008,0
191,0.1,0.7,1,3.6,2,0.998,1,0.004,0
192,0.1,0.9,0.5,2.8,0.5,0.992,1,0.01,0.002
193,0.1,0.9,0.5,3.2,0.5,0.992,1,0.004,0
194,0.1,0.9,0.5,3.6,0.5,0.994,1,0.008,0
195,0.1,0.9,0.5,2.8,1,0.996,1,0.002,0
196,0.1,0.9,0.5,3.2,1,0.992,1,0.008,0
197,0.1,0.9,0.5,3.6,1,0.996,1,0.006,0
198,0.1,0.9,0.5,2.8,1.5,0.996,1,0.008,0
199,0.1,0.9,0.5,3.2,1.5,0.996,1,0.01,0
200,0.1,0.9,0.5,3.6,1.5,0.992,1,0.008,0
201,0.1,0.9,0.5,2.8,2,0.994,1,0.006,0
202,0.1,0.9,0.5,3.2,2,0.998,1,0.008,0
203,0.1,0.9,0.5,3.6,2,0.996,1,0.004,0
204,0.1,0.9,0.7,2.8,0.5,0.992,1,0.006,0
205,0.1,0.9,0.7,3.2,0.5,0.996,1,0.012,0
206,0.1,0.9,0.7,3.6,0.5,0.992,1,0.002,0
207,0.1,0.9,0.7,2.8,1,0.996,1,0.008,0
208,0.1,0.9,0.7,3.2,1,0.994,1,0.004,0
209,0.1,0.9,0.7,3.6,1,0.996,1,0.004,0
210,0.1,0.9,0.7,2.8,1.5,0.996,1,0.002,0
211,0.1,0.9,0.7,3.2,1.5,0.998,1,0.006,0
212,0.1,0.9,0.7,3.6,1.5,0.994,1,0.002,0
213,0.1,0.9,0.7,2.8,2,0.992,1,0.004,0
214,0.1,0.9,0.7,3.2,2,0.998,1,0.008,0
215,0.1,0.9,0.7,3.6,2,0.996,1,0.006,0
216,0.1,0.9,0.9,2.8,0.5,0.994,1,0.008,0
217,0.1,0.9,0.9,3.2,0.5,0.996,1,0.006,0
218,0.1,0.9,0.9,3.6,0.5,0.994,1,0.008,0
219,0.1,0.9,0.9,2.8,1,0.992,1,0.008,0
220,0.1,0.9,0.9,3.2,1,1,1,0,0
221,0.1,0.9,0.9,3.6,1,0.988,1,0.01,0
222,0.1,0.9,0.9,2.8,1.5,0.996,1,0.004,0
223,0.1,0.9,0.9,3.2,1.5,0.996,1,0.01,0
224,0.1,0.9,0.9,3.6,1.5,0.998,1,0.004,0
225,0.1,0.9,0.9,2.8,2,0.994,1,0.01,0
226,0.1,0.9,0.9,3.2,2,0.994,1,0.006,0
227,0.1,0.9,0.9,3.6,2,0.992,1,0.01,0
228,0.1,0.9,1,2.8,0.5,0.996,1,0,0
229,0.1,0.9,1,3.2,0.5,0.996,1,0.004,0
230,0.1,0.9,1,3.6,0.5,0.994,1,0.004,0
231,0.1,0.9,1,2.8,1,0.992,1,0.004,0
232,0.1,0.9,1,3.2,1,0.994,1,0.01,0
233,0.1,0.9,1,3.6,1,0.986,1,0,0
234,0.1,0.9,1,2.8,1.5,0.996,1,0.006,0
235,0.1,0.9,1,3.2,1.5,1,1,0.014,0
236,0.1,0.9,1,3.6,1.5,0.996,1,0.004,0
237,0.1,0.9,1,2.8,2,0.998,1,0.006,0
238,0.1,0.9,1,3.2,2,0.994,1,0.006,0
239,0.1,0.9,1,3.6,2,0.998,1,0.008,0
240,0.25,0.1,0.5,2.8,0.5,0.88,0.938,0.126,0.042
241,0.25,0.1,0.5,3.2,0.5,0.848,0.968,0.114,0.034
242,0.25,0.1,0.5,3.6,0.5,0.884,0.976,0.104,0.032
243,0.25,0.1,0.5,2.8,1,0.856,0.972,0.132,0.014
244,0.25,0.1,0.5,3.2,1,0.832,0.994,0.098,0.01
245,0.25,0.1,0.5,3.6,1,0.87,0.998,0.156,0.004
246,0.25,0.1,0.5,2.8,1.5,0.882,0.996,0.148,0.008
247,0.25,0.1,0.5,3.2,1.5,0.864,1,0.134,0.002
248,0.25,0.1,0.5,3.6,1.5,0.88,0.994,0.132,0
249,0.25,0.1,0.5,2.8,2,0.856,0.998,0.13,0
250,0.25,0.1,0.5,3.2,2,0.894,1,0.168,0
251,0.25,0.1,0.5,3.6,2,0.862,1,0.128,0.002
252,0.25,0.1,0.7,2.8,0.5,0.886,0.964,0.13,0.06
253,0.25,0.1,0.7,3.2,0.5,0.884,0.962,0.152,0.032
254,0.25,0.1,0.7,3.6,0.5,0.892,0.976,0.124,0.026
255,0.25,0.1,0.7,2.8,1,0.898,0.986,0.128,0.02
256,0.25,0.1,0.7,3.2,1,0.852,0.988,0.14,0.006
257,0.25,0.1,0.7,3.6,1,0.876,0.996,0.128,0
258,0.25,0.1,0.7,2.8,1.5,0.866,0.992,0.144,0.004
259,0.25,0.1,0.7,3.2,1.5,0.838,1,0.148,0.004
260,0.25,0.1,0.7,3.6,1.5,0.862,1,0.142,0
261,0.25,0.1,0.7,2.8,2,0.886,0.996,0.134,0
262,0.25,0.1,0.7,3.2,2,0.86,0.998,0.132,0
263,0.25,0.1,0.7,3.6,2,0.882,1,0.136,0
264,0.25,0.1,0.9,2.8,0.5,0.882,0.956,0.13,0.056
265,0.25,0.1,0.9,3.2,0.5,0.882,0.962,0.156,0.04
266,0.25,0.1,0.9,3.6,0.5,0.872,0.978,0.12,0.02
267,0.25,0.1,0.9,2.8,1,0.862,0.986,0.13,0.014
268,0.25,0.1,0.9,3.2,1,0.878,0.992,0.112,0.018
269,0.25,0.1,0.9,3.6,1,0.868,0.996,0.124,0.004
270,0.25,0.1,0.9,2.8,1.5,0.858,0.998,0.112,0.006
271,0.25,0.1,0.9,3.2,1.5,0.87,0.998,0.14,0.002
272,0.25,0.1,0.9,3.6,1.5,0.86,0.998,0.116,0.004
273,0.25,0.1,0.9,2.8,2,0.876,0.998,0.096,0
274,0.25,0.1,0.9,3.2,2,0.86,1,0.132,0
275,0.25,0.1,0.9,3.6,2,0.864,1,0.142,0
276,0.25,0.1,1,2.8,0.5,0.864,0.954,0.108,0.042
277,0.25,0.1,1,3.2,0.5,0.854,0.944,0.134,0.022
278,0.25,0.1,1,3.6,0.5,0.884,0.986,0.14,0.028
279,0.25,0.1,1,2.8,1,0.87,0.982,0.144,0.006
280,0.25,0.1,1,3.2,1,0.872,0.996,0.132,0.008
281,0.25,0.1,1,3.6,1,0.848,0.994,0.136,0.002
282,0.25,0.1,1,2.8,1.5,0.882,0.994,0.142,0.004
283,0.25,0.1,1,3.2,1.5,0.9,1,0.146,0
284,0.25,0.1,1,3.6,1.5,0.864,1,0.096,0.002
285,0.25,0.1,1,2.8,2,0.876,1,0.118,0
286,0.25,0.1,1,3.2,2,0.852,0.998,0.124,0
287,0.25,0.1,1,3.6,2,0.892,1,0.138,0
288,0.25,0.3,0.5,2.8,0.5,0.852,0.948,0.142,0.046
289,0.25,0.3,0.5,3.2,0.5,0.884,0.952,0.128,0.034
290,0.25,0.3,0.5,3.6,0.5,0.856,0.97,0.124,0.024
291,0.25,0.3,0.5,2.8,1,0.866,0.992,0.142,0.012
292,0.25,0.3,0.5,3.2,1,0.89,0.988,0.124,0.002
293,0.25,0.3,0.5,3.6,1,0.864,0.994,0.14,0
294,0.25,0.3,0.5,2.8,1.5,0.852,0.998,0.118,0.004
295,0.25,0.3,0.5,3.2,1.5,0.864,0.998,0.136,0.004
296,0.25,0.3,0.5,3.6,1.5,0.86,1,0.128,0.002
297,0.25,0.3,0.5,2.8,2,0.892,0.998,0.16,0
298,0.25,0.3,0.5,3.2,2,0.864,1,0.124,0
299,0.25,0.3,0.5,3.6,2,0.878,1,0.132,0
300,0.25,0.3,0.7,2.8,0.5,0.868,0.956,0.142,0.058
301,0.25,0.3,0.7,3.2,0.5,0.876,0.962,0.116,0.032
302,0.25,0.3,0.7,3.6,0.5,0.914,0.992,0.138,0.038
303,0.25,0.3,0.7,2.8,1,0.852,0.98,0.152,0.014
304,0.25,0.3,0.7,3.2,1,0.872,0.994,0.128,0.008
305,0.25,0.3,0.7,3.6,1,0.862,0.996,0.14,0.008
306,0.25,0.3,0.7,2.8,1.5,0.856,0.996,0.122,0.008
307,0.25,0.3,0.7,3.2,1.5,0.868,0.996,0.106,0
308,0.25,0.3,0.7,3.6,1.5,0.838,0.996,0.128,0
309,0.25,0.3,0.7,2.8,2,0.878,1,0.124,0.002
310,0.25,0.3,0.7,3.2,2,0.89,1,0.128,0
311,0.25,0.3,0.7,3.6,2,0.856,1,0.15,0
312,0.25,0.3,0.9,2.8,0.5,0.872,0.948,0.112,0.048
313,0.25,0.3,0.9,3.2,0.5,0.884,0.96,0.156,0.03
314,0.25,0.3,0.9,3.6,0.5,0.832,0.98,0.144,0.03
315,0.25,0.3,0.9,2.8,1,0.862,0.978,0.118,0.016
316,0.25,0.3,0.9,3.2,1,0.858,1,0.13,0.004
317,0.25,0.3,0.9,3.6,1,0.87,0.998,0.144,0.01
318,0.25,0.3,0.9,2.8,1.5,0.848,0.998,0.132,0.004
319,0.25,0.3,0.9,3.2,1.5,0.89,0.994,0.13,0
320,0.25,0.3,0.9,3.6,1.5,0.876,1,0.144,0
321,0.25,0.3,0.9,2.8,2,0.858,0.998,0.128,0
322,0.25,0.3,0.9,3.2,2,0.884,1,0.134,0
323,0.25,0.3,0.9,3.6,2,0.898,1,0.12,0
324,0.25,0.3,1,2.8,0.5,0.868,0.96,0.132,0.042
325,0.25,0.3,1,3.2,0.5,0.872,0.958,0.158,0.03
326,0.25,0.3,1,3.6,0.5,0.872,0.972,0.134,0.036
327,0.25,0.3,1,2.8,1,0.876,0.98,0.144,0.012
328,0.25,0.3,1,3.2,1,0.862,0.988,0.114,0.01
329,0.25,0.3,1,3.6,1,0.872,0.99,0.13,0.008
330,0.25,0.3,1,2.8,1.5,0.862,0.998,0.136,0.004
331,0.25,0.3,1,3.2,1.5,0.886,1,0.112,0
332,0.25,0.3,1,3.6,1.5,0.888,0.998,0.146,0.002
333,0.25,0.3,1,2.8,2,0.898,1,0.128,0.002
334,0.25,0.3,1,3.2,2,0.87,0.998,0.11,0.002
335,0.25,0.3,1,3.6,2,0.852,1,0.132,0
336,0.25,0.5,0.5,2.8,0.5,0.878,0.952,0.142,0.06
337,0.25,0.5,0.5,3.2,0.5,0.872,0.964,0.132,0.038
338,0.25,0.5,0.5,3.6,0.5,0.886,0.99,0.142,0.03
339,0.25,0.5,0.5,2.8,1,0.862,0.992,0.124,0.018
340,0.25,0.5,0.5,3.2,1,0.884,0.988,0.106,0.008
341,0.25,0.5,0.5,3.6,1,0.862,0.998,0.144,0.004
342,0.25,0.5,0.5,2.8,1.5,0.872,0.996,0.132,0.008
343,0.25,0.5,0.5,3.2,1.5,0.87,0.996,0.13,0.002
344,0.25,0.5,0.5,3.6,1.5,0.9,1,0.134,0
345,0.25,0.5,0.5,2.8,2,0.838,1,0.11,0
346,0.25,0.5,0.5,3.2,2,0.824,1,0.122,0
347,0.25,0.5,0.5,3.6,2,0.89,1,0.126,0
348,0.25,0.5,0.7,2.8,0.5,0.852,0.958,0.142,0.042
349,0.25,0.5,0.7,3.2,0.5,0.836,0.97,0.114,0.034
350,0.25,0.5,0.7,3.6,0.5,0.848,0.966,0.142,0.034
351,0.25,0.5,0.7,2.8,1,0.86,0.984,0.146,0.016
352,0.25,0.5,0.7,3.2,1,0.858,0.996,0.144,0.006
353,0.25,0.5,0.7,3.6,1,0.884,0.988,0.138,0.006
354,0.25,0.5,0.7,2.8,1.5,0.868,0.99,0.102,0.008
355,0.25,0.5,0.7,3.2,1.5,0.874,0.996,0.112,0.004
356,0.25,0.5,0.7,3.6,1.5,0.846,0.998,0.128,0
357,0.25,0.5,0.7,2.8,2,0.872,1,0.132,0.002
358,0.25,0.5,0.7,3.2,2,0.868,1,0.14,0
359,0.25,0.5,0.7,3.6,2,0.878,1,0.126,0
360,0.25,0.5,0.9,2.8,0.5,0.88,0.962,0.126,0.058
361,0.25,0.5,0.9,3.2,0.5,0.876,0.956,0.12,0.032
362,0.25,0.5,0.9,3.6,0.5,0.88,0.958,0.144,0.02
363,0.25,0.5,0.9,2.8,1,0.88,0.98,0.09,0.01
364,0.25,0.5,0.9,3.2,1,0.876,0.998,0.116,0.008
365,0.25,0.5,0.9,3.6,1,0.862,0.992,0.126,0.002
366,0.25,0.5,0.9,2.8,1.5,0.876,0.994,0.104,0.004
367,0.25,0.5,0.9,3.2,1.5,0.85,1,0.114,0.002
368,0.25,0.5,0.9,3.6,1.5,0.896,1,0.144,0
369,0.25,0.5,0.9,2.8,2,0.88,0.996,0.128,0.004
370,0.25,0.5,0.9,3.2,2,0.854,1,0.118,0
371,0.25,0.5,0.9,3.6,2,0.874,1,0.126,0
372,0.25,0.5,1,2.8,0.5,0.86,0.958,0.148,0.04
373,0.25,0.5,1,3.2,0.5,0.888,0.954,0.108,0.046
374,0.25,0.5,1,3.6,0.5,0.89,0.976,0.122,0.034
375,0.25,0.5,1,2.8,1,0.844,0.982,0.15,0.022
376,0.25,0.5,1,3.2,1,0.868,0.996,0.13,0.008
377,0.25,0.5,1,3.6,1,0.878,0.99,0.12,0.008
378,0.25,0.5,1,2.8,1.5,0.87,0.996,0.12,0.004
379,0.25,0.5,1,3.2,1.5,0.856,1,0.126,0.006
380,0.25,0.5,1,3.6,1.5,0.87,1,0.156,0
381,0.25,0.5,1,2.8,2,0.874,0.998,0.116,0
382,0.25,0.5,1,3.2,2,0.884,1,0.144,0
383,0.25,0.5,1,3.6,2,0.866,1,0.142,0
384,0.25,0.7,0.5,2.8,0.5,0.856,0.946,0.14,0.056
385,0.25,0.7,0.5,3.2,0.5,0.872,0.958,0.14,0.048
386,0.25,0.7,0.5,3.6,0.5,0.874,0.972,0.136,0.036
387,0.25,0.7,0.5,2.8,1,0.882,0.994,0.132,0.03
388,0.25,0.7,0.5,3.2,1,0.836,0.988,0.126,0.002
389,0.25,0.7,0.5,3.6,1,0.87,1,0.11,0
390,0.25,0.7,0.5,2.8,1.5,0.872,0.998,0.132,0.002
391,0.25,0.7,0.5,3.2,1.5,0.866,0.996,0.124,0.002
392,0.25,0.7,0.5,3.6,1.5,0.862,1,0.11,0
393,0.25,0.7,0.5,2.8,2,0.87,0.998,0.118,0
394,0.25,0.7,0.5,3.2,2,0.866,0.998,0.12,0
395,0.25,0.7,0.5,3.6,2,0.864,1,0.122,0
396,0.25,0.7,0.7,2.8,0.5,0.868,0.954,0.138,0.066
397,0.25,0.7,0.7,3.2,0.5,0.856,0.96,0.142,0.042
398,0.25,0.7,0.7,3.6,0.5,0.866,0.97,0.154,0.026
399,0.25,0.7,0.7,2.8,1,0.874,0.98,0.128,0.016
400,0.25,0.7,0.7,3.2,1,0.882,0.998,0.128,0.006
401,0.25,0.7,0.7,3.6,1,0.878,0.998,0.136,0.004
402,0.25,0.7,0.7,2.8,1.5,0.866,0.994,0.12,0.008
403,0.25,0.7,0.7,3.2,1.5,0.864,0.998,0.13,0
404,0.25,0.7,0.7,3.6,1.5,0.864,1,0.128,0.002
405,0.25,0.7,0.7,2.8,2,0.858,1,0.136,0.002
406,0.25,0.7,0.7,3.2,2,0.87,0.998,0.126,0.002
407,0.25,0.7,0.7,3.6,2,0.834,1,0.158,0
408,0.25,0.7,0.9,2.8,0.5,0.858,0.962,0.088,0.05
409,0.25,0.7,0.9,3.2,0.5,0.854,0.956,0.162,0.044
410,0.25,0.7,0.9,3.6,0.5,0.892,0.97,0.124,0.022
411,0.25,0.7,0.9,2.8,1,0.864,0.988,0.132,0.026
412,0.25,0.7,0.9,3.2,1,0.876,0.984,0.138,0.014
413,0.25,0.7,0.9,3.6,1,0.858,0.994,0.13,0.006
414,0.25,0.7,0.9,2.8,1.5,0.874,0.996,0.128,0.008
415,0.25,0.7,0.9,3.2,1.5,0.88,0.996,0.132,0
416,0.25,0.7,0.9,3.6,1.5,0.902,1,0.148,0
417,0.25,0.7,0.9,2.8,2,0.86,0.998,0.154,0.002
418,0.25,0.7,0.9,3.2,2,0.864,0.998,0.134,0
419,0.25,0.7,0.9,3.6,2,0.878,1,0.158,0
420,0.25,0.7,1,2.8,0.5,0.89,0.948,0.134,0.044
421,0.25,0.7,1,3.2,0.5,0.864,0.962,0.132,0.05
422,0.25,0.7,1,3.6,0.5,0.878,0.966,0.14,0.036
423,0.25,0.7,1,2.8,1,0.876,0.984,0.118,0.022
424,0.25,0.7,1,3.2,1,0.848,0.994,0.122,0.018
425,0.25,0.7,1,3.6,1,0.884,0.998,0.12,0.006
426,0.25,0.7,1,2.8,1.5,0.898,0.994,0.146,0.002
427,0.25,0.7,1,3.2,1.5,0.86,1,0.132,0.002
428,0.25,0.7,1,3.6,1.5,0.868,1,0.136,0.002
429,0.25,0.7,1,2.8,2,0.86,1,0.152,0.002
430,0.25,0.7,1,3.2,2,0.866,1,0.126,0.002
431,0.25,0.7,1,3.6,2,0.868,1,0.12,0
432,0.25,0.9,0.5,2.8,0.5,0.892,0.95,0.096,0.046
433,0.25,0.9,0.5,3.2,0.5,0.866,0.952,0.142,0.034
434,0.25,0.9,0.5,3.6,0.5,0.854,0.956,0.13,0.03
435,0.25,0.9,0.5,2.8,1,0.868,0.982,0.128,0.016
436,0.25,0.9,0.5,3.2,1,0.882,0.996,0.11,0.004
437,0.25,0.9,0.5,3.6,1,0.846,0.99,0.138,0.004
438,0.25,0.9,0.5,2.8,1.5,0.864,0.994,0.104,0.004
439,0.25,0.9,0.5,3.2,1.5,0.872,0.996,0.118,0.004
440,0.25,0.9,0.5,3.6,1.5,0.888,0.998,0.124,0
441,0.25,0.9,0.5,2.8,2,0.87,1,0.128,0
442,0.25,0.9,0.5,3.2,2,0.89,1,0.146,0
443,0.25,0.9,0.5,3.6,2,0.876,1,0.134,0
444,0.25,0.9,0.7,2.8,0.5,0.894,0.956,0.122,0.052
445,0.25,0.9,0.7,3.2,0.5,0.86,0.968,0.108,0.044
446,0.25,0.9,0.7,3.6,0.5,0.848,0.972,0.134,0.022
447,0.25,0.9,0.7,2.8,1,0.866,0.992,0.132,0.012
448,0.25,0.9,0.7,3.2,1,0.84,0.996,0.148,0.006
449,0.25,0.9,0.7,3.6,1,0.876,0.986,0.138,0.004
450,0.25,0.9,0.7,2.8,1.5,0.866,0.996,0.13,0.004
451,0.25,0.9,0.7,3.2,1.5,0.872,1,0.166,0.004
452,0.25,0.9,0.7,3.6,1.5,0.85,1,0.144,0
453,0.25,0.9,0.7,2.8,2,0.866,0.998,0.138,0.002
454,0.25,0.9,0.7,3.2,2,0.868,1,0.122,0
455,0.25,0.9,0.7,3.6,2,0.914,1,0.128,0
456,0.25,0.9,0.9,2.8,0.5,0.874,0.956,0.126,0.044
457,0.25,0.9,0.9,3.2,0.5,0.88,0.972,0.144,0.032
458,0.25,0.9,0.9,3.6,0.5,0.858,0.976,0.166,0.032
459,0.25,0.9,0.9,2.8,1,0.884,0.984,0.138,0.022
460,0.25,0.9,0.9,3.2,1,0.862,0.992,0.116,0.01
461,0.25,0.9,0.9,3.6,1,0.886,0.998,0.14,0
462,0.25,0.9,0.9,2.8,1.5,0.852,0.996,0.158,0.004
463,0.25,0.9,0.9,3.2,1.5,0.866,0.998,0.12,0
464,0.25,0.9,0.9,3.6,1.5,0.838,1,0.132,0
465,0.25,0.9,0.9,2.8,2,0.856,0.998,0.108,0
466,0.25,0.9,0.9,3.2,2,0.866,1,0.136,0
467,0.25,0.9,0.9,3.6,2,0.87,1,0.116,0
468,0.25,0.9,1,2.8,0.5,0.888,0.954,0.16,0.048
469,0.25,0.9,1,3.2,0.5,0.872,0.96,0.124,0.032
470,0.25,0.9,1,3.6,0.5,0.854,0.976,0.13,0.02
471,0.25,0.9,1,2.8,1,0.878,0.982,0.138,0.018
472,0.25,0.9,1,3.2,1,0.866,0.996,0.114,0.006
473,0.25,0.9,1,3.6,1,0.888,0.996,0.15,0
474,0.25,0.9,1,2.8,1.5,0.854,0.998,0.132,0.006
475,0.25,0.9,1,3.2,1.5,0.878,0.996,0.102,0.004
476,0.25,0.9,1,3.6,1.5,0.898,1,0.144,0
477,0.25,0.9,1,2.8,2,0.856,0.998,0.116,0.002
478,0.25,0.9,1,3.2,2,0.856,1,0.128,0
479,0.25,0.9,1,3.6,2,0.866,1,0.122,0
480,0.5,0.1,0.5,2.8,0.5,0.708,0.794,0.294,0.204
481,0.5,0.1,0.5,3.2,0.5,0.732,0.828,0.288,0.186
482,0.5,0.1,0.5,3.6,0.5,0.7,0.864,0.256,0.158
483,0.5,0.1,0.5,2.8,1,0.722,0.89,0.272,0.134
484,0.5,0.1,0.5,3.2,1,0.734,0.912,0.272,0.102
485,0.5,0.1,0.5,3.6,1,0.728,0.92,0.276,0.082
486,0.5,0.1,0.5,2.8,1.5,0.71,0.926,0.26,0.086
487,0.5,0.1,0.5,3.2,1.5,0.774,0.942,0.26,0.05
488,0.5,0.1,0.5,3.6,1.5,0.716,0.958,0.278,0.026
489,0.5,0.1,0.5,2.8,2,0.744,0.936,0.274,0.068
490,0.5,0.1,0.5,3.2,2,0.71,0.958,0.27,0.028
491,0.5,0.1,0.5,3.6,2,0.716,0.994,0.302,0.018
492,0.5,0.1,0.7,2.8,0.5,0.694,0.784,0.264,0.19
493,0.5,0.1,0.7,3.2,0.5,0.73,0.856,0.302,0.142
494,0.5,0.1,0.7,3.6,0.5,0.716,0.844,0.258,0.114
495,0.5,0.1,0.7,2.8,1,0.72,0.884,0.284,0.136
496,0.5,0.1,0.7,3.2,1,0.734,0.892,0.278,0.096
497,0.5,0.1,0.7,3.6,1,0.732,0.91,0.252,0.072
498,0.5,0.1,0.7,2.8,1.5,0.73,0.924,0.304,0.078
499,0.5,0.1,0.7,3.2,1.5,0.72,0.968,0.306,0.04
500,0.5,0.1,0.7,3.6,1.5,0.724,0.968,0.27,0.048
501,0.5,0.1,0.7,2.8,2,0.712,0.96,0.3,0.058
502,0.5,0.1,0.7,3.2,2,0.734,0.974,0.256,0.034
503,0.5,0.1,0.7,3.6,2,0.716,0.988,0.302,0.018
504,0.5,0.1,0.9,2.8,0.5,0.752,0.804,0.286,0.198
505,0.5,0.1,0.9,3.2,0.5,0.696,0.842,0.298,0.19
506,0.5,0.1,0.9,3.6,0.5,0.748,0.84,0.316,0.158
507,0.5,0.1,0.9,2.8,1,0.708,0.884,0.272,0.098
508,0.5,0.1,0.9,3.2,1,0.724,0.886,0.288,0.114
509,0.5,0.1,0.9,3.6,1,0.684,0.92,0.268,0.082
510,0.5,0.1,0.9,2.8,1.5,0.704,0.902,0.284,0.06
511,0.5,0.1,0.9,3.2,1.5,0.726,0.94,0.264,0.064
512,0.5,0.1,0.9,3.6,1.5,0.714,0.938,0.284,0.054
513,0.5,0.1,0.9,2.8,2,0.732,0.948,0.308,0.034
514,0.5,0.1,0.9,3.2,2,0.726,0.968,0.284,0.012
515,0.5,0.1,0.9,3.6,2,0.704,0.982,0.254,0.01
516,0.5,0.1,1,2.8,0.5,0.708,0.806,0.324,0.188
517,0.5,0.1,1,3.2,0.5,0.722,0.842,0.23,0.19
518,0.5,0.1,1,3.6,0.5,0.69,0.858,0.314,0.152
519,0.5,0.1,1,2.8,1,0.732,0.894,0.284,0.13
520,0.5,0.1,1,3.2,1,0.726,0.88,0.286,0.116
521,0.5,0.1,1,3.6,1,0.74,0.928,0.248,0.082
522,0.5,0.1,1,2.8,1.5,0.716,0.912,0.288,0.062
523,0.5,0.1,1,3.2,1.5,0.718,0.948,0.324,0.058
524,0.5,0.1,1,3.6,1.5,0.688,0.95,0.308,0.036
525,0.5,0.1,1,2.8,2,0.726,0.94,0.268,0.054
526,0.5,0.1,1,3.2,2,0.68,0.974,0.298,0.042
527,0.5,0.1,1,3.6,2,0.692,0.99,0.274,0.022
528,0.5,0.3,0.5,2.8,0.5,0.716,0.806,0.296,0.164
529,0.5,0.3,0.5,3.2,0.5,0.726,0.828,0.288,0.178
530,0.5,0.3,0.5,3.6,0.5,0.702,0.866,0.302,0.146
531,0.5,0.3,0.5,2.8,1,0.718,0.874,0.29,0.104
532,0.5,0.3,0.5,3.2,1,0.754,0.908,0.33,0.094
533,0.5,0.3,0.5,3.6,1,0.744,0.928,0.294,0.074
534,0.5,0.3,0.5,2.8,1.5,0.674,0.924,0.272,0.08
535,0.5,0.3,0.5,3.2,1.5,0.76,0.938,0.25,0.052
536,0.5,0.3,0.5,3.6,1.5,0.694,0.976,0.272,0.022
537,0.5,0.3,0.5,2.8,2,0.72,0.972,0.254,0.06
538,0.5,0.3,0.5,3.2,2,0.714,0.98,0.306,0.032
539,0.5,0.3,0.5,3.6,2,0.724,0.982,0.288,0.014
540,0.5,0.3,0.7,2.8,0.5,0.704,0.84,0.27,0.194
541,0.5,0.3,0.7,3.2,0.5,0.692,0.844,0.282,0.164
542,0.5,0.3,0.7,3.6,0.5,0.726,0.844,0.282,0.146
543,0.5,0.3,0.7,2.8,1,0.74,0.874,0.244,0.128
544,0.5,0.3,0.7,3.2,1,0.694,0.884,0.276,0.094
545,0.5,0.3,0.7,3.6,1,0.712,0.92,0.26,0.07
546,0.5,0.3,0.7,2.8,1.5,0.75,0.932,0.306,0.072
547,0.5,0.3,0.7,3.2,1.5,0.708,0.948,0.258,0.042
548,0.5,0.3,0.7,3.6,1.5,0.738,0.972,0.236,0.042
549,0.5,0.3,0.7,2.8,2,0.736,0.948,0.278,0.046
550,0.5,0.3,0.7,3.2,2,0.748,0.976,0.28,0.02
551,0.5,0.3,0.7,3.6,2,0.71,0.99,0.29,0.014
552,0.5,0.3,0.9,2.8,0.5,0.724,0.818,0.288,0.186
553,0.5,0.3,0.9,3.2,0.5,0.738,0.818,0.284,0.182
554,0.5,0.3,0.9,3.6,0.5,0.72,0.854,0.322,0.182
555,0.5,0.3,0.9,2.8,1,0.702,0.868,0.3,0.122
556,0.5,0.3,0.9,3.2,1,0.696,0.89,0.28,0.09
557,0.5,0.3,0.9,3.6,1,0.71,0.93,0.244,0.086
558,0.5,0.3,0.9,2.8,1.5,0.692,0.942,0.274,0.056
559,0.5,0.3,0.9,3.2,1.5,0.73,0.95,0.298,0.054
560,0.5,0.3,0.9,3.6,1.5,0.678,0.954,0.27,0.036
561,0.5,0.3,0.9,2.8,2,0.692,0.95,0.256,0.042
562,0.5,0.3,0.9,3.2,2,0.728,0.978,0.26,0.032
563,0.5,0.3,0.9,3.6,2,0.728,0.99,0.308,0.012
564,0.5,0.3,1,2.8,0.5,0.724,0.826,0.268,0.194
565,0.5,0.3,1,3.2,0.5,0.704,0.816,0.25,0.188
566,0.5,0.3,1,3.6,0.5,0.704,0.852,0.274,0.15
567,0.5,0.3,1,2.8,1,0.698,0.864,0.312,0.116
568,0.5,0.3,1,3.2,1,0.708,0.908,0.322,0.11
569,0.5,0.3,1,3.6,1,0.74,0.92,0.274,0.068
570,0.5,0.3,1,2.8,1.5,0.702,0.92,0.3,0.064
571,0.5,0.3,1,3.2,1.5,0.712,0.95,0.304,0.036
572,0.5,0.3,1,3.6,1.5,0.7,0.962,0.328,0.032
573,0.5,0.3,1,2.8,2,0.702,0.934,0.266,0.054
574,0.5,0.3,1,3.2,2,0.742,0.982,0.3,0.04
575,0.5,0.3,1,3.6,2,0.73,0.98,0.312,0.008
576,0.5,0.5,0.5,2.8,0.5,0.704,0.826,0.306,0.186
577,0.5,0.5,0.5,3.2,0.5,0.724,0.818,0.29,0.164
578,0.5,0.5,0.5,3.6,0.5,0.728,0.836,0.298,0.15
579,0.5,0.5,0.5,2.8,1,0.704,0.878,0.304,0.134
580,0.5,0.5,0.5,3.2,1,0.724,0.912,0.3,0.104
581,0.5,0.5,0.5,3.6,1,0.718,0.924,0.296,0.07
582,0.5,0.5,0.5,2.8,1.5,0.692,0.922,0.286,0.092
583,0.5,0.5,0.5,3.2,1.5,0.724,0.954,0.284,0.062
584,0.5,0.5,0.5,3.6,1.5,0.702,0.974,0.276,0.034
585,0.5,0.5,0.5,2.8,2,0.712,0.958,0.248,0.052
586,0.5,0.5,0.5,3.2,2,0.746,0.982,0.304,0.03
587,0.5,0.5,0.5,3.6,2,0.732,0.982,0.276,0.02
588,0.5,0.5,0.7,2.8,0.5,0.724,0.792,0.28,0.17
589,0.5,0.5,0.7,3.2,0.5,0.72,0.802,0.264,0.196
590,0.5,0.5,0.7,3.6,0.5,0.734,0.864,0.26,0.162
591,0.5,0.5,0.7,2.8,1,0.7,0.882,0.26,0.122
592,0.5,0.5,0.7,3.2,1,0.714,0.898,0.27,0.134
593,0.5,0.5,0.7,3.6,1,0.692,0.934,0.288,0.056
594,0.5,0.5,0.7,2.8,1.5,0.708,0.912,0.294,0.074
595,0.5,0.5,0.7,3.2,1.5,0.728,0.942,0.312,0.062
596,0.5,0.5,0.7,3.6,1.5,0.708,0.972,0.248,0.044
597,0.5,0.5,0.7,2.8,2,0.68,0.96,0.312,0.046
598,0.5,0.5,0.7,3.2,2,0.686,0.966,0.292,0.028
599,0.5,0.5,0.7,3.6,2,0.682,0.98,0.328,0.016
600,0.5,0.5,0.9,2.8,0.5,0.696,0.784,0.286,0.192
601,0.5,0.5,0.9,3.2,0.5,0.694,0.834,0.296,0.174
602,0.5,0.5,0.9,3.6,0.5,0.726,0.864,0.298,0.134
603,0.5,0.5,0.9,2.8,1,0.71,0.878,0.294,0.13
604,0.5,0.5,0.9,3.2,1,0.72,0.886,0.296,0.098
605,0.5,0.5,0.9,3.6,1,0.702,0.94,0.282,0.066
606,0.5,0.5,0.9,2.8,1.5,0.72,0.896,0.272,0.098
607,0.5,0.5,0.9,3.2,1.5,0.736,0.944,0.272,0.068
608,0.5,0.5,0.9,3.6,1.5,0.69,0.968,0.264,0.03
609,0.5,0.5,0.9,2.8,2,0.694,0.954,0.308,0.054
610,0.5,0.5,0.9,3.2,2,0.704,0.968,0.262,0.04
611,0.5,0.5,0.9,3.6,2,0.722,0.978,0.268,0.01
612,0.5,0.5,1,2.8,0.5,0.712,0.776,0.268,0.188
613,0.5,0.5,1,3.2,0.5,0.708,0.828,0.302,0.164
614,0.5,0.5,1,3.6,0.5,0.716,0.826,0.278,0.166
615,0.5,0.5,1,2.8,1,0.726,0.864,0.256,0.134
616,0.5,0.5,1,3.2,1,0.716,0.91,0.282,0.116
617,0.5,0.5,1,3.6,1,0.72,0.942,0.284,0.068
618,0.5,0.5,1,2.8,1.5,0.71,0.912,0.278,0.092
619,0.5,0.5,1,3.2,1.5,0.672,0.954,0.282,0.048
620,0.5,0.5,1,3.6,1.5,0.674,0.95,0.298,0.034
621,0.5,0.5,1,2.8,2,0.71,0.96,0.266,0.056
622,0.5,0.5,1,3.2,2,0.678,0.978,0.318,0.026
623,0.5,0.5,1,3.6,2,0.7,0.976,0.272,0.018
624,0.5,0.7,0.5,2.8,0.5,0.706,0.808,0.272,0.198
625,0.5,0.7,0.5,3.2,0.5,0.75,0.774,0.29,0.21
626,0.5,0.7,0.5,3.6,0.5,0.694,0.85,0.306,0.168
627,0.5,0.7,0.5,2.8,1,0.654,0.864,0.322,0.16
628,0.5,0.7,0.5,3.2,1,0.73,0.902,0.298,0.116
629,0.5,0.7,0.5,3.6,1,0.728,0.944,0.31,0.068
630,0.5,0.7,0.5,2.8,1.5,0.732,0.924,0.314,0.066
631,0.5,0.7,0.5,3.2,1.5,0.714,0.942,0.286,0.048
632,0.5,0.7,0.5,3.6,1.5,0.726,0.972,0.278,0.048
633,0.5,0.7,0.5,2.8,2,0.75,0.944,0.288,0.038
634,0.5,0.7,0.5,3.2,2,0.74,0.962,0.268,0.03
635,0.5,0.7,0.5,3.6,2,0.708,0.99,0.27,0.01
636,0.5,0.7,0.7,2.8,0.5,0.676,0.808,0.254,0.174
637,0.5,0.7,0.7,3.2,0.5,0.712,0.824,0.286,0.19
638,0.5,0.7,0.7,3.6,0.5,0.732,0.856,0.246,0.154
639,0.5,0.7,0.7,2.8,1,0.736,0.886,0.256,0.12
640,0.5,0.7,0.7,3.2,1,0.74,0.906,0.292,0.116
641,0.5,0.7,0.7,3.6,1,0.73,0.926,0.278,0.07
642,0.5,0.7,0.7,2.8,1.5,0.708,0.924,0.256,0.094
643,0.5,0.7,0.7,3.2,1.5,0.716,0.944,0.264,0.058
644,0.5,0.7,0.7,3.6,1.5,0.706,0.968,0.27,0.034
645,0.5,0.7,0.7,2.8,2,0.696,0.94,0.308,0.048
646,0.5,0.7,0.7,3.2,2,0.736,0.968,0.282,0.024
647,0.5,0.7,0.7,3.6,2,0.738,0.978,0.254,0.008
648,0.5,0.7,0.9,2.8,0.5,0.74,0.8,0.308,0.168
649,0.5,0.7,0.9,3.2,0.5,0.732,0.852,0.272,0.21
650,0.5,0.7,0.9,3.6,0.5,0.664,0.83,0.3,0.138
651,0.5,0.7,0.9,2.8,1,0.722,0.886,0.292,0.146
652,0.5,0.7,0.9,3.2,1,0.722,0.91,0.296,0.088
653,0.5,0.7,0.9,3.6,1,0.7,0.934,0.284,0.088
654,0.5,0.7,0.9,2.8,1.5,0.666,0.914,0.254,0.078
655,0.5,0.7,0.9,3.2,1.5,0.73,0.954,0.264,0.058
656,0.5,0.7,0.9,3.6,1.5,0.732,0.978,0.274,0.038
657,0.5,0.7,0.9,2.8,2,0.746,0.954,0.29,0.044
658,0.5,0.7,0.9,3.2,2,0.72,0.972,0.22,0.024
659,0.5,0.7,0.9,3.6,2,0.74,0.988,0.284,0.016
660,0.5,0.7,1,2.8,0.5,0.74,0.79,0.282,0.224
661,0.5,0.7,1,3.2,0.5,0.726,0.816,0.25,0.168
662,0.5,0.7,1,3.6,0.5,0.728,0.878,0.286,0.118
663,0.5,0.7,1,2.8,1,0.7,0.886,0.316,0.132
664,0.5,0.7,1,3.2,1,0.702,0.878,0.266,0.1
665,0.5,0.7,1,3.6,1,0.74,0.92,0.266,0.094
666,0.5,0.7,1,2.8,1.5,0.742,0.94,0.306,0.076
667,0.5,0.7,1,3.2,1.5,0.68,0.932,0.284,0.056
668,0.5,0.7,1,3.6,1.5,0.702,0.946,0.288,0.032
669,0.5,0.7,1,2.8,2,0.672,0.97,0.28,0.03
670,0.5,0.7,1,3.2,2,0.692,0.98,0.266,0.02
671,0.5,0.7,1,3.6,2,0.69,0.992,0.308,0.016
672,0.5,0.9,0.5,2.8,0.5,0.732,0.842,0.28,0.232
673,0.5,0.9,0.5,3.2,0.5,0.73,0.838,0.304,0.182
674,0.5,0.9,0.5,3.6,0.5,0.704,0.846,0.318,0.162
675,0.5,0.9,0.5,2.8,1,0.706,0.866,0.254,0.108
676,0.5,0.9,0.5,3.2,1,0.742,0.886,0.316,0.096
677,0.5,0.9,0.5,3.6,1,0.736,0.916,0.248,0.078
678,0.5,0.9,0.5,2.8,1.5,0.724,0.92,0.276,0.072
679,0.5,0.9,0.5,3.2,1.5,0.692,0.934,0.264,0.062
680,0.5,0.9,0.5,3.6,1.5,0.7,0.966,0.258,0.032
681,0.5,0.9,0.5,2.8,2,0.692,0.944,0.258,0.042
682,0.5,0.9,0.5,3.2,2,0.722,0.962,0.282,0.028
683,0.5,0.9,0.5,3.6,2,0.706,0.982,0.276,0.008
684,0.5,0.9,0.7,2.8,0.5,0.746,0.84,0.258,0.194
685,0.5,0.9,0.7,3.2,0.5,0.724,0.828,0.288,0.178
686,0.5,0.9,0.7,3.6,0.5,0.732,0.844,0.242,0.17
687,0.5,0.9,0.7,2.8,1,0.702,0.868,0.278,0.136
688,0.5,0.9,0.7,3.2,1,0.7,0.912,0.268,0.108
689,0.5,0.9,0.7,3.6,1,0.714,0.932,0.276,0.08
690,0.5,0.9,0.7,2.8,1.5,0.69,0.926,0.276,0.088
691,0.5,0.9,0.7,3.2,1.5,0.702,0.96,0.276,0.04
692,0.5,0.9,0.7,3.6,1.5,0.682,0.958,0.282,0.038
693,0.5,0.9,0.7,2.8,2,0.696,0.962,0.298,0.056
694,0.5,0.9,0.7,3.2,2,0.706,0.976,0.304,0.018
695,0.5,0.9,0.7,3.6,2,0.718,0.986,0.258,0.018
696,0.5,0.9,0.9,2.8,0.5,0.704,0.79,0.322,0.194
697,0.5,0.9,0.9,3.2,0.5,0.732,0.84,0.31,0.18
698,0.5,0.9,0.9,3.6,0.5,0.736,0.846,0.274,0.14
699,0.5,0.9,0.9,2.8,1,0.72,0.888,0.266,0.156
700,0.5,0.9,0.9,3.2,1,0.728,0.902,0.32,0.094
701,0.5,0.9,0.9,3.6,1,0.684,0.88,0.274,0.078
702,0.5,0.9,0.9,2.8,1.5,0.716,0.902,0.296,0.09
703,0.5,0.9,0.9,3.2,1.5,0.734,0.936,0.284,0.042
704,0.5,0.9,0.9,3.6,1.5,0.724,0.968,0.286,0.034
705,0.5,0.9,0.9,2.8,2,0.69,0.934,0.292,0.056
706,0.5,0.9,0.9,3.2,2,0.706,0.966,0.264,0.024
707,0.5,0.9,0.9,3.6,2,0.73,0.992,0.288,0.01
708,0.5,0.9,1,2.8,0.5,0.744,0.8,0.262,0.208
709,0.5,0.9,1,3.2,0.5,0.704,0.822,0.26,0.204
710,0.5,0.9,1,3.6,0.5,0.724,0.846,0.294,0.144
711,0.5,0.9,1,2.8,1,0.738,0.87,0.286,0.13
712,0.5,0.9,1,3.2,1,0.708,0.9,0.272,0.104
713,0.5,0.9,1,3.6,1,0.724,0.932,0.306,0.078
714,0.5,0.9,1,2.8,1.5,0.7,0.924,0.308,0.066
715,0.5,0.9,1,3.2,1.5,0.738,0.946,0.264,0.048
716,0.5,0.9,1,3.6,1.5,0.728,0.962,0.27,0.04
717,0.5,0.9,1,2.8,2,0.744,0.964,0.238,0.052
718,0.5,0.9,1,3.2,2,0.724,0.978,0.306,0.022
719,0.5,0.9,1,3.6,2,0.74,0.982,0.284,0.016
720,0.75,0.1,0.5,2.8,0.5,0.648,0.742,0.306,0.278
721,0.75,0.1,0.5,3.2,0.5,0.618,0.712,0.32,0.312
722,0.75,0.1,0.5,3.6,0.5,0.664,0.774,0.362,0.284
723,0.75,0.1,0.5,2.8,1,0.664,0.766,0.344,0.24
724,0.75,0.1,0.5,3.2,1,0.648,0.804,0.326,0.166
725,0.75,0.1,0.5,3.6,1,0.672,0.806,0.346,0.172
726,0.75,0.1,0.5,2.8,1.5,0.66,0.842,0.358,0.168
727,0.75,0.1,0.5,3.2,1.5,0.636,0.866,0.316,0.12
728,0.75,0.1,0.5,3.6,1.5,0.666,0.886,0.35,0.11
729,0.75,0.1,0.5,2.8,2,0.656,0.86,0.414,0.13
730,0.75,0.1,0.5,3.2,2,0.632,0.93,0.34,0.068
731,0.75,0.1,0.5,3.6,2,0.656,0.952,0.346,0.056
732,0.75,0.1,0.7,2.8,0.5,0.62,0.712,0.334,0.282
733,0.75,0.1,0.7,3.2,0.5,0.644,0.718,0.358,0.27
734,0.75,0.1,0.7,3.6,0.5,0.654,0.746,0.368,0.252
735,0.75,0.1,0.7,2.8,1,0.614,0.758,0.348,0.21
736,0.75,0.1,0.7,3.2,1,0.646,0.788,0.338,0.194
737,0.75,0.1,0.7,3.6,1,0.664,0.832,0.364,0.164
738,0.75,0.1,0.7,2.8,1.5,0.664,0.844,0.34,0.182
739,0.75,0.1,0.7,3.2,1.5,0.666,0.848,0.38,0.15
740,0.75,0.1,0.7,3.6,1.5,0.636,0.9,0.326,0.104
741,0.75,0.1,0.7,2.8,2,0.666,0.87,0.358,0.12
742,0.75,0.1,0.7,3.2,2,0.65,0.914,0.316,0.112
743,0.75,0.1,0.7,3.6,2,0.652,0.924,0.362,0.066
744,0.75,0.1,0.9,2.8,0.5,0.644,0.746,0.38,0.298
745,0.75,0.1,0.9,3.2,0.5,0.644,0.744,0.336,0.3
746,0.75,0.1,0.9,3.6,0.5,0.678,0.78,0.342,0.26
747,0.75,0.1,0.9,2.8,1,0.636,0.794,0.366,0.216
748,0.75,0.1,0.9,3.2,1,0.636,0.802,0.348,0.184
749,0.75,0.1,0.9,3.6,1,0.62,0.828,0.322,0.152
750,0.75,0.1,0.9,2.8,1.5,0.652,0.842,0.36,0.178
751,0.75,0.1,0.9,3.2,1.5,0.644,0.876,0.388,0.134
752,0.75,0.1,0.9,3.6,1.5,0.66,0.868,0.352,0.108
753,0.75,0.1,0.9,2.8,2,0.638,0.888,0.322,0.132
754,0.75,0.1,0.9,3.2,2,0.658,0.9,0.372,0.082
755,0.75,0.1,0.9,3.6,2,0.652,0.934,0.326,0.062
756,0.75,0.1,1,2.8,0.5,0.654,0.724,0.38,0.302
757,0.75,0.1,1,3.2,0.5,0.632,0.734,0.366,0.28
758,0.75,0.1,1,3.6,0.5,0.688,0.766,0.314,0.23
759,0.75,0.1,1,2.8,1,0.63,0.786,0.384,0.224
760,0.75,0.1,1,3.2,1,0.634,0.82,0.358,0.178
761,0.75,0.1,1,3.6,1,0.634,0.816,0.326,0.166
762,0.75,0.1,1,2.8,1.5,0.634,0.846,0.382,0.166
763,0.75,0.1,1,3.2,1.5,0.614,0.882,0.366,0.132
764,0.75,0.1,1,3.6,1.5,0.65,0.906,0.368,0.106
765,0.75,0.1,1,2.8,2,0.632,0.898,0.382,0.126
766,0.75,0.1,1,3.2,2,0.634,0.9,0.368,0.092
767,0.75,0.1,1,3.6,2,0.636,0.942,0.362,0.058
768,0.75,0.3,0.5,2.8,0.5,0.634,0.724,0.358,0.3
769,0.75,0.3,0.5,3.2,0.5,0.626,0.754,0.366,0.262
770,0.75,0.3,0.5,3.6,0.5,0.66,0.776,0.374,0.248
771,0.75,0.3,0.5,2.8,1,0.638,0.79,0.332,0.222
772,0.75,0.3,0.5,3.2,1,0.654,0.834,0.332,0.2
773,0.75,0.3,0.5,3.6,1,0.66,0.842,0.366,0.194
774,0.75,0.3,0.5,2.8,1.5,0.674,0.836,0.35,0.154
775,0.75,0.3,0.5,3.2,1.5,0.648,0.854,0.358,0.138
776,0.75,0.3,0.5,3.6,1.5,0.632,0.904,0.314,0.094
777,0.75,0.3,0.5,2.8,2,0.646,0.87,0.348,0.122
778,0.75,0.3,0.5,3.2,2,0.638,0.926,0.348,0.102
779,0.75,0.3,0.5,3.6,2,0.66,0.954,0.362,0.072
780,0.75,0.3,0.7,2.8,0.5,0.622,0.694,0.364,0.318
781,0.75,0.3,0.7,3.2,0.5,0.676,0.746,0.326,0.28
782,0.75,0.3,0.7,3.6,0.5,0.662,0.754,0.342,0.25
783,0.75,0.3,0.7,2.8,1,0.678,0.756,0.34,0.22
784,0.75,0.3,0.7,3.2,1,0.648,0.796,0.36,0.18
785,0.75,0.3,0.7,3.6,1,0.644,0.816,0.362,0.15
786,0.75,0.3,0.7,2.8,1.5,0.628,0.83,0.334,0.162
787,0.75,0.3,0.7,3.2,1.5,0.632,0.868,0.356,0.15
788,0.75,0.3,0.7,3.6,1.5,0.654,0.906,0.36,0.112
789,0.75,0.3,0.7,2.8,2,0.636,0.872,0.36,0.128
790,0.75,0.3,0.7,3.2,2,0.668,0.926,0.356,0.092
791,0.75,0.3,0.7,3.6,2,0.68,0.934,0.344,0.046
792,0.75,0.3,0.9,2.8,0.5,0.618,0.728,0.352,0.296
793,0.75,0.3,0.9,3.2,0.5,0.618,0.77,0.344,0.244
794,0.75,0.3,0.9,3.6,0.5,0.624,0.768,0.35,0.264
795,0.75,0.3,0.9,2.8,1,0.658,0.772,0.368,0.228
796,0.75,0.3,0.9,3.2,1,0.628,0.798,0.336,0.202
797,0.75,0.3,0.9,3.6,1,0.65,0.828,0.324,0.152
798,0.75,0.3,0.9,2.8,1.5,0.672,0.826,0.374,0.14
799,0.75,0.3,0.9,3.2,1.5,0.67,0.824,0.348,0.128
800,0.75,0.3,0.9,3.6,1.5,0.672,0.91,0.342,0.102
801,0.75,0.3,0.9,2.8,2,0.642,0.86,0.326,0.16
802,0.75,0.3,0.9,3.2,2,0.662,0.912,0.368,0.1
803,0.75,0.3,0.9,3.6,2,0.648,0.944,0.37,0.05
804,0.75,0.3,1,2.8,0.5,0.668,0.67,0.328,0.276
805,0.75,0.3,1,3.2,0.5,0.664,0.756,0.342,0.264
806,0.75,0.3,1,3.6,0.5,0.65,0.754,0.38,0.228
807,0.75,0.3,1,2.8,1,0.646,0.79,0.316,0.252
808,0.75,0.3,1,3.2,1,0.63,0.824,0.368,0.216
809,0.75,0.3,1,3.6,1,0.648,0.826,0.336,0.134
810,0.75,0.3,1,2.8,1.5,0.672,0.846,0.348,0.188
811,0.75,0.3,1,3.2,1.5,0.67,0.862,0.344,0.138
812,0.75,0.3,1,3.6,1.5,0.686,0.874,0.326,0.094
813,0.75,0.3,1,2.8,2,0.674,0.866,0.318,0.128
814,0.75,0.3,1,3.2,2,0.658,0.91,0.328,0.112
815,0.75,0.3,1,3.6,2,0.71,0.942,0.332,0.068
816,0.75,0.5,0.5,2.8,0.5,0.652,0.734,0.372,0.268
817,0.75,0.5,0.5,3.2,0.5,0.626,0.758,0.346,0.264
818,0.75,0.5,0.5,3.6,0.5,0.65,0.788,0.322,0.248
819,0.75,0.5,0.5,2.8,1,0.626,0.752,0.352,0.226
820,0.75,0.5,0.5,3.2,1,0.644,0.81,0.318,0.202
821,0.75,0.5,0.5,3.6,1,0.692,0.862,0.354,0.154
822,0.75,0.5,0.5,2.8,1.5,0.66,0.814,0.32,0.168
823,0.75,0.5,0.5,3.2,1.5,0.668,0.86,0.36,0.128
824,0.75,0.5,0.5,3.6,1.5,0.66,0.9,0.368,0.098
825,0.75,0.5,0.5,2.8,2,0.672,0.89,0.348,0.128
826,0.75,0.5,0.5,3.2,2,0.68,0.914,0.364,0.092
827,0.75,0.5,0.5,3.6,2,0.678,0.93,0.382,0.07
828,0.75,0.5,0.7,2.8,0.5,0.63,0.734,0.344,0.284
829,0.75,0.5,0.7,3.2,0.5,0.656,0.724,0.322,0.238
830,0.75,0.5,0.7,3.6,0.5,0.678,0.782,0.318,0.248
831,0.75,0.5,0.7,2.8,1,0.66,0.804,0.338,0.218
832,0.75,0.5,0.7,3.2,1,0.672,0.842,0.356,0.24
833,0.75,0.5,0.7,3.6,1,0.656,0.814,0.352,0.158
834,0.75,0.5,0.7,2.8,1.5,0.68,0.822,0.376,0.184
835,0.75,0.5,0.7,3.2,1.5,0.63,0.874,0.36,0.13
836,0.75,0.5,0.7,3.6,1.5,0.654,0.912,0.356,0.096
837,0.75,0.5,0.7,2.8,2,0.65,0.862,0.348,0.122
838,0.75,0.5,0.7,3.2,2,0.648,0.9,0.358,0.06
839,0.75,0.5,0.7,3.6,2,0.696,0.942,0.358,0.068
840,0.75,0.5,0.9,2.8,0.5,0.64,0.72,0.328,0.288
841,0.75,0.5,0.9,3.2,0.5,0.628,0.722,0.312,0.218
842,0.75,0.5,0.9,3.6,0.5,0.654,0.738,0.376,0.214
843,0.75,0.5,0.9,2.8,1,0.648,0.792,0.344,0.202
844,0.75,0.5,0.9,3.2,1,0.626,0.782,0.362,0.172
845,0.75,0.5,0.9,3.6,1,0.652,0.828,0.318,0.146
846,0.75,0.5,0.9,2.8,1.5,0.656,0.8,0.386,0.174
847,0.75,0.5,0.9,3.2,1.5,0.632,0.852,0.346,0.114
848,0.75,0.5,0.9,3.6,1.5,0.644,0.896,0.356,0.078
849,0.75,0.5,0.9,2.8,2,0.644,0.848,0.384,0.15
850,0.75,0.5,0.9,3.2,2,0.664,0.914,0.368,0.094
851,0.75,0.5,0.9,3.6,2,0.64,0.94,0.32,0.048
852,0.75,0.5,1,2.8,0.5,0.662,0.72,0.346,0.308
853,0.75,0.5,1,3.2,0.5,0.638,0.72,0.368,0.286
854,0.75,0.5,1,3.6,0.5,0.668,0.762,0.41,0.262
855,0.75,0.5,1,2.8,1,0.654,0.79,0.322,0.19
856,0.75,0.5,1,3.2,1,0.648,0.808,0.348,0.174
857,0.75,0.5,1,3.6,1,0.648,0.832,0.316,0.174
858,0.75,0.5,1,2.8,1.5,0.656,0.828,0.348,0.158
859,0.75,0.5,1,3.2,1.5,0.688,0.848,0.368,0.14
860,0.75,0.5,1,3.6,1.5,0.706,0.904,0.308,0.09
861,0.75,0.5,1,2.8,2,0.646,0.866,0.334,0.118
862,0.75,0.5,1,3.2,2,0.62,0.918,0.322,0.096
863,0.75,0.5,1,3.6,2,0.636,0.95,0.358,0.04
864,0.75,0.7,0.5,2.8,0.5,0.688,0.738,0.398,0.336
865,0.75,0.7,0.5,3.2,0.5,0.618,0.724,0.372,0.264
866,0.75,0.7,0.5,3.6,0.5,0.638,0.736,0.368,0.256
867,0.75,0.7,0.5,2.8,1,0.678,0.786,0.354,0.236
868,0.75,0.7,0.5,3.2,1,0.664,0.818,0.38,0.214
869,0.75,0.7,0.5,3.6,1,0.636,0.834,0.372,0.144
870,0.75,0.7,0.5,2.8,1.5,0.62,0.838,0.3,0.146
871,0.75,0.7,0.5,3.2,1.5,0.64,0.856,0.376,0.132
872,0.75,0.7,0.5,3.6,1.5,0.662,0.922,0.364,0.112
873,0.75,0.7,0.5,2.8,2,0.654,0.882,0.364,0.126
874,0.75,0.7,0.5,3.2,2,0.624,0.92,0.364,0.07
875,0.75,0.7,0.5,3.6,2,0.606,0.942,0.394,0.066
876,0.75,0.7,0.7,2.8,0.5,0.652,0.666,0.342,0.322
877,0.75,0.7,0.7,3.2,0.5,0.696,0.748,0.356,0.26
878,0.75,0.7,0.7,3.6,0.5,0.672,0.744,0.35,0.244
879,0.75,0.7,0.7,2.8,1,0.694,0.764,0.356,0.23
880,0.75,0.7,0.7,3.2,1,0.666,0.814,0.356,0.178
881,0.75,0.7,0.7,3.6,1,0.648,0.852,0.378,0.184
882,0.75,0.7,0.7,2.8,1.5,0.636,0.878,0.336,0.192
883,0.75,0.7,0.7,3.2,1.5,0.644,0.89,0.344,0.168
884,0.75,0.7,0.7,3.6,1.5,0.686,0.912,0.362,0.104
885,0.75,0.7,0.7,2.8,2,0.652,0.85,0.362,0.126
886,0.75,0.7,0.7,3.2,2,0.612,0.91,0.36,0.084
887,0.75,0.7,0.7,3.6,2,0.674,0.944,0.35,0.084
888,0.75,0.7,0.9,2.8,0.5,0.67,0.716,0.368,0.286
889,0.75,0.7,0.9,3.2,0.5,0.634,0.754,0.388,0.284
890,0.75,0.7,0.9,3.6,0.5,0.626,0.748,0.388,0.236
891,0.75,0.7,0.9,2.8,1,0.666,0.814,0.328,0.216
892,0.75,0.7,0.9,3.2,1,0.666,0.814,0.358,0.224
893,0.75,0.7,0.9,3.6,1,0.648,0.84,0.336,0.184
894,0.75,0.7,0.9,2.8,1.5,0.63,0.812,0.322,0.174
895,0.75,0.7,0.9,3.2,1.5,0.636,0.85,0.332,0.134
896,0.75,0.7,0.9,3.6,1.5,0.66,0.902,0.36,0.088
897,0.75,0.7,0.9,2.8,2,0.7,0.88,0.348,0.112
898,0.75,0.7,0.9,3.2,2,0.654,0.922,0.342,0.072
899,0.75,0.7,0.9,3.6,2,0.658,0.932,0.376,0.062
900,0.75,0.7,1,2.8,0.5,0.638,0.662,0.364,0.278
901,0.75,0.7,1,3.2,0.5,0.63,0.74,0.36,0.27
902,0.75,0.7,1,3.6,0.5,0.612,0.758,0.332,0.238
903,0.75,0.7,1,2.8,1,0.636,0.78,0.35,0.214
904,0.75,0.7,1,3.2,1,0.646,0.824,0.344,0.172
905,0.75,0.7,1,3.6,1,0.668,0.846,0.296,0.178
906,0.75,0.7,1,2.8,1.5,0.68,0.796,0.322,0.194
907,0.75,0.7,1,3.2,1.5,0.628,0.86,0.318,0.152
908,0.75,0.7,1,3.6,1.5,0.708,0.906,0.338,0.09
909,0.75,0.7,1,2.8,2,0.646,0.882,0.326,0.13
910,0.75,0.7,1,3.2,2,0.646,0.898,0.336,0.108
911,0.75,0.7,1,3.6,2,0.624,0.942,0.362,0.056
912,0.75,0.9,0.5,2.8,0.5,0.636,0.716,0.322,0.272
913,0.75,0.9,0.5,3.2,0.5,0.666,0.77,0.35,0.282
914,0.75,0.9,0.5,3.6,0.5,0.656,0.72,0.37,0.236
915,0.75,0.9,0.5,2.8,1,0.664,0.776,0.342,0.246
916,0.75,0.9,0.5,3.2,1,0.612,0.834,0.392,0.18
917,0.75,0.9,0.5,3.6,1,0.672,0.832,0.34,0.164
918,0.75,0.9,0.5,2.8,1.5,0.648,0.834,0.372,0.204
919,0.75,0.9,0.5,3.2,1.5,0.656,0.834,0.316,0.118
920,0.75,0.9,0.5,3.6,1.5,0.638,0.914,0.376,0.09
921,0.75,0.9,0.5,2.8,2,0.648,0.874,0.354,0.128
922,0.75,0.9,0.5,3.2,2,0.668,0.898,0.31,0.074
923,0.75,0.9,0.5,3.6,2,0.672,0.928,0.348,0.05
924,0.75,0.9,0.7,2.8,0.5,0.65,0.714,0.332,0.278
925,0.75,0.9,0.7,3.2,0.5,0.672,0.71,0.338,0.24
926,0.75,0.9,0.7,3.6,0.5,0.622,0.754,0.346,0.254
927,0.75,0.9,0.7,2.8,1,0.658,0.796,0.374,0.23
928,0.75,0.9,0.7,3.2,1,0.626,0.802,0.316,0.178
929,0.75,0.9,0.7,3.6,1,0.656,0.844,0.332,0.146
930,0.75,0.9,0.7,2.8,1.5,0.634,0.806,0.388,0.178
931,0.75,0.9,0.7,3.2,1.5,0.658,0.874,0.332,0.104
932,0.75,0.9,0.7,3.6,1.5,0.632,0.878,0.338,0.112
933,0.75,0.9,0.7,2.8,2,0.67,0.888,0.366,0.138
934,0.75,0.9,0.7,3.2,2,0.674,0.926,0.326,0.086
935,0.75,0.9,0.7,3.6,2,0.672,0.93,0.362,0.056
936,0.75,0.9,0.9,2.8,0.5,0.692,0.754,0.38,0.32
937,0.75,0.9,0.9,3.2,0.5,0.672,0.732,0.334,0.272
938,0.75,0.9,0.9,3.6,0.5,0.614,0.748,0.36,0.276
939,0.75,0.9,0.9,2.8,1,0.63,0.792,0.378,0.224
940,0.75,0.9,0.9,3.2,1,0.662,0.816,0.336,0.188
941,0.75,0.9,0.9,3.6,1,0.654,0.862,0.362,0.16
942,0.75,0.9,0.9,2.8,1.5,0.636,0.816,0.356,0.196
943,0.75,0.9,0.9,3.2,1.5,0.656,0.866,0.4,0.122
944,0.75,0.9,0.9,3.6,1.5,0.674,0.888,0.31,0.11
945,0.75,0.9,0.9,2.8,2,0.658,0.882,0.342,0.124
946,0.75,0.9,0.9,3.2,2,0.656,0.9,0.374,0.096
947,0.75,0.9,0.9,3.6,2,0.666,0.946,0.38,0.062
948,0.75,0.9,1,2.8,0.5,0.668,0.698,0.374,0.282
949,0.75,0.9,1,3.2,0.5,0.646,0.724,0.382,0.27
950,0.75,0.9,1,3.6,0.5,0.672,0.748,0.37,0.23
951,0.75,0.9,1,2.8,1,0.664,0.796,0.306,0.218
952,0.75,0.9,1,3.2,1,0.618,0.832,0.358,0.2
953,0.75,0.9,1,3.6,1,0.628,0.818,0.33,0.164
954,0.75,0.9,1,2.8,1.5,0.624,0.81,0.35,0.144
955,0.75,0.9,1,3.2,1.5,0.648,0.854,0.344,0.142
956,0.75,0.9,1,3.6,1.5,0.634,0.908,0.342,0.114
957,0.75,0.9,1,2.8,2,0.67,0.884,0.402,0.154
958,0.75,0.9,1,3.2,2,0.648,0.934,0.328,0.082
959,0.75,0.9,1,3.6,2,0.622,0.928,0.338,0.06
960,1,0.1,0.5,2.8,0.5,0.582,0.67,0.398,0.364
961,1,0.1,0.5,3.2,0.5,0.632,0.706,0.378,0.3
962,1,0.1,0.5,3.6,0.5,0.568,0.706,0.392,0.282
963,1,0.1,0.5,2.8,1,0.642,0.734,0.346,0.264
964,1,0.1,0.5,3.2,1,0.616,0.76,0.384,0.246
965,1,0.1,0.5,3.6,1,0.584,0.758,0.388,0.212
966,1,0.1,0.5,2.8,1.5,0.612,0.754,0.376,0.252
967,1,0.1,0.5,3.2,1.5,0.62,0.802,0.348,0.172
968,1,0.1,0.5,3.6,1.5,0.572,0.858,0.388,0.162
969,1,0.1,0.5,2.8,2,0.6,0.818,0.338,0.204
970,1,0.1,0.5,3.2,2,0.622,0.858,0.396,0.138
971,1,0.1,0.5,3.6,2,0.634,0.904,0.388,0.134
972,1,0.1,0.7,2.8,0.5,0.604,0.67,0.328,0.306
973,1,0.1,0.7,3.2,0.5,0.6,0.646,0.4,0.286
974,1,0.1,0.7,3.6,0.5,0.606,0.712,0.372,0.282
975,1,0.1,0.7,2.8,1,0.64,0.702,0.36,0.268
976,1,0.1,0.7,3.2,1,0.652,0.732,0.364,0.222
977,1,0.1,0.7,3.6,1,0.594,0.812,0.408,0.216
978,1,0.1,0.7,2.8,1.5,0.61,0.776,0.396,0.238
979,1,0.1,0.7,3.2,1.5,0.644,0.794,0.36,0.188
980,1,0.1,0.7,3.6,1.5,0.636,0.822,0.374,0.16
981,1,0.1,0.7,2.8,2,0.62,0.792,0.396,0.228
982,1,0.1,0.7,3.2,2,0.598,0.864,0.428,0.156
983,1,0.1,0.7,3.6,2,0.594,0.88,0.414,0.138
984,1,0.1,0.9,2.8,0.5,0.622,0.64,0.374,0.314
985,1,0.1,0.9,3.2,0.5,0.6,0.674,0.368,0.308
986,1,0.1,0.9,3.6,0.5,0.58,0.688,0.36,0.308
987,1,0.1,0.9,2.8,1,0.634,0.71,0.398,0.294
988,1,0.1,0.9,3.2,1,0.604,0.74,0.4,0.274
989,1,0.1,0.9,3.6,1,0.624,0.79,0.408,0.222
990,1,0.1,0.9,2.8,1.5,0.618,0.78,0.374,0.246
991,1,0.1,0.9,3.2,1.5,0.66,0.798,0.372,0.198
992,1,0.1,0.9,3.6,1.5,0.632,0.834,0.38,0.148
993,1,0.1,0.9,2.8,2,0.61,0.822,0.396,0.196
994,1,0.1,0.9,3.2,2,0.606,0.856,0.352,0.166
995,1,0.1,0.9,3.6,2,0.6,0.908,0.374,0.138
996,1,0.1,1,2.8,0.5,0.634,0.678,0.374,0.336
997,1,0.1,1,3.2,0.5,0.668,0.686,0.408,0.34
998,1,0.1,1,3.6,0.5,0.618,0.708,0.382,0.316
999,1,0.1,1,2.8,1,0.612,0.698,0.404,0.314
1000,1,0.1,1,3.2,1,0.586,0.75,0.35,0.26
1001,1,0.1,1,3.6,1,0.644,0.788,0.394,0.216
1002,1,0.1,1,2.8,1.5,0.612,0.778,0.394,0.238
1003,1,0.1,1,3.2,1.5,0.658,0.842,0.414,0.202
1004,1,0.1,1,3.6,1.5,0.604,0.834,0.394,0.17
1005,1,0.1,1,2.8,2,0.622,0.798,0.414,0.164
1006,1,0.1,1,3.2,2,0.61,0.866,0.396,0.124
1007,1,0.1,1,3.6,2,0.594,0.874,0.368,0.12
1008,1,0.3,0.5,2.8,0.5,0.622,0.65,0.404,0.348
1009,1,0.3,0.5,3.2,0.5,0.62,0.686,0.426,0.314
1010,1,0.3,0.5,3.6,0.5,0.6,0.726,0.338,0.272
1011,1,0.3,0.5,2.8,1,0.644,0.708,0.4,0.254
1012,1,0.3,0.5,3.2,1,0.602,0.73,0.376,0.28
1013,1,0.3,0.5,3.6,1,0.598,0.762,0.358,0.226
1014,1,0.3,0.5,2.8,1.5,0.606,0.74,0.4,0.264
1015,1,0.3,0.5,3.2,1.5,0.618,0.81,0.406,0.184
1016,1,0.3,0.5,3.6,1.5,0.67,0.804,0.382,0.176
1017,1,0.3,0.5,2.8,2,0.604,0.796,0.432,0.204
1018,1,0.3,0.5,3.2,2,0.618,0.826,0.4,0.142
1019,1,0.3,0.5,3.6,2,0.614,0.854,0.386,0.142
1020,1,0.3,0.7,2.8,0.5,0.634,0.67,0.392,0.304
1021,1,0.3,0.7,3.2,0.5,0.608,0.722,0.39,0.308
1022,1,0.3,0.7,3.6,0.5,0.61,0.678,0.378,0.29
1023,1,0.3,0.7,2.8,1,0.632,0.712,0.41,0.276
1024,1,0.3,0.7,3.2,1,0.616,0.712,0.36,0.252
1025,1,0.3,0.7,3.6,1,0.61,0.78,0.366,0.248
1026,1,0.3,0.7,2.8,1.5,0.626,0.774,0.39,0.23
1027,1,0.3,0.7,3.2,1.5,0.6,0.792,0.414,0.23
1028,1,0.3,0.7,3.6,1.5,0.632,0.832,0.394,0.166
1029,1,0.3,0.7,2.8,2,0.63,0.782,0.406,0.184
1030,1,0.3,0.7,3.2,2,0.612,0.86,0.412,0.15
1031,1,0.3,0.7,3.6,2,0.602,0.864,0.39,0.12
1032,1,0.3,0.9,2.8,0.5,0.602,0.678,0.41,0.31
1033,1,0.3,0.9,3.2,0.5,0.586,0.7,0.412,0.326
1034,1,0.3,0.9,3.6,0.5,0.636,0.714,0.408,0.284
1035,1,0.3,0.9,2.8,1,0.632,0.722,0.358,0.256
1036,1,0.3,0.9,3.2,1,0.596,0.742,0.36,0.26
1037,1,0.3,0.9,3.6,1,0.606,0.804,0.378,0.24
1038,1,0.3,0.9,2.8,1.5,0.616,0.762,0.41,0.264
1039,1,0.3,0.9,3.2,1.5,0.666,0.796,0.372,0.224
1040,1,0.3,0.9,3.6,1.5,0.604,0.848,0.38,0.15
1041,1,0.3,0.9,2.8,2,0.632,0.794,0.38,0.202
1042,1,0.3,0.9,3.2,2,0.584,0.852,0.418,0.148
1043,1,0.3,0.9,3.6,2,0.636,0.892,0.398,0.096
1044,1,0.3,1,2.8,0.5,0.58,0.664,0.37,0.376
1045,1,0.3,1,3.2,0.5,0.576,0.644,0.386,0.354
1046,1,0.3,1,3.6,0.5,0.628,0.672,0.386,0.276
1047,1,0.3,1,2.8,1,0.594,0.746,0.33,0.27
1048,1,0.3,1,3.2,1,0.61,0.75,0.378,0.248
1049,1,0.3,1,3.6,1,0.616,0.74,0.386,0.244
1050,1,0.3,1,2.8,1.5,0.604,0.78,0.372,0.218
1051,1,0.3,1,3.2,1.5,0.634,0.782,0.396,0.188
1052,1,0.3,1,3.6,1.5,0.612,0.856,0.422,0.164
1053,1,0.3,1,2.8,2,0.628,0.83,0.378,0.21
1054,1,0.3,1,3.2,2,0.632,0.85,0.33,0.16
1055,1,0.3,1,3.6,2,0.58,0.888,0.402,0.09
1056,1,0.5,0.5,2.8,0.5,0.578,0.656,0.39,0.364
1057,1,0.5,0.5,3.2,0.5,0.642,0.662,0.378,0.318
1058,1,0.5,0.5,3.6,0.5,0.616,0.684,0.392,0.318
1059,1,0.5,0.5,2.8,1,0.664,0.726,0.404,0.292
1060,1,0.5,0.5,3.2,1,0.626,0.754,0.408,0.24
1061,1,0.5,0.5,3.6,1,0.626,0.76,0.38,0.23
1062,1,0.5,0.5,2.8,1.5,0.586,0.76,0.39,0.228
1063,1,0.5,0.5,3.2,1.5,0.636,0.784,0.368,0.196
1064,1,0.5,0.5,3.6,1.5,0.574,0.86,0.352,0.158
1065,1,0.5,0.5,2.8,2,0.642,0.824,0.384,0.208
1066,1,0.5,0.5,3.2,2,0.616,0.886,0.388,0.148
1067,1,0.5,0.5,3.6,2,0.588,0.9,0.398,0.114
1068,1,0.5,0.7,2.8,0.5,0.59,0.658,0.42,0.316
1069,1,0.5,0.7,3.2,0.5,0.646,0.696,0.386,0.302
1070,1,0.5,0.7,3.6,0.5,0.59,0.704,0.384,0.306
1071,1,0.5,0.7,2.8,1,0.62,0.728,0.396,0.306
1072,1,0.5,0.7,3.2,1,0.612,0.74,0.384,0.266
1073,1,0.5,0.7,3.6,1,0.604,0.798,0.394,0.234
1074,1,0.5,0.7,2.8,1.5,0.574,0.766,0.358,0.258
1075,1,0.5,0.7,3.2,1.5,0.624,0.794,0.398,0.202
1076,1,0.5,0.7,3.6,1.5,0.614,0.84,0.384,0.186
1077,1,0.5,0.7,2.8,2,0.61,0.81,0.354,0.192
1078,1,0.5,0.7,3.2,2,0.614,0.814,0.402,0.16
1079,1,0.5,0.7,3.6,2,0.632,0.884,0.378,0.122
1080,1,0.5,0.9,2.8,0.5,0.612,0.676,0.358,0.33
1081,1,0.5,0.9,3.2,0.5,0.634,0.686,0.334,0.312
1082,1,0.5,0.9,3.6,0.5,0.604,0.672,0.39,0.302
1083,1,0.5,0.9,2.8,1,0.588,0.698,0.41,0.284
1084,1,0.5,0.9,3.2,1,0.6,0.744,0.354,0.256
1085,1,0.5,0.9,3.6,1,0.584,0.8,0.382,0.27
1086,1,0.5,0.9,2.8,1.5,0.62,0.742,0.434,0.232
1087,1,0.5,0.9,3.2,1.5,0.64,0.79,0.37,0.172
1088,1,0.5,0.9,3.6,1.5,0.636,0.836,0.4,0.192
1089,1,0.5,0.9,2.8,2,0.648,0.786,0.348,0.17
1090,1,0.5,0.9,3.2,2,0.586,0.862,0.402,0.152
1091,1,0.5,0.9,3.6,2,0.626,0.896,0.402,0.116
1092,1,0.5,1,2.8,0.5,0.582,0.678,0.398,0.344
1093,1,0.5,1,3.2,0.5,0.638,0.704,0.374,0.332
1094,1,0.5,1,3.6,0.5,0.644,0.698,0.42,0.29
1095,1,0.5,1,2.8,1,0.614,0.734,0.346,0.298
1096,1,0.5,1,3.2,1,0.616,0.746,0.38,0.234
1097,1,0.5,1,3.6,1,0.646,0.784,0.362,0.256
1098,1,0.5,1,2.8,1.5,0.608,0.742,0.358,0.252
1099,1,0.5,1,3.2,1.5,0.59,0.794,0.376,0.19
1100,1,0.5,1,3.6,1.5,0.6,0.838,0.368,0.188
1101,1,0.5,1,2.8,2,0.626,0.794,0.386,0.162
1102,1,0.5,1,3.2,2,0.568,0.854,0.39,0.136
1103,1,0.5,1,3.6,2,0.594,0.896,0.388,0.098
1104,1,0.7,0.5,2.8,0.5,0.63,0.658,0.38,0.354
1105,1,0.7,0.5,3.2,0.5,0.598,0.656,0.404,0.302
1106,1,0.7,0.5,3.6,0.5,0.648,0.716,0.374,0.282
1107,1,0.7,0.5,2.8,1,0.594,0.742,0.402,0.28
1108,1,0.7,0.5,3.2,1,0.614,0.74,0.394,0.264
1109,1,0.7,0.5,3.6,1,0.656,0.79,0.412,0.226
1110,1,0.7,0.5,2.8,1.5,0.608,0.758,0.364,0.24
1111,1,0.7,0.5,3.2,1.5,0.618,0.82,0.4,0.174
1112,1,0.7,0.5,3.6,1.5,0.596,0.844,0.408,0.162
1113,1,0.7,0.5,2.8,2,0.636,0.808,0.346,0.178
1114,1,0.7,0.5,3.2,2,0.646,0.83,0.392,0.152
1115,1,0.7,0.5,3.6,2,0.626,0.876,0.374,0.122
1116,1,0.7,0.7,2.8,0.5,0.634,0.692,0.384,0.34
1117,1,0.7,0.7,3.2,0.5,0.62,0.684,0.4,0.306
1118,1,0.7,0.7,3.6,0.5,0.642,0.674,0.358,0.324
1119,1,0.7,0.7,2.8,1,0.602,0.718,0.384,0.316
1120,1,0.7,0.7,3.2,1,0.624,0.762,0.382,0.274
1121,1,0.7,0.7,3.6,1,0.628,0.788,0.4,0.218
1122,1,0.7,0.7,2.8,1.5,0.612,0.8,0.376,0.212
1123,1,0.7,0.7,3.2,1.5,0.606,0.758,0.332,0.196
1124,1,0.7,0.7,3.6,1.5,0.64,0.822,0.418,0.19
1125,1,0.7,0.7,2.8,2,0.604,0.82,0.37,0.206
1126,1,0.7,0.7,3.2,2,0.63,0.82,0.416,0.154
1127,1,0.7,0.7,3.6,2,0.62,0.876,0.376,0.14
1128,1,0.7,0.9,2.8,0.5,0.604,0.682,0.414,0.356
1129,1,0.7,0.9,3.2,0.5,0.59,0.682,0.386,0.31
1130,1,0.7,0.9,3.6,0.5,0.622,0.654,0.41,0.312
1131,1,0.7,0.9,2.8,1,0.638,0.67,0.334,0.246
1132,1,0.7,0.9,3.2,1,0.614,0.724,0.386,0.226
1133,1,0.7,0.9,3.6,1,0.63,0.774,0.394,0.264
1134,1,0.7,0.9,2.8,1.5,0.644,0.794,0.396,0.246
1135,1,0.7,0.9,3.2,1.5,0.6,0.81,0.368,0.22
1136,1,0.7,0.9,3.6,1.5,0.614,0.832,0.41,0.17
1137,1,0.7,0.9,2.8,2,0.584,0.808,0.406,0.168
1138,1,0.7,0.9,3.2,2,0.528,0.838,0.392,0.168
1139,1,0.7,0.9,3.6,2,0.626,0.894,0.4,0.114
1140,1,0.7,1,2.8,0.5,0.584,0.67,0.38,0.364
1141,1,0.7,1,3.2,0.5,0.59,0.68,0.392,0.296
1142,1,0.7,1,3.6,0.5,0.612,0.694,0.348,0.308
1143,1,0.7,1,2.8,1,0.63,0.712,0.41,0.27
1144,1,0.7,1,3.2,1,0.604,0.788,0.36,0.224
1145,1,0.7,1,3.6,1,0.614,0.782,0.434,0.208
1146,1,0.7,1,2.8,1.5,0.612,0.786,0.328,0.222
1147,1,0.7,1,3.2,1.5,0.626,0.766,0.368,0.18
1148,1,0.7,1,3.6,1.5,0.626,0.804,0.396,0.15
1149,1,0.7,1,2.8,2,0.588,0.796,0.366,0.206
1150,1,0.7,1,3.2,2,0.576,0.836,0.356,0.16
1151,1,0.7,1,3.6,2,0.634,0.892,0.388,0.136
1152,1,0.9,0.5,2.8,0.5,0.604,0.67,0.4,0.316
1153,1,0.9,0.5,3.2,0.5,0.624,0.694,0.376,0.31
1154,1,0.9,0.5,3.6,0.5,0.64,0.73,0.416,0.306
1155,1,0.9,0.5,2.8,1,0.614,0.71,0.376,0.288
1156,1,0.9,0.5,3.2,1,0.596,0.748,0.352,0.294
1157,1,0.9,0.5,3.6,1,0.65,0.758,0.384,0.232
1158,1,0.9,0.5,2.8,1.5,0.6,0.754,0.366,0.256
1159,1,0.9,0.5,3.2,1.5,0.598,0.814,0.384,0.232
1160,1,0.9,0.5,3.6,1.5,0.638,0.844,0.38,0.172
1161,1,0.9,0.5,2.8,2,0.6,0.808,0.392,0.18
1162,1,0.9,0.5,3.2,2,0.648,0.838,0.384,0.128
1163,1,0.9,0.5,3.6,2,0.6,0.894,0.392,0.116
1164,1,0.9,0.7,2.8,0.5,0.636,0.68,0.376,0.338
1165,1,0.9,0.7,3.2,0.5,0.61,0.704,0.362,0.298
1166,1,0.9,0.7,3.6,0.5,0.572,0.692,0.356,0.274
1167,1,0.9,0.7,2.8,1,0.61,0.722,0.392,0.316
1168,1,0.9,0.7,3.2,1,0.606,0.764,0.372,0.244
1169,1,0.9,0.7,3.6,1,0.616,0.792,0.376,0.238
1170,1,0.9,0.7,2.8,1.5,0.642,0.77,0.354,0.254
1171,1,0.9,0.7,3.2,1.5,0.57,0.814,0.386,0.184
1172,1,0.9,0.7,3.6,1.5,0.582,0.814,0.408,0.164
1173,1,0.9,0.7,2.8,2,0.588,0.804,0.406,0.222
1174,1,0.9,0.7,3.2,2,0.63,0.876,0.364,0.17
1175,1,0.9,0.7,3.6,2,0.598,0.876,0.372,0.13
1176,1,0.9,0.9,2.8,0.5,0.578,0.708,0.38,0.384
1177,1,0.9,0.9,3.2,0.5,0.614,0.656,0.394,0.332
1178,1,0.9,0.9,3.6,0.5,0.62,0.674,0.35,0.322
1179,1,0.9,0.9,2.8,1,0.626,0.728,0.4,0.254
1180,1,0.9,0.9,3.2,1,0.604,0.784,0.376,0.274
1181,1,0.9,0.9,3.6,1,0.574,0.792,0.344,0.27
1182,1,0.9,0.9,2.8,1.5,0.602,0.784,0.386,0.196
1183,1,0.9,0.9,3.2,1.5,0.584,0.816,0.366,0.188
1184,1,0.9,0.9,3.6,1.5,0.632,0.824,0.392,0.188
1185,1,0.9,0.9,2.8,2,0.624,0.81,0.41,0.204
1186,1,0.9,0.9,3.2,2,0.634,0.868,0.374,0.166
1187,1,0.9,0.9,3.6,2,0.588,0.894,0.38,0.11
1188,1,0.9,1,2.8,0.5,0.638,0.644,0.382,0.328
1189,1,0.9,1,3.2,0.5,0.62,0.71,0.398,0.302
1190,1,0.9,1,3.6,0.5,0.612,0.704,0.378,0.35
1191,1,0.9,1,2.8,1,0.622,0.752,0.38,0.292
1192,1,0.9,1,3.2,1,0.644,0.728,0.41,0.258
1193,1,0.9,1,3.6,1,0.628,0.788,0.372,0.23
1194,1,0.9,1,2.8,1.5,0.608,0.724,0.356,0.22
1195,1,0.9,1,3.2,1.5,0.656,0.79,0.368,0.202
1196,1,0.9,1,3.6,1.5,0.644,0.824,0.354,0.17
1197,1,0.9,1,2.8,2,0.646,0.828,0.386,0.184
1198,1,0.9,1,3.2,2,0.6,0.84,0.362,0.15
1199,1,0.9,1,3.6,2,0.598,0.888,0.36,0.126
1200,1.5,0.1,0.5,2.8,0.5,0.562,0.586,0.424,0.392
1201,1.5,0.1,0.5,3.2,0.5,0.588,0.606,0.408,0.346
1202,1.5,0.1,0.5,3.6,0.5,0.596,0.648,0.41,0.364
1203,1.5,0.1,0.5,2.8,1,0.636,0.666,0.43,0.39
1204,1.5,0.1,0.5,3.2,1,0.572,0.676,0.432,0.286
1205,1.5,0.1,0.5,3.6,1,0.562,0.694,0.408,0.29
1206,1.5,0.1,0.5,2.8,1.5,0.546,0.684,0.414,0.336
1207,1.5,0.1,0.5,3.2,1.5,0.562,0.704,0.382,0.282
1208,1.5,0.1,0.5,3.6,1.5,0.63,0.706,0.43,0.252
1209,1.5,0.1,0.5,2.8,2,0.55,0.712,0.424,0.31
1210,1.5,0.1,0.5,3.2,2,0.574,0.756,0.39,0.23
1211,1.5,0.1,0.5,3.6,2,0.556,0.798,0.406,0.198
1212,1.5,0.1,0.7,2.8,0.5,0.566,0.638,0.43,0.416
1213,1.5,0.1,0.7,3.2,0.5,0.572,0.662,0.404,0.366
1214,1.5,0.1,0.7,3.6,0.5,0.578,0.634,0.41,0.38
1215,1.5,0.1,0.7,2.8,1,0.59,0.648,0.372,0.322
1216,1.5,0.1,0.7,3.2,1,0.618,0.672,0.408,0.308
1217,1.5,0.1,0.7,3.6,1,0.572,0.684,0.38,0.318
1218,1.5,0.1,0.7,2.8,1.5,0.572,0.686,0.392,0.304
1219,1.5,0.1,0.7,3.2,1.5,0.566,0.714,0.422,0.282
1220,1.5,0.1,0.7,3.6,1.5,0.572,0.766,0.438,0.254
1221,1.5,0.1,0.7,2.8,2,0.586,0.684,0.414,0.316
1222,1.5,0.1,0.7,3.2,2,0.602,0.762,0.444,0.234
1223,1.5,0.1,0.7,3.6,2,0.634,0.772,0.392,0.218
1224,1.5,0.1,0.9,2.8,0.5,0.55,0.63,0.45,0.388
1225,1.5,0.1,0.9,3.2,0.5,0.61,0.636,0.424,0.364
1226,1.5,0.1,0.9,3.6,0.5,0.594,0.604,0.432,0.37
1227,1.5,0.1,0.9,2.8,1,0.57,0.662,0.4,0.334
1228,1.5,0.1,0.9,3.2,1,0.584,0.694,0.466,0.324
1229,1.5,0.1,0.9,3.6,1,0.552,0.704,0.414,0.308
1230,1.5,0.1,0.9,2.8,1.5,0.59,0.72,0.444,0.284
1231,1.5,0.1,0.9,3.2,1.5,0.596,0.726,0.424,0.286
1232,1.5,0.1,0.9,3.6,1.5,0.588,0.734,0.4,0.246
1233,1.5,0.1,0.9,2.8,2,0.562,0.702,0.4,0.27
1234,1.5,0.1,0.9,3.2,2,0.582,0.758,0.45,0.254
1235,1.5,0.1,0.9,3.6,2,0.582,0.8,0.44,0.206
1236,1.5,0.1,1,2.8,0.5,0.6,0.574,0.418,0.366
1237,1.5,0.1,1,3.2,0.5,0.6,0.658,0.422,0.36
1238,1.5,0.1,1,3.6,0.5,0.594,0.652,0.39,0.342
1239,1.5,0.1,1,2.8,1,0.59,0.648,0.438,0.37
1240,1.5,0.1,1,3.2,1,0.586,0.654,0.462,0.324
1241,1.5,0.1,1,3.6,1,0.594,0.666,0.416,0.31
1242,1.5,0.1,1,2.8,1.5,0.544,0.71,0.422,0.296
1243,1.5,0.1,1,3.2,1.5,0.552,0.738,0.428,0.27
1244,1.5,0.1,1,3.6,1.5,0.608,0.742,0.414,0.248
1245,1.5,0.1,1,2.8,2,0.544,0.718,0.426,0.248
1246,1.5,0.1,1,3.2,2,0.556,0.762,0.436,0.238
1247,1.5,0.1,1,3.6,2,0.552,0.782,0.406,0.218
1248,1.5,0.3,0.5,2.8,0.5,0.582,0.594,0.426,0.394
1249,1.5,0.3,0.5,3.2,0.5,0.62,0.648,0.398,0.374
1250,1.5,0.3,0.5,3.6,0.5,0.552,0.63,0.41,0.402
1251,1.5,0.3,0.5,2.8,1,0.592,0.636,0.406,0.374
1252,1.5,0.3,0.5,3.2,1,0.584,0.664,0.452,0.306
1253,1.5,0.3,0.5,3.6,1,0.58,0.714,0.438,0.292
1254,1.5,0.3,0.5,2.8,1.5,0.618,0.68,0.392,0.366
1255,1.5,0.3,0.5,3.2,1.5,0.578,0.748,0.446,0.258
1256,1.5,0.3,0.5,3.6,1.5,0.576,0.73,0.404,0.24
1257,1.5,0.3,0.5,2.8,2,0.586,0.714,0.404,0.268
1258,1.5,0.3,0.5,3.2,2,0.55,0.766,0.388,0.21
1259,1.5,0.3,0.5,3.6,2,0.598,0.784,0.412,0.2
1260,1.5,0.3,0.7,2.8,0.5,0.574,0.636,0.364,0.362
1261,1.5,0.3,0.7,3.2,0.5,0.56,0.646,0.43,0.412
1262,1.5,0.3,0.7,3.6,0.5,0.558,0.624,0.468,0.376
1263,1.5,0.3,0.7,2.8,1,0.602,0.692,0.44,0.34
1264,1.5,0.3,0.7,3.2,1,0.558,0.666,0.39,0.304
1265,1.5,0.3,0.7,3.6,1,0.57,0.702,0.45,0.312
1266,1.5,0.3,0.7,2.8,1.5,0.6,0.67,0.436,0.328
1267,1.5,0.3,0.7,3.2,1.5,0.536,0.694,0.414,0.256
1268,1.5,0.3,0.7,3.6,1.5,0.6,0.76,0.43,0.254
1269,1.5,0.3,0.7,2.8,2,0.598,0.736,0.434,0.274
1270,1.5,0.3,0.7,3.2,2,0.568,0.734,0.44,0.252
1271,1.5,0.3,0.7,3.6,2,0.578,0.784,0.44,0.192
1272,1.5,0.3,0.9,2.8,0.5,0.54,0.598,0.422,0.38
1273,1.5,0.3,0.9,3.2,0.5,0.576,0.64,0.454,0.388
1274,1.5,0.3,0.9,3.6,0.5,0.616,0.656,0.42,0.38
1275,1.5,0.3,0.9,2.8,1,0.558,0.624,0.41,0.308
1276,1.5,0.3,0.9,3.2,1,0.564,0.63,0.382,0.35
1277,1.5,0.3,0.9,3.6,1,0.58,0.702,0.42,0.316
1278,1.5,0.3,0.9,2.8,1.5,0.568,0.692,0.402,0.342
1279,1.5,0.3,0.9,3.2,1.5,0.524,0.704,0.414,0.246
1280,1.5,0.3,0.9,3.6,1.5,0.572,0.754,0.462,0.296
1281,1.5,0.3,0.9,2.8,2,0.58,0.724,0.418,0.326
1282,1.5,0.3,0.9,3.2,2,0.522,0.716,0.446,0.256
1283,1.5,0.3,0.9,3.6,2,0.586,0.748,0.412,0.192
1284,1.5,0.3,1,2.8,0.5,0.618,0.622,0.47,0.402
1285,1.5,0.3,1,3.2,0.5,0.558,0.612,0.432,0.386
1286,1.5,0.3,1,3.6,0.5,0.526,0.626,0.426,0.362
1287,1.5,0.3,1,2.8,1,0.572,0.662,0.448,0.358
1288,1.5,0.3,1,3.2,1,0.6,0.676,0.4,0.324
1289,1.5,0.3,1,3.6,1,0.524,0.694,0.386,0.322
1290,1.5,0.3,1,2.8,1.5,0.594,0.696,0.432,0.33
1291,1.5,0.3,1,3.2,1.5,0.552,0.702,0.412,0.254
1292,1.5,0.3,1,3.6,1.5,0.534,0.714,0.434,0.236
1293,1.5,0.3,1,2.8,2,0.562,0.724,0.44,0.278
1294,1.5,0.3,1,3.2,2,0.56,0.75,0.408,0.268
1295,1.5,0.3,1,3.6,2,0.596,0.774,0.448,0.19
1296,1.5,0.5,0.5,2.8,0.5,0.6,0.67,0.414,0.406
1297,1.5,0.5,0.5,3.2,0.5,0.554,0.612,0.428,0.366
1298,1.5,0.5,0.5,3.6,0.5,0.566,0.62,0.442,0.35
1299,1.5,0.5,0.5,2.8,1,0.57,0.702,0.37,0.324
1300,1.5,0.5,0.5,3.2,1,0.572,0.634,0.434,0.306
1301,1.5,0.5,0.5,3.6,1,0.584,0.722,0.444,0.316
1302,1.5,0.5,0.5,2.8,1.5,0.562,0.678,0.44,0.312
1303,1.5,0.5,0.5,3.2,1.5,0.572,0.726,0.402,0.31
1304,1.5,0.5,0.5,3.6,1.5,0.578,0.752,0.47,0.256
1305,1.5,0.5,0.5,2.8,2,0.552,0.73,0.444,0.27
1306,1.5,0.5,0.5,3.2,2,0.6,0.756,0.432,0.24
1307,1.5,0.5,0.5,3.6,2,0.558,0.776,0.432,0.208
1308,1.5,0.5,0.7,2.8,0.5,0.55,0.65,0.414,0.37
1309,1.5,0.5,0.7,3.2,0.5,0.614,0.598,0.404,0.374
1310,1.5,0.5,0.7,3.6,0.5,0.612,0.622,0.402,0.364
1311,1.5,0.5,0.7,2.8,1,0.576,0.644,0.456,0.328
1312,1.5,0.5,0.7,3.2,1,0.566,0.686,0.44,0.304
1313,1.5,0.5,0.7,3.6,1,0.568,0.688,0.406,0.33
1314,1.5,0.5,0.7,2.8,1.5,0.568,0.676,0.398,0.318
1315,1.5,0.5,0.7,3.2,1.5,0.572,0.73,0.44,0.328
1316,1.5,0.5,0.7,3.6,1.5,0.57,0.734,0.426,0.29
1317,1.5,0.5,0.7,2.8,2,0.556,0.712,0.418,0.272
1318,1.5,0.5,0.7,3.2,2,0.564,0.788,0.356,0.222
1319,1.5,0.5,0.7,3.6,2,0.566,0.79,0.428,0.224
1320,1.5,0.5,0.9,2.8,0.5,0.548,0.614,0.412,0.32
1321,1.5,0.5,0.9,3.2,0.5,0.558,0.618,0.44,0.394
1322,1.5,0.5,0.9,3.6,0.5,0.6,0.65,0.38,0.384
1323,1.5,0.5,0.9,2.8,1,0.608,0.664,0.414,0.356
1324,1.5,0.5,0.9,3.2,1,0.564,0.662,0.434,0.296
1325,1.5,0.5,0.9,3.6,1,0.606,0.672,0.4,0.292
1326,1.5,0.5,0.9,2.8,1.5,0.556,0.678,0.444,0.338
1327,1.5,0.5,0.9,3.2,1.5,0.586,0.718,0.414,0.262
1328,1.5,0.5,0.9,3.6,1.5,0.54,0.746,0.408,0.258
1329,1.5,0.5,0.9,2.8,2,0.596,0.688,0.458,0.286
1330,1.5,0.5,0.9,3.2,2,0.572,0.748,0.446,0.258
1331,1.5,0.5,0.9,3.6,2,0.564,0.778,0.48,0.216
1332,1.5,0.5,1,2.8,0.5,0.54,0.612,0.432,0.366
1333,1.5,0.5,1,3.2,0.5,0.572,0.652,0.406,0.37
1334,1.5,0.5,1,3.6,0.5,0.56,0.64,0.398,0.352
1335,1.5,0.5,1,2.8,1,0.572,0.624,0.426,0.36
1336,1.5,0.5,1,3.2,1,0.566,0.648,0.41,0.328
1337,1.5,0.5,1,3.6,1,0.604,0.706,0.416,0.304
1338,1.5,0.5,1,2.8,1.5,0.572,0.684,0.412,0.258
1339,1.5,0.5,1,3.2,1.5,0.556,0.734,0.442,0.27
1340,1.5,0.5,1,3.6,1.5,0.538,0.728,0.414,0.266
1341,1.5,0.5,1,2.8,2,0.612,0.75,0.434,0.292
1342,1.5,0.5,1,3.2,2,0.544,0.758,0.426,0.268
1343,1.5,0.5,1,3.6,2,0.582,0.794,0.418,0.22
1344,1.5,0.7,0.5,2.8,0.5,0.516,0.604,0.436,0.338
1345,1.5,0.7,0.5,3.2,0.5,0.546,0.616,0.398,0.402
1346,1.5,0.7,0.5,3.6,0.5,0.592,0.664,0.454,0.346
1347,1.5,0.7,0.5,2.8,1,0.632,0.698,0.41,0.356
1348,1.5,0.7,0.5,3.2,1,0.626,0.688,0.414,0.338
1349,1.5,0.7,0.5,3.6,1,0.61,0.712,0.45,0.316
1350,1.5,0.7,0.5,2.8,1.5,0.588,0.674,0.434,0.346
1351,1.5,0.7,0.5,3.2,1.5,0.562,0.724,0.416,0.326
1352,1.5,0.7,0.5,3.6,1.5,0.604,0.752,0.4,0.31
1353,1.5,0.7,0.5,2.8,2,0.558,0.684,0.462,0.336
1354,1.5,0.7,0.5,3.2,2,0.522,0.746,0.42,0.232
1355,1.5,0.7,0.5,3.6,2,0.598,0.8,0.452,0.232
1356,1.5,0.7,0.7,2.8,0.5,0.62,0.61,0.432,0.388
1357,1.5,0.7,0.7,3.2,0.5,0.578,0.63,0.384,0.394
1358,1.5,0.7,0.7,3.6,0.5,0.604,0.634,0.426,0.32
1359,1.5,0.7,0.7,2.8,1,0.56,0.646,0.414,0.36
1360,1.5,0.7,0.7,3.2,1,0.576,0.68,0.398,0.33
1361,1.5,0.7,0.7,3.6,1,0.59,0.696,0.428,0.352
1362,1.5,0.7,0.7,2.8,1.5,0.548,0.702,0.422,0.272
1363,1.5,0.7,0.7,3.2,1.5,0.56,0.726,0.432,0.306
1364,1.5,0.7,0.7,3.6,1.5,0.546,0.772,0.434,0.27
1365,1.5,0.7,0.7,2.8,2,0.608,0.718,0.436,0.292
1366,1.5,0.7,0.7,3.2,2,0.572,0.764,0.394,0.242
1367,1.5,0.7,0.7,3.6,2,0.594,0.796,0.408,0.222
1368,1.5,0.7,0.9,2.8,0.5,0.554,0.624,0.448,0.39
1369,1.5,0.7,0.9,3.2,0.5,0.572,0.638,0.408,0.378
1370,1.5,0.7,0.9,3.6,0.5,0.564,0.648,0.408,0.374
1371,1.5,0.7,0.9,2.8,1,0.568,0.642,0.42,0.35
1372,1.5,0.7,0.9,3.2,1,0.574,0.668,0.442,0.336
1373,1.5,0.7,0.9,3.6,1,0.574,0.688,0.424,0.318
1374,1.5,0.7,0.9,2.8,1.5,0.546,0.682,0.43,0.298
1375,1.5,0.7,0.9,3.2,1.5,0.606,0.712,0.422,0.292
1376,1.5,0.7,0.9,3.6,1.5,0.586,0.736,0.45,0.254
1377,1.5,0.7,0.9,2.8,2,0.576,0.732,0.416,0.27
1378,1.5,0.7,0.9,3.2,2,0.564,0.758,0.392,0.268
1379,1.5,0.7,0.9,3.6,2,0.56,0.742,0.438,0.254
1380,1.5,0.7,1,2.8,0.5,0.578,0.62,0.418,0.41
1381,1.5,0.7,1,3.2,0.5,0.568,0.604,0.43,0.392
1382,1.5,0.7,1,3.6,0.5,0.532,0.658,0.438,0.354
1383,1.5,0.7,1,2.8,1,0.578,0.66,0.398,0.344
1384,1.5,0.7,1,3.2,1,0.592,0.7,0.416,0.342
1385,1.5,0.7,1,3.6,1,0.586,0.686,0.424,0.35
1386,1.5,0.7,1,2.8,1.5,0.602,0.696,0.474,0.32
1387,1.5,0.7,1,3.2,1.5,0.604,0.688,0.404,0.308
1388,1.5,0.7,1,3.6,1.5,0.602,0.702,0.364,0.29
1389,1.5,0.7,1,2.8,2,0.598,0.706,0.418,0.234
1390,1.5,0.7,1,3.2,2,0.556,0.758,0.446,0.246
1391,1.5,0.7,1,3.6,2,0.608,0.786,0.402,0.22
1392,1.5,0.9,0.5,2.8,0.5,0.556,0.594,0.428,0.406
1393,1.5,0.9,0.5,3.2,0.5,0.562,0.646,0.412,0.384
1394,1.5,0.9,0.5,3.6,0.5,0.552,0.608,0.406,0.346
1395,1.5,0.9,0.5,2.8,1,0.588,0.636,0.428,0.382
1396,1.5,0.9,0.5,3.2,1,0.528,0.68,0.41,0.372
1397,1.5,0.9,0.5,3.6,1,0.62,0.648,0.416,0.33
1398,1.5,0.9,0.5,2.8,1.5,0.546,0.686,0.426,0.316
1399,1.5,0.9,0.5,3.2,1.5,0.594,0.728,0.408,0.278
1400,1.5,0.9,0.5,3.6,1.5,0.552,0.764,0.436,0.246
1401,1.5,0.9,0.5,2.8,2,0.562,0.712,0.428,0.268
1402,1.5,0.9,0.5,3.2,2,0.596,0.76,0.438,0.246
1403,1.5,0.9,0.5,3.6,2,0.556,0.8,0.444,0.19
1404,1.5,0.9,0.7,2.8,0.5,0.584,0.562,0.432,0.392
1405,1.5,0.9,0.7,3.2,0.5,0.578,0.6,0.442,0.392
1406,1.5,0.9,0.7,3.6,0.5,0.578,0.648,0.404,0.328
1407,1.5,0.9,0.7,2.8,1,0.584,0.67,0.422,0.382
1408,1.5,0.9,0.7,3.2,1,0.582,0.676,0.454,0.314
1409,1.5,0.9,0.7,3.6,1,0.59,0.694,0.428,0.304
1410,1.5,0.9,0.7,2.8,1.5,0.58,0.686,0.45,0.312
1411,1.5,0.9,0.7,3.2,1.5,0.592,0.682,0.44,0.272
1412,1.5,0.9,0.7,3.6,1.5,0.562,0.754,0.432,0.29
1413,1.5,0.9,0.7,2.8,2,0.592,0.754,0.442,0.312
1414,1.5,0.9,0.7,3.2,2,0.576,0.738,0.394,0.276
1415,1.5,0.9,0.7,3.6,2,0.574,0.798,0.388,0.198
1416,1.5,0.9,0.9,2.8,0.5,0.588,0.596,0.43,0.39
1417,1.5,0.9,0.9,3.2,0.5,0.576,0.646,0.444,0.38
1418,1.5,0.9,0.9,3.6,0.5,0.588,0.644,0.422,0.362
1419,1.5,0.9,0.9,2.8,1,0.576,0.702,0.418,0.376
1420,1.5,0.9,0.9,3.2,1,0.576,0.67,0.432,0.332
1421,1.5,0.9,0.9,3.6,1,0.588,0.676,0.4,0.282
1422,1.5,0.9,0.9,2.8,1.5,0.592,0.702,0.414,0.318
1423,1.5,0.9,0.9,3.2,1.5,0.556,0.738,0.414,0.292
1424,1.5,0.9,0.9,3.6,1.5,0.556,0.732,0.404,0.274
1425,1.5,0.9,0.9,2.8,2,0.604,0.738,0.43,0.268
1426,1.5,0.9,0.9,3.2,2,0.596,0.742,0.418,0.198
1427,1.5,0.9,0.9,3.6,2,0.568,0.82,0.38,0.22
1428,1.5,0.9,1,2.8,0.5,0.576,0.624,0.46,0.364
1429,1.5,0.9,1,3.2,0.5,0.62,0.616,0.402,0.358
1430,1.5,0.9,1,3.6,0.5,0.568,0.656,0.418,0.35
1431,1.5,0.9,1,2.8,1,0.558,0.622,0.42,0.36
1432,1.5,0.9,1,3.2,1,0.554,0.712,0.418,0.352
1433,1.5,0.9,1,3.6,1,0.586,0.686,0.43,0.322
1434,1.5,0.9,1,2.8,1.5,0.62,0.68,0.398,0.352
1435,1.5,0.9,1,3.2,1.5,0.57,0.732,0.43,0.304
1436,1.5,0.9,1,3.6,1.5,0.576,0.746,0.43,0.244
1437,1.5,0.9,1,2.8,2,0.568,0.706,0.414,0.288
1438,1.5,0.9,1,3.2,2,0.586,0.77,0.378,0.252
1439,1.5,0.9,1,3.6,2,0.578,0.822,0.478,0.218